case,classification,delta_elements,witness_elements,structural_deletion_agreement,enumerated_minimum_agreement,subsets_examined,sufficient_subsets,principal_filter_disagreements
tiny-00000,absent,0,0,1,1,1,1,0
tiny-00001,absent,0,0,1,1,1,1,0
tiny-00002,absent,1,1,1,1,2,1,0
tiny-00003,absent,1,0,1,1,2,2,0
tiny-00004,absent,1,0,1,1,2,2,0
tiny-00005,absent,1,1,1,1,2,1,0
tiny-00006,absent,2,1,1,1,4,2,0
tiny-00007,absent,2,1,1,1,4,2,0
tiny-00008,absent,1,0,1,1,2,2,0
tiny-00009,absent,1,1,1,1,2,1,0
tiny-00010,absent,2,1,1,1,4,2,0
tiny-00011,absent,2,1,1,1,4,2,0
tiny-00012,newly_justified,1,1,1,1,2,1,0
tiny-00013,newly_justified,1,1,1,1,2,1,0
tiny-00014,unresolved,2,2,1,1,4,1,0
tiny-00015,newly_justified,2,1,1,1,4,2,0
tiny-00016,newly_justified,2,1,1,1,4,2,0
tiny-00017,absent,2,1,1,1,4,2,0
tiny-00018,unresolved,3,2,1,1,8,2,0
tiny-00019,absent,3,1,1,1,8,4,0
tiny-00020,newly_justified,2,1,1,1,4,2,0
tiny-00021,newly_justified,2,2,1,1,4,1,0
tiny-00022,unresolved,3,2,1,1,8,2,0
tiny-00023,newly_justified,3,2,1,1,8,2,0
tiny-00024,unresolved,1,1,1,1,2,1,0
tiny-00025,unresolved,1,1,1,1,2,1,0
tiny-00026,unresolved,2,2,1,1,4,1,0
tiny-00027,unresolved,2,1,1,1,4,2,0
tiny-00028,unresolved,2,1,1,1,4,2,0
tiny-00029,absent,2,1,1,1,4,2,0
tiny-00030,unresolved,3,2,1,1,8,2,0
tiny-00031,absent,3,1,1,1,8,4,0
tiny-00032,unresolved,2,1,1,1,4,2,0
tiny-00033,unresolved,2,2,1,1,4,1,0
tiny-00034,unresolved,3,2,1,1,8,2,0
tiny-00035,unresolved,3,2,1,1,8,2,0
tiny-00036,absent,1,0,1,1,2,2,0
tiny-00037,absent,1,1,1,1,2,1,0
tiny-00038,absent,2,1,1,1,4,2,0
tiny-00039,absent,2,1,1,1,4,2,0
tiny-00040,absent,2,0,1,1,4,4,0
tiny-00041,absent,2,1,1,1,4,2,0
tiny-00042,absent,3,1,1,1,8,4,0
tiny-00043,absent,3,1,1,1,8,4,0
tiny-00044,absent,2,0,1,1,4,4,0
tiny-00045,absent,2,2,1,1,4,1,0
tiny-00046,absent,3,1,1,1,8,4,0
tiny-00047,absent,3,2,1,1,8,2,0
tiny-00048,newly_justified,2,1,1,1,4,2,0
tiny-00049,absent,2,2,1,1,4,1,0
tiny-00050,unresolved,3,2,1,1,8,2,0
tiny-00051,absent,3,2,1,1,8,2,0
tiny-00052,newly_justified,3,1,1,1,8,4,0
tiny-00053,absent,3,1,1,1,8,4,0
tiny-00054,unresolved,4,2,1,1,16,4,0
tiny-00055,absent,4,1,1,1,16,8,0
tiny-00056,newly_justified,3,1,1,1,8,4,0
tiny-00057,absent,3,3,1,1,8,1,0
tiny-00058,unresolved,4,2,1,1,16,4,0
tiny-00059,absent,4,3,1,1,16,2,0
tiny-00060,unresolved,2,1,1,1,4,2,0
tiny-00061,absent,2,2,1,1,4,1,0
tiny-00062,unresolved,3,2,1,1,8,2,0
tiny-00063,absent,3,2,1,1,8,2,0
tiny-00064,unresolved,3,1,1,1,8,4,0
tiny-00065,absent,3,1,1,1,8,4,0
tiny-00066,unresolved,4,2,1,1,16,4,0
tiny-00067,absent,4,1,1,1,16,8,0
tiny-00068,unresolved,3,1,1,1,8,4,0
tiny-00069,absent,3,3,1,1,8,1,0
tiny-00070,unresolved,4,2,1,1,16,4,0
tiny-00071,absent,4,3,1,1,16,2,0
tiny-00072,absent,1,0,1,1,2,2,0
tiny-00073,absent,1,1,1,1,2,1,0
tiny-00074,absent,2,1,1,1,4,2,0
tiny-00075,absent,2,1,1,1,4,2,0
tiny-00076,absent,2,0,1,1,4,4,0
tiny-00077,absent,2,1,1,1,4,2,0
tiny-00078,absent,3,1,1,1,8,4,0
tiny-00079,absent,3,1,1,1,8,4,0
tiny-00080,absent,2,0,1,1,4,4,0
tiny-00081,absent,2,2,1,1,4,1,0
tiny-00082,absent,3,1,1,1,8,4,0
tiny-00083,absent,3,2,1,1,8,2,0
tiny-00084,newly_justified,2,1,1,1,4,2,0
tiny-00085,unresolved,2,2,1,1,4,1,0
tiny-00086,unresolved,3,2,1,1,8,2,0
tiny-00087,unresolved,3,2,1,1,8,2,0
tiny-00088,newly_justified,3,1,1,1,8,4,0
tiny-00089,absent,3,1,1,1,8,4,0
tiny-00090,unresolved,4,2,1,1,16,4,0
tiny-00091,absent,4,1,1,1,16,8,0
tiny-00092,newly_justified,3,1,1,1,8,4,0
tiny-00093,unresolved,3,3,1,1,8,1,0
tiny-00094,unresolved,4,2,1,1,16,4,0
tiny-00095,unresolved,4,3,1,1,16,2,0
tiny-00096,unresolved,2,1,1,1,4,2,0
tiny-00097,unresolved,2,2,1,1,4,1,0
tiny-00098,unresolved,3,2,1,1,8,2,0
tiny-00099,unresolved,3,2,1,1,8,2,0
tiny-00100,unresolved,3,1,1,1,8,4,0
tiny-00101,absent,3,1,1,1,8,4,0
tiny-00102,unresolved,4,2,1,1,16,4,0
tiny-00103,absent,4,1,1,1,16,8,0
tiny-00104,unresolved,3,1,1,1,8,4,0
tiny-00105,unresolved,3,3,1,1,8,1,0
tiny-00106,unresolved,4,2,1,1,16,4,0
tiny-00107,unresolved,4,3,1,1,16,2,0
tiny-00108,absent,1,1,1,1,2,1,0
tiny-00109,absent,1,0,1,1,2,2,0
tiny-00110,absent,2,1,1,1,4,2,0
tiny-00111,absent,2,0,1,1,4,4,0
tiny-00112,absent,2,1,1,1,4,2,0
tiny-00113,absent,2,1,1,1,4,2,0
tiny-00114,absent,3,1,1,1,8,4,0
tiny-00115,absent,3,1,1,1,8,4,0
tiny-00116,absent,2,1,1,not sampled,0,0,0
tiny-00117,absent,2,1,1,not sampled,0,0,0
tiny-00118,absent,3,1,1,not sampled,0,0,0
tiny-00119,absent,3,1,1,not sampled,0,0,0
tiny-00120,absent,2,2,1,not sampled,0,0,0
tiny-00121,newly_justified,2,1,1,1,4,2,0
tiny-00122,unresolved,3,2,1,1,8,2,0
tiny-00123,newly_justified,3,1,1,1,8,4,0
tiny-00124,absent,3,2,1,not sampled,0,0,0
tiny-00125,absent,3,1,1,not sampled,0,0,0
tiny-00126,unresolved,4,2,1,1,16,4,0
tiny-00127,absent,4,1,1,not sampled,0,0,0
tiny-00128,absent,3,2,1,not sampled,0,0,0
tiny-00129,newly_justified,3,2,1,1,8,2,0
tiny-00130,unresolved,4,2,1,1,16,4,0
tiny-00131,newly_justified,4,2,1,1,16,4,0
tiny-00132,absent,2,2,1,not sampled,0,0,0
tiny-00133,unresolved,2,1,1,1,4,2,0
tiny-00134,unresolved,3,2,1,1,8,2,0
tiny-00135,unresolved,3,1,1,1,8,4,0
tiny-00136,absent,3,2,1,not sampled,0,0,0
tiny-00137,absent,3,1,1,not sampled,0,0,0
tiny-00138,unresolved,4,2,1,1,16,4,0
tiny-00139,absent,4,1,1,not sampled,0,0,0
tiny-00140,absent,3,2,1,not sampled,0,0,0
tiny-00141,unresolved,3,2,1,1,8,2,0
tiny-00142,unresolved,4,2,1,1,16,4,0
tiny-00143,unresolved,4,2,1,1,16,4,0
tiny-00144,absent,2,1,1,not sampled,0,0,0
tiny-00145,absent,2,1,1,not sampled,0,0,0
tiny-00146,absent,3,1,1,not sampled,0,0,0
tiny-00147,absent,3,1,1,not sampled,0,0,0
tiny-00148,absent,3,1,1,not sampled,0,0,0
tiny-00149,absent,3,1,1,not sampled,0,0,0
tiny-00150,absent,4,1,1,not sampled,0,0,0
tiny-00151,absent,4,1,1,not sampled,0,0,0
tiny-00152,absent,3,1,1,not sampled,0,0,0
tiny-00153,absent,3,2,1,not sampled,0,0,0
tiny-00154,absent,4,1,1,not sampled,0,0,0
tiny-00155,absent,4,2,1,not sampled,0,0,0
tiny-00156,absent,3,2,1,not sampled,0,0,0
tiny-00157,absent,3,2,1,not sampled,0,0,0
tiny-00158,unresolved,4,2,1,1,16,4,0
tiny-00159,absent,4,2,1,not sampled,0,0,0
tiny-00160,absent,4,2,1,not sampled,0,0,0
tiny-00161,absent,4,1,1,not sampled,0,0,0
tiny-00162,unresolved,5,2,1,1,32,8,0
tiny-00163,absent,5,1,1,not sampled,0,0,0
tiny-00164,absent,4,2,1,not sampled,0,0,0
tiny-00165,absent,4,3,1,not sampled,0,0,0
tiny-00166,unresolved,5,2,1,1,32,8,0
tiny-00167,absent,5,3,1,not sampled,0,0,0
tiny-00168,absent,3,2,1,not sampled,0,0,0
tiny-00169,absent,3,2,1,not sampled,0,0,0
tiny-00170,unresolved,4,2,1,1,16,4,0
tiny-00171,absent,4,2,1,not sampled,0,0,0
tiny-00172,absent,4,2,1,not sampled,0,0,0
tiny-00173,absent,4,1,1,not sampled,0,0,0
tiny-00174,unresolved,5,2,1,1,32,8,0
tiny-00175,absent,5,1,1,not sampled,0,0,0
tiny-00176,absent,4,2,1,not sampled,0,0,0
tiny-00177,absent,4,3,1,not sampled,0,0,0
tiny-00178,unresolved,5,2,1,1,32,8,0
tiny-00179,absent,5,3,1,not sampled,0,0,0
tiny-00180,absent,2,1,1,not sampled,0,0,0
tiny-00181,absent,2,1,1,not sampled,0,0,0
tiny-00182,absent,3,1,1,not sampled,0,0,0
tiny-00183,absent,3,1,1,not sampled,0,0,0
tiny-00184,absent,3,1,1,not sampled,0,0,0
tiny-00185,absent,3,1,1,not sampled,0,0,0
tiny-00186,absent,4,1,1,not sampled,0,0,0
tiny-00187,absent,4,1,1,not sampled,0,0,0
tiny-00188,absent,3,1,1,not sampled,0,0,0
tiny-00189,absent,3,2,1,not sampled,0,0,0
tiny-00190,absent,4,1,1,not sampled,0,0,0
tiny-00191,absent,4,2,1,not sampled,0,0,0
tiny-00192,absent,3,2,1,not sampled,0,0,0
tiny-00193,unresolved,3,2,1,1,8,2,0
tiny-00194,unresolved,4,2,1,1,16,4,0
tiny-00195,unresolved,4,2,1,1,16,4,0
tiny-00196,absent,4,2,1,not sampled,0,0,0
tiny-00197,absent,4,1,1,not sampled,0,0,0
tiny-00198,unresolved,5,2,1,1,32,8,0
tiny-00199,absent,5,1,1,not sampled,0,0,0
tiny-00200,absent,4,2,1,not sampled,0,0,0
tiny-00201,unresolved,4,3,1,1,16,2,0
tiny-00202,unresolved,5,2,1,1,32,8,0
tiny-00203,unresolved,5,3,1,1,32,4,0
tiny-00204,absent,3,2,1,not sampled,0,0,0
tiny-00205,unresolved,3,2,1,1,8,2,0
tiny-00206,unresolved,4,2,1,1,16,4,0
tiny-00207,unresolved,4,2,1,not sampled,0,0,0
tiny-00208,absent,4,2,1,not sampled,0,0,0
tiny-00209,absent,4,1,1,not sampled,0,0,0
tiny-00210,unresolved,5,2,1,not sampled,0,0,0
tiny-00211,absent,5,1,1,not sampled,0,0,0
tiny-00212,absent,4,2,1,not sampled,0,0,0
tiny-00213,unresolved,4,3,1,not sampled,0,0,0
tiny-00214,unresolved,5,2,1,not sampled,0,0,0
tiny-00215,unresolved,5,3,1,not sampled,0,0,0
tiny-00216,absent,1,1,1,not sampled,0,0,0
tiny-00217,absent,1,0,1,not sampled,0,0,0
tiny-00218,absent,2,1,1,not sampled,0,0,0
tiny-00219,absent,2,0,1,not sampled,0,0,0
tiny-00220,absent,2,1,1,not sampled,0,0,0
tiny-00221,absent,2,1,1,not sampled,0,0,0
tiny-00222,absent,3,1,1,not sampled,0,0,0
tiny-00223,absent,3,1,1,not sampled,0,0,0
tiny-00224,absent,2,1,1,not sampled,0,0,0
tiny-00225,absent,2,1,1,not sampled,0,0,0
tiny-00226,absent,3,1,1,not sampled,0,0,0
tiny-00227,absent,3,1,1,not sampled,0,0,0
tiny-00228,unresolved,2,2,1,not sampled,0,0,0
tiny-00229,newly_justified,2,1,1,1,4,2,0
tiny-00230,unresolved,3,2,1,not sampled,0,0,0
tiny-00231,newly_justified,3,1,1,1,8,4,0
tiny-00232,unresolved,3,2,1,not sampled,0,0,0
tiny-00233,absent,3,1,1,not sampled,0,0,0
tiny-00234,unresolved,4,2,1,not sampled,0,0,0
tiny-00235,absent,4,1,1,not sampled,0,0,0
tiny-00236,unresolved,3,2,1,not sampled,0,0,0
tiny-00237,newly_justified,3,2,1,1,8,2,0
tiny-00238,unresolved,4,2,1,not sampled,0,0,0
tiny-00239,newly_justified,4,2,1,1,16,4,0
tiny-00240,unresolved,2,2,1,not sampled,0,0,0
tiny-00241,unresolved,2,1,1,not sampled,0,0,0
tiny-00242,unresolved,3,2,1,not sampled,0,0,0
tiny-00243,unresolved,3,1,1,not sampled,0,0,0
tiny-00244,unresolved,3,2,1,not sampled,0,0,0
tiny-00245,absent,3,1,1,not sampled,0,0,0
tiny-00246,unresolved,4,2,1,not sampled,0,0,0
tiny-00247,absent,4,1,1,not sampled,0,0,0
tiny-00248,unresolved,3,2,1,not sampled,0,0,0
tiny-00249,unresolved,3,2,1,not sampled,0,0,0
tiny-00250,unresolved,4,2,1,not sampled,0,0,0
tiny-00251,unresolved,4,2,1,not sampled,0,0,0
tiny-00252,absent,2,1,1,not sampled,0,0,0
tiny-00253,absent,2,1,1,not sampled,0,0,0
tiny-00254,absent,3,1,1,not sampled,0,0,0
tiny-00255,absent,3,1,1,not sampled,0,0,0
tiny-00256,absent,3,1,1,not sampled,0,0,0
tiny-00257,absent,3,1,1,not sampled,0,0,0
tiny-00258,absent,4,1,1,not sampled,0,0,0
tiny-00259,absent,4,1,1,not sampled,0,0,0
tiny-00260,absent,3,1,1,not sampled,0,0,0
tiny-00261,absent,3,2,1,not sampled,0,0,0
tiny-00262,absent,4,1,1,not sampled,0,0,0
tiny-00263,absent,4,2,1,not sampled,0,0,0
tiny-00264,unresolved,3,2,1,not sampled,0,0,0
tiny-00265,absent,3,2,1,not sampled,0,0,0
tiny-00266,unresolved,4,2,1,not sampled,0,0,0
tiny-00267,absent,4,2,1,not sampled,0,0,0
tiny-00268,unresolved,4,2,1,not sampled,0,0,0
tiny-00269,absent,4,1,1,not sampled,0,0,0
tiny-00270,unresolved,5,2,1,not sampled,0,0,0
tiny-00271,absent,5,1,1,not sampled,0,0,0
tiny-00272,unresolved,4,2,1,not sampled,0,0,0
tiny-00273,absent,4,3,1,not sampled,0,0,0
tiny-00274,unresolved,5,2,1,not sampled,0,0,0
tiny-00275,absent,5,3,1,not sampled,0,0,0
tiny-00276,unresolved,3,2,1,not sampled,0,0,0
tiny-00277,absent,3,2,1,not sampled,0,0,0
tiny-00278,unresolved,4,2,1,not sampled,0,0,0
tiny-00279,absent,4,2,1,not sampled,0,0,0
tiny-00280,unresolved,4,2,1,not sampled,0,0,0
tiny-00281,absent,4,1,1,not sampled,0,0,0
tiny-00282,unresolved,5,2,1,not sampled,0,0,0
tiny-00283,absent,5,1,1,not sampled,0,0,0
tiny-00284,unresolved,4,2,1,not sampled,0,0,0
tiny-00285,absent,4,3,1,not sampled,0,0,0
tiny-00286,unresolved,5,2,1,not sampled,0,0,0
tiny-00287,absent,5,3,1,not sampled,0,0,0
tiny-00288,absent,2,1,1,not sampled,0,0,0
tiny-00289,absent,2,1,1,not sampled,0,0,0
tiny-00290,absent,3,1,1,not sampled,0,0,0
tiny-00291,absent,3,1,1,not sampled,0,0,0
tiny-00292,absent,3,1,1,not sampled,0,0,0
tiny-00293,absent,3,1,1,not sampled,0,0,0
tiny-00294,absent,4,1,1,not sampled,0,0,0
tiny-00295,absent,4,1,1,not sampled,0,0,0
tiny-00296,absent,3,1,1,not sampled,0,0,0
tiny-00297,absent,3,2,1,not sampled,0,0,0
tiny-00298,absent,4,1,1,not sampled,0,0,0
tiny-00299,absent,4,2,1,not sampled,0,0,0
tiny-00300,unresolved,3,2,1,not sampled,0,0,0
tiny-00301,unresolved,3,2,1,not sampled,0,0,0
tiny-00302,unresolved,4,2,1,not sampled,0,0,0
tiny-00303,unresolved,4,2,1,not sampled,0,0,0
tiny-00304,unresolved,4,2,1,not sampled,0,0,0
tiny-00305,absent,4,1,1,not sampled,0,0,0
tiny-00306,unresolved,5,2,1,not sampled,0,0,0
tiny-00307,absent,5,1,1,not sampled,0,0,0
tiny-00308,unresolved,4,2,1,not sampled,0,0,0
tiny-00309,unresolved,4,3,1,not sampled,0,0,0
tiny-00310,unresolved,5,2,1,not sampled,0,0,0
tiny-00311,unresolved,5,3,1,not sampled,0,0,0
tiny-00312,unresolved,3,2,1,not sampled,0,0,0
tiny-00313,unresolved,3,2,1,not sampled,0,0,0
tiny-00314,unresolved,4,2,1,not sampled,0,0,0
tiny-00315,unresolved,4,2,1,not sampled,0,0,0
tiny-00316,unresolved,4,2,1,not sampled,0,0,0
tiny-00317,absent,4,1,1,not sampled,0,0,0
tiny-00318,unresolved,5,2,1,not sampled,0,0,0
tiny-00319,absent,5,1,1,not sampled,0,0,0
tiny-00320,unresolved,4,2,1,not sampled,0,0,0
tiny-00321,unresolved,4,3,1,not sampled,0,0,0
tiny-00322,unresolved,5,2,1,not sampled,0,0,0
tiny-00323,unresolved,5,3,1,not sampled,0,0,0
tiny-00324,invalidated,1,1,1,1,2,1,0
tiny-00325,invalidated,1,1,1,1,2,1,0
tiny-00326,invalidated,2,2,1,1,4,1,0
tiny-00327,invalidated,2,1,1,1,4,2,0
tiny-00328,invalidated,2,1,1,1,4,2,0
tiny-00329,invalidated,2,1,1,1,4,2,0
tiny-00330,invalidated,3,2,1,1,8,2,0
tiny-00331,invalidated,3,1,1,1,8,4,0
tiny-00332,invalidated,2,1,1,1,4,2,0
tiny-00333,absent,2,2,1,not sampled,0,0,0
tiny-00334,invalidated,3,2,1,1,8,2,0
tiny-00335,absent,3,2,1,not sampled,0,0,0
tiny-00336,preserved,0,0,1,1,1,1,0
tiny-00337,preserved,0,0,1,1,1,1,0
tiny-00338,unresolved,1,1,1,not sampled,0,0,0
tiny-00339,preserved,1,0,1,1,2,2,0
tiny-00340,preserved,1,0,1,1,2,2,0
tiny-00341,invalidated,1,1,1,1,2,1,0
tiny-00342,unresolved,2,1,1,not sampled,0,0,0
tiny-00343,invalidated,2,1,1,1,4,2,0
tiny-00344,preserved,1,0,1,1,2,2,0
tiny-00345,newly_justified,1,1,1,1,2,1,0
tiny-00346,unresolved,2,1,1,not sampled,0,0,0
tiny-00347,newly_justified,2,1,1,1,4,2,0
tiny-00348,unresolved,1,1,1,not sampled,0,0,0
tiny-00349,unresolved,1,1,1,not sampled,0,0,0
tiny-00350,unresolved,2,2,1,not sampled,0,0,0
tiny-00351,unresolved,2,1,1,not sampled,0,0,0
tiny-00352,unresolved,2,1,1,not sampled,0,0,0
tiny-00353,invalidated,2,1,1,1,4,2,0
tiny-00354,unresolved,3,2,1,not sampled,0,0,0
tiny-00355,invalidated,3,1,1,1,8,4,0
tiny-00356,unresolved,2,1,1,not sampled,0,0,0
tiny-00357,unresolved,2,2,1,not sampled,0,0,0
tiny-00358,unresolved,3,2,1,not sampled,0,0,0
tiny-00359,unresolved,3,2,1,not sampled,0,0,0
tiny-00360,invalidated,2,1,1,1,4,2,0
tiny-00361,invalidated,2,2,1,1,4,1,0
tiny-00362,invalidated,3,2,1,1,8,2,0
tiny-00363,invalidated,3,2,1,1,8,2,0
tiny-00364,invalidated,3,1,1,1,8,4,0
tiny-00365,invalidated,3,1,1,1,8,4,0
tiny-00366,invalidated,4,2,1,1,16,4,0
tiny-00367,invalidated,4,1,1,1,16,8,0
tiny-00368,invalidated,3,1,1,1,8,4,0
tiny-00369,absent,3,3,1,not sampled,0,0,0
tiny-00370,invalidated,4,2,1,1,16,4,0
tiny-00371,absent,4,3,1,not sampled,0,0,0
tiny-00372,preserved,1,0,1,1,2,2,0
tiny-00373,invalidated,1,1,1,1,2,1,0
tiny-00374,unresolved,2,1,1,not sampled,0,0,0
tiny-00375,invalidated,2,1,1,1,4,2,0
tiny-00376,preserved,2,0,1,1,4,4,0
tiny-00377,invalidated,2,1,1,1,4,2,0
tiny-00378,unresolved,3,1,1,not sampled,0,0,0
tiny-00379,invalidated,3,1,1,1,8,4,0
tiny-00380,preserved,2,0,1,1,4,4,0
tiny-00381,absent,2,2,1,not sampled,0,0,0
tiny-00382,unresolved,3,1,1,not sampled,0,0,0
tiny-00383,absent,3,2,1,not sampled,0,0,0
tiny-00384,unresolved,2,1,1,not sampled,0,0,0
tiny-00385,invalidated,2,2,1,1,4,1,0
tiny-00386,unresolved,3,2,1,not sampled,0,0,0
tiny-00387,invalidated,3,2,1,1,8,2,0
tiny-00388,unresolved,3,1,1,not sampled,0,0,0
tiny-00389,invalidated,3,1,1,1,8,4,0
tiny-00390,unresolved,4,2,1,not sampled,0,0,0
tiny-00391,invalidated,4,1,1,1,16,8,0
tiny-00392,unresolved,3,1,1,not sampled,0,0,0
tiny-00393,absent,3,3,1,not sampled,0,0,0
tiny-00394,unresolved,4,2,1,not sampled,0,0,0
tiny-00395,absent,4,3,1,not sampled,0,0,0
tiny-00396,invalidated,2,1,1,1,4,2,0
tiny-00397,invalidated,2,2,1,1,4,1,0
tiny-00398,invalidated,3,2,1,1,8,2,0
tiny-00399,invalidated,3,2,1,1,8,2,0
tiny-00400,invalidated,3,1,1,1,8,4,0
tiny-00401,invalidated,3,1,1,1,8,4,0
tiny-00402,invalidated,4,2,1,1,16,4,0
tiny-00403,invalidated,4,1,1,1,16,8,0
tiny-00404,invalidated,3,1,1,1,8,4,0
tiny-00405,absent,3,3,1,not sampled,0,0,0
tiny-00406,invalidated,4,2,1,1,16,4,0
tiny-00407,absent,4,3,1,not sampled,0,0,0
tiny-00408,preserved,1,0,1,1,2,2,0
tiny-00409,unresolved,1,1,1,not sampled,0,0,0
tiny-00410,unresolved,2,1,1,not sampled,0,0,0
tiny-00411,unresolved,2,1,1,not sampled,0,0,0
tiny-00412,preserved,2,0,1,1,4,4,0
tiny-00413,invalidated,2,1,1,1,4,2,0
tiny-00414,unresolved,3,1,1,not sampled,0,0,0
tiny-00415,invalidated,3,1,1,1,8,4,0
tiny-00416,preserved,2,0,1,1,4,4,0
tiny-00417,unresolved,2,2,1,not sampled,0,0,0
tiny-00418,unresolved,3,1,1,not sampled,0,0,0
tiny-00419,unresolved,3,2,1,not sampled,0,0,0
tiny-00420,unresolved,2,1,1,not sampled,0,0,0
tiny-00421,unresolved,2,2,1,not sampled,0,0,0
tiny-00422,unresolved,3,2,1,not sampled,0,0,0
tiny-00423,unresolved,3,2,1,not sampled,0,0,0
tiny-00424,unresolved,3,1,1,not sampled,0,0,0
tiny-00425,invalidated,3,1,1,1,8,4,0
tiny-00426,unresolved,4,2,1,not sampled,0,0,0
tiny-00427,invalidated,4,1,1,1,16,8,0
tiny-00428,unresolved,3,1,1,not sampled,0,0,0
tiny-00429,unresolved,3,3,1,not sampled,0,0,0
tiny-00430,unresolved,4,2,1,not sampled,0,0,0
tiny-00431,unresolved,4,3,1,not sampled,0,0,0
tiny-00432,invalidated,2,2,1,1,4,1,0
tiny-00433,invalidated,2,1,1,1,4,2,0
tiny-00434,invalidated,3,2,1,1,8,2,0
tiny-00435,invalidated,3,1,1,1,8,4,0
tiny-00436,invalidated,3,2,1,1,8,2,0
tiny-00437,invalidated,3,1,1,1,8,4,0
tiny-00438,invalidated,4,2,1,1,16,4,0
tiny-00439,invalidated,4,1,1,1,16,8,0
tiny-00440,invalidated,3,2,1,1,8,2,0
tiny-00441,absent,3,2,1,not sampled,0,0,0
tiny-00442,invalidated,4,2,1,1,16,4,0
tiny-00443,absent,4,2,1,not sampled,0,0,0
tiny-00444,invalidated,1,1,1,1,2,1,0
tiny-00445,preserved,1,0,1,1,2,2,0
tiny-00446,unresolved,2,1,1,not sampled,0,0,0
tiny-00447,preserved,2,0,1,1,4,4,0
tiny-00448,invalidated,2,1,1,1,4,2,0
tiny-00449,invalidated,2,1,1,1,4,2,0
tiny-00450,unresolved,3,1,1,not sampled,0,0,0
tiny-00451,invalidated,3,1,1,1,8,4,0
tiny-00452,invalidated,2,1,1,1,4,2,0
tiny-00453,newly_justified,2,1,1,1,4,2,0
tiny-00454,unresolved,3,1,1,not sampled,0,0,0
tiny-00455,newly_justified,3,1,1,1,8,4,0
tiny-00456,invalidated,2,2,1,1,4,1,0
tiny-00457,unresolved,2,1,1,not sampled,0,0,0
tiny-00458,unresolved,3,2,1,not sampled,0,0,0
tiny-00459,unresolved,3,1,1,not sampled,0,0,0
tiny-00460,invalidated,3,2,1,1,8,2,0
tiny-00461,invalidated,3,1,1,1,8,4,0
tiny-00462,unresolved,4,2,1,not sampled,0,0,0
tiny-00463,invalidated,4,1,1,not sampled,0,0,0
tiny-00464,invalidated,3,2,1,not sampled,0,0,0
tiny-00465,unresolved,3,2,1,not sampled,0,0,0
tiny-00466,unresolved,4,2,1,not sampled,0,0,0
tiny-00467,unresolved,4,2,1,not sampled,0,0,0
tiny-00468,invalidated,3,2,1,not sampled,0,0,0
tiny-00469,invalidated,3,2,1,not sampled,0,0,0
tiny-00470,invalidated,4,2,1,not sampled,0,0,0
tiny-00471,invalidated,4,2,1,not sampled,0,0,0
tiny-00472,invalidated,4,2,1,not sampled,0,0,0
tiny-00473,invalidated,4,1,1,not sampled,0,0,0
tiny-00474,invalidated,5,2,1,not sampled,0,0,0
tiny-00475,invalidated,5,1,1,not sampled,0,0,0
tiny-00476,invalidated,4,2,1,not sampled,0,0,0
tiny-00477,absent,4,3,1,not sampled,0,0,0
tiny-00478,invalidated,5,2,1,not sampled,0,0,0
tiny-00479,absent,5,3,1,not sampled,0,0,0
tiny-00480,invalidated,2,1,1,not sampled,0,0,0
tiny-00481,invalidated,2,1,1,not sampled,0,0,0
tiny-00482,unresolved,3,1,1,not sampled,0,0,0
tiny-00483,invalidated,3,1,1,not sampled,0,0,0
tiny-00484,invalidated,3,1,1,not sampled,0,0,0
tiny-00485,invalidated,3,1,1,not sampled,0,0,0
tiny-00486,unresolved,4,1,1,not sampled,0,0,0
tiny-00487,invalidated,4,1,1,not sampled,0,0,0
tiny-00488,invalidated,3,1,1,not sampled,0,0,0
tiny-00489,absent,3,2,1,not sampled,0,0,0
tiny-00490,unresolved,4,1,1,not sampled,0,0,0
tiny-00491,absent,4,2,1,not sampled,0,0,0
tiny-00492,invalidated,3,2,1,not sampled,0,0,0
tiny-00493,invalidated,3,2,1,not sampled,0,0,0
tiny-00494,unresolved,4,2,1,not sampled,0,0,0
tiny-00495,invalidated,4,2,1,not sampled,0,0,0
tiny-00496,invalidated,4,2,1,not sampled,0,0,0
tiny-00497,invalidated,4,1,1,not sampled,0,0,0
tiny-00498,unresolved,5,2,1,not sampled,0,0,0
tiny-00499,invalidated,5,1,1,not sampled,0,0,0
tiny-00500,invalidated,4,2,1,not sampled,0,0,0
tiny-00501,absent,4,3,1,not sampled,0,0,0
tiny-00502,unresolved,5,2,1,not sampled,0,0,0
tiny-00503,absent,5,3,1,not sampled,0,0,0
tiny-00504,invalidated,3,2,1,not sampled,0,0,0
tiny-00505,invalidated,3,2,1,not sampled,0,0,0
tiny-00506,invalidated,4,2,1,not sampled,0,0,0
tiny-00507,invalidated,4,2,1,not sampled,0,0,0
tiny-00508,invalidated,4,2,1,not sampled,0,0,0
tiny-00509,invalidated,4,1,1,not sampled,0,0,0
tiny-00510,invalidated,5,2,1,not sampled,0,0,0
tiny-00511,invalidated,5,1,1,not sampled,0,0,0
tiny-00512,invalidated,4,2,1,not sampled,0,0,0
tiny-00513,absent,4,3,1,not sampled,0,0,0
tiny-00514,invalidated,5,2,1,not sampled,0,0,0
tiny-00515,absent,5,3,1,not sampled,0,0,0
tiny-00516,invalidated,2,1,1,not sampled,0,0,0
tiny-00517,unresolved,2,1,1,not sampled,0,0,0
tiny-00518,unresolved,3,1,1,not sampled,0,0,0
tiny-00519,unresolved,3,1,1,not sampled,0,0,0
tiny-00520,invalidated,3,1,1,not sampled,0,0,0
tiny-00521,invalidated,3,1,1,not sampled,0,0,0
tiny-00522,unresolved,4,1,1,not sampled,0,0,0
tiny-00523,invalidated,4,1,1,not sampled,0,0,0
tiny-00524,invalidated,3,1,1,not sampled,0,0,0
tiny-00525,unresolved,3,2,1,not sampled,0,0,0
tiny-00526,unresolved,4,1,1,not sampled,0,0,0
tiny-00527,unresolved,4,2,1,not sampled,0,0,0
tiny-00528,invalidated,3,2,1,not sampled,0,0,0
tiny-00529,unresolved,3,2,1,not sampled,0,0,0
tiny-00530,unresolved,4,2,1,not sampled,0,0,0
tiny-00531,unresolved,4,2,1,not sampled,0,0,0
tiny-00532,invalidated,4,2,1,not sampled,0,0,0
tiny-00533,invalidated,4,1,1,not sampled,0,0,0
tiny-00534,unresolved,5,2,1,not sampled,0,0,0
tiny-00535,invalidated,5,1,1,not sampled,0,0,0
tiny-00536,invalidated,4,2,1,not sampled,0,0,0
tiny-00537,unresolved,4,3,1,not sampled,0,0,0
tiny-00538,unresolved,5,2,1,not sampled,0,0,0
tiny-00539,unresolved,5,3,1,not sampled,0,0,0
tiny-00540,invalidated,2,2,1,not sampled,0,0,0
tiny-00541,invalidated,2,1,1,not sampled,0,0,0
tiny-00542,invalidated,3,2,1,not sampled,0,0,0
tiny-00543,invalidated,3,1,1,not sampled,0,0,0
tiny-00544,invalidated,3,2,1,not sampled,0,0,0
tiny-00545,invalidated,3,1,1,not sampled,0,0,0
tiny-00546,invalidated,4,2,1,not sampled,0,0,0
tiny-00547,invalidated,4,1,1,not sampled,0,0,0
tiny-00548,invalidated,3,2,1,not sampled,0,0,0
tiny-00549,absent,3,2,1,not sampled,0,0,0
tiny-00550,invalidated,4,2,1,not sampled,0,0,0
tiny-00551,absent,4,2,1,not sampled,0,0,0
tiny-00552,unresolved,1,1,1,not sampled,0,0,0
tiny-00553,preserved,1,0,1,1,2,2,0
tiny-00554,unresolved,2,1,1,not sampled,0,0,0
tiny-00555,preserved,2,0,1,1,4,4,0
tiny-00556,unresolved,2,1,1,not sampled,0,0,0
tiny-00557,invalidated,2,1,1,not sampled,0,0,0
tiny-00558,unresolved,3,1,1,not sampled,0,0,0
tiny-00559,invalidated,3,1,1,not sampled,0,0,0
tiny-00560,unresolved,2,1,1,not sampled,0,0,0
tiny-00561,newly_justified,2,1,1,1,4,2,0
tiny-00562,unresolved,3,1,1,not sampled,0,0,0
tiny-00563,newly_justified,3,1,1,1,8,4,0
tiny-00564,unresolved,2,2,1,not sampled,0,0,0
tiny-00565,unresolved,2,1,1,not sampled,0,0,0
tiny-00566,unresolved,3,2,1,not sampled,0,0,0
tiny-00567,unresolved,3,1,1,not sampled,0,0,0
tiny-00568,unresolved,3,2,1,not sampled,0,0,0
tiny-00569,invalidated,3,1,1,not sampled,0,0,0
tiny-00570,unresolved,4,2,1,not sampled,0,0,0
tiny-00571,invalidated,4,1,1,not sampled,0,0,0
tiny-00572,unresolved,3,2,1,not sampled,0,0,0
tiny-00573,unresolved,3,2,1,not sampled,0,0,0
tiny-00574,unresolved,4,2,1,not sampled,0,0,0
tiny-00575,unresolved,4,2,1,not sampled,0,0,0
tiny-00576,invalidated,3,2,1,not sampled,0,0,0
tiny-00577,invalidated,3,2,1,not sampled,0,0,0
tiny-00578,invalidated,4,2,1,not sampled,0,0,0
tiny-00579,invalidated,4,2,1,not sampled,0,0,0
tiny-00580,invalidated,4,2,1,not sampled,0,0,0
tiny-00581,invalidated,4,1,1,not sampled,0,0,0
tiny-00582,invalidated,5,2,1,not sampled,0,0,0
tiny-00583,invalidated,5,1,1,not sampled,0,0,0
tiny-00584,invalidated,4,2,1,not sampled,0,0,0
tiny-00585,absent,4,3,1,not sampled,0,0,0
tiny-00586,invalidated,5,2,1,not sampled,0,0,0
tiny-00587,absent,5,3,1,not sampled,0,0,0
tiny-00588,unresolved,2,1,1,not sampled,0,0,0
tiny-00589,invalidated,2,1,1,not sampled,0,0,0
tiny-00590,unresolved,3,1,1,not sampled,0,0,0
tiny-00591,invalidated,3,1,1,not sampled,0,0,0
tiny-00592,unresolved,3,1,1,not sampled,0,0,0
tiny-00593,invalidated,3,1,1,not sampled,0,0,0
tiny-00594,unresolved,4,1,1,not sampled,0,0,0
tiny-00595,invalidated,4,1,1,not sampled,0,0,0
tiny-00596,unresolved,3,1,1,not sampled,0,0,0
tiny-00597,absent,3,2,1,not sampled,0,0,0
tiny-00598,unresolved,4,1,1,not sampled,0,0,0
tiny-00599,absent,4,2,1,not sampled,0,0,0
tiny-00600,unresolved,3,2,1,not sampled,0,0,0
tiny-00601,invalidated,3,2,1,not sampled,0,0,0
tiny-00602,unresolved,4,2,1,not sampled,0,0,0
tiny-00603,invalidated,4,2,1,not sampled,0,0,0
tiny-00604,unresolved,4,2,1,not sampled,0,0,0
tiny-00605,invalidated,4,1,1,not sampled,0,0,0
tiny-00606,unresolved,5,2,1,not sampled,0,0,0
tiny-00607,invalidated,5,1,1,not sampled,0,0,0
tiny-00608,unresolved,4,2,1,not sampled,0,0,0
tiny-00609,absent,4,3,1,not sampled,0,0,0
tiny-00610,unresolved,5,2,1,not sampled,0,0,0
tiny-00611,absent,5,3,1,not sampled,0,0,0
tiny-00612,invalidated,3,2,1,not sampled,0,0,0
tiny-00613,invalidated,3,2,1,not sampled,0,0,0
tiny-00614,invalidated,4,2,1,not sampled,0,0,0
tiny-00615,invalidated,4,2,1,not sampled,0,0,0
tiny-00616,invalidated,4,2,1,not sampled,0,0,0
tiny-00617,invalidated,4,1,1,not sampled,0,0,0
tiny-00618,invalidated,5,2,1,not sampled,0,0,0
tiny-00619,invalidated,5,1,1,not sampled,0,0,0
tiny-00620,invalidated,4,2,1,not sampled,0,0,0
tiny-00621,absent,4,3,1,not sampled,0,0,0
tiny-00622,invalidated,5,2,1,not sampled,0,0,0
tiny-00623,absent,5,3,1,not sampled,0,0,0
tiny-00624,unresolved,2,1,1,not sampled,0,0,0
tiny-00625,unresolved,2,1,1,not sampled,0,0,0
tiny-00626,unresolved,3,1,1,not sampled,0,0,0
tiny-00627,unresolved,3,1,1,not sampled,0,0,0
tiny-00628,unresolved,3,1,1,not sampled,0,0,0
tiny-00629,invalidated,3,1,1,not sampled,0,0,0
tiny-00630,unresolved,4,1,1,not sampled,0,0,0
tiny-00631,invalidated,4,1,1,not sampled,0,0,0
tiny-00632,unresolved,3,1,1,not sampled,0,0,0
tiny-00633,unresolved,3,2,1,not sampled,0,0,0
tiny-00634,unresolved,4,1,1,not sampled,0,0,0
tiny-00635,unresolved,4,2,1,not sampled,0,0,0
tiny-00636,unresolved,3,2,1,not sampled,0,0,0
tiny-00637,unresolved,3,2,1,not sampled,0,0,0
tiny-00638,unresolved,4,2,1,not sampled,0,0,0
tiny-00639,unresolved,4,2,1,not sampled,0,0,0
tiny-00640,unresolved,4,2,1,not sampled,0,0,0
tiny-00641,invalidated,4,1,1,not sampled,0,0,0
tiny-00642,unresolved,5,2,1,not sampled,0,0,0
tiny-00643,invalidated,5,1,1,not sampled,0,0,0
tiny-00644,unresolved,4,2,1,not sampled,0,0,0
tiny-00645,unresolved,4,3,1,not sampled,0,0,0
tiny-00646,unresolved,5,2,1,not sampled,0,0,0
tiny-00647,unresolved,5,3,1,not sampled,0,0,0
tiny-00648,unresolved,1,1,1,not sampled,0,0,0
tiny-00649,unresolved,1,1,1,not sampled,0,0,0
tiny-00650,unresolved,2,2,1,not sampled,0,0,0
tiny-00651,unresolved,2,1,1,not sampled,0,0,0
tiny-00652,unresolved,2,1,1,not sampled,0,0,0
tiny-00653,unresolved,2,1,1,not sampled,0,0,0
tiny-00654,unresolved,3,2,1,not sampled,0,0,0
tiny-00655,unresolved,3,1,1,not sampled,0,0,0
tiny-00656,unresolved,2,1,1,not sampled,0,0,0
tiny-00657,absent,2,2,1,not sampled,0,0,0
tiny-00658,unresolved,3,2,1,not sampled,0,0,0
tiny-00659,absent,3,2,1,not sampled,0,0,0
tiny-00660,unresolved,1,1,1,not sampled,0,0,0
tiny-00661,unresolved,1,1,1,not sampled,0,0,0
tiny-00662,unresolved,2,2,1,not sampled,0,0,0
tiny-00663,unresolved,2,1,1,not sampled,0,0,0
tiny-00664,unresolved,2,1,1,not sampled,0,0,0
tiny-00665,unresolved,2,1,1,not sampled,0,0,0
tiny-00666,unresolved,3,2,1,not sampled,0,0,0
tiny-00667,unresolved,3,1,1,not sampled,0,0,0
tiny-00668,unresolved,2,1,1,not sampled,0,0,0
tiny-00669,newly_justified,2,2,1,1,4,1,0
tiny-00670,unresolved,3,2,1,not sampled,0,0,0
tiny-00671,newly_justified,3,2,1,1,8,2,0
tiny-00672,unresolved,0,0,1,not sampled,0,0,0
tiny-00673,unresolved,0,0,1,not sampled,0,0,0
tiny-00674,unresolved,1,1,1,not sampled,0,0,0
tiny-00675,unresolved,1,0,1,not sampled,0,0,0
tiny-00676,unresolved,1,0,1,not sampled,0,0,0
tiny-00677,unresolved,1,1,1,not sampled,0,0,0
tiny-00678,unresolved,2,1,1,not sampled,0,0,0
tiny-00679,unresolved,2,1,1,not sampled,0,0,0
tiny-00680,unresolved,1,0,1,not sampled,0,0,0
tiny-00681,unresolved,1,1,1,not sampled,0,0,0
tiny-00682,unresolved,2,1,1,not sampled,0,0,0
tiny-00683,unresolved,2,1,1,not sampled,0,0,0
tiny-00684,unresolved,2,1,1,not sampled,0,0,0
tiny-00685,unresolved,2,2,1,not sampled,0,0,0
tiny-00686,unresolved,3,2,1,not sampled,0,0,0
tiny-00687,unresolved,3,2,1,not sampled,0,0,0
tiny-00688,unresolved,3,1,1,not sampled,0,0,0
tiny-00689,unresolved,3,1,1,not sampled,0,0,0
tiny-00690,unresolved,4,2,1,not sampled,0,0,0
tiny-00691,unresolved,4,1,1,not sampled,0,0,0
tiny-00692,unresolved,3,1,1,not sampled,0,0,0
tiny-00693,absent,3,3,1,not sampled,0,0,0
tiny-00694,unresolved,4,2,1,not sampled,0,0,0
tiny-00695,absent,4,3,1,not sampled,0,0,0
tiny-00696,unresolved,2,1,1,not sampled,0,0,0
tiny-00697,unresolved,2,2,1,not sampled,0,0,0
tiny-00698,unresolved,3,2,1,not sampled,0,0,0
tiny-00699,unresolved,3,2,1,not sampled,0,0,0
tiny-00700,unresolved,3,1,1,not sampled,0,0,0
tiny-00701,unresolved,3,1,1,not sampled,0,0,0
tiny-00702,unresolved,4,2,1,not sampled,0,0,0
tiny-00703,unresolved,4,1,1,not sampled,0,0,0
tiny-00704,unresolved,3,1,1,not sampled,0,0,0
tiny-00705,absent,3,3,1,not sampled,0,0,0
tiny-00706,unresolved,4,2,1,not sampled,0,0,0
tiny-00707,absent,4,3,1,not sampled,0,0,0
tiny-00708,unresolved,1,0,1,not sampled,0,0,0
tiny-00709,unresolved,1,1,1,not sampled,0,0,0
tiny-00710,unresolved,2,1,1,not sampled,0,0,0
tiny-00711,unresolved,2,1,1,not sampled,0,0,0
tiny-00712,unresolved,2,0,1,not sampled,0,0,0
tiny-00713,unresolved,2,1,1,not sampled,0,0,0
tiny-00714,unresolved,3,1,1,not sampled,0,0,0
tiny-00715,unresolved,3,1,1,not sampled,0,0,0
tiny-00716,unresolved,2,0,1,not sampled,0,0,0
tiny-00717,absent,2,2,1,not sampled,0,0,0
tiny-00718,unresolved,3,1,1,not sampled,0,0,0
tiny-00719,absent,3,2,1,not sampled,0,0,0
tiny-00720,unresolved,2,1,1,not sampled,0,0,0
tiny-00721,unresolved,2,2,1,not sampled,0,0,0
tiny-00722,unresolved,3,2,1,not sampled,0,0,0
tiny-00723,unresolved,3,2,1,not sampled,0,0,0
tiny-00724,unresolved,3,1,1,not sampled,0,0,0
tiny-00725,unresolved,3,1,1,not sampled,0,0,0
tiny-00726,unresolved,4,2,1,not sampled,0,0,0
tiny-00727,unresolved,4,1,1,not sampled,0,0,0
tiny-00728,unresolved,3,1,1,not sampled,0,0,0
tiny-00729,absent,3,3,1,not sampled,0,0,0
tiny-00730,unresolved,4,2,1,not sampled,0,0,0
tiny-00731,absent,4,3,1,not sampled,0,0,0
tiny-00732,unresolved,2,1,1,not sampled,0,0,0
tiny-00733,unresolved,2,2,1,not sampled,0,0,0
tiny-00734,unresolved,3,2,1,not sampled,0,0,0
tiny-00735,unresolved,3,2,1,not sampled,0,0,0
tiny-00736,unresolved,3,1,1,not sampled,0,0,0
tiny-00737,unresolved,3,1,1,not sampled,0,0,0
tiny-00738,unresolved,4,2,1,not sampled,0,0,0
tiny-00739,unresolved,4,1,1,not sampled,0,0,0
tiny-00740,unresolved,3,1,1,not sampled,0,0,0
tiny-00741,unresolved,3,3,1,not sampled,0,0,0
tiny-00742,unresolved,4,2,1,not sampled,0,0,0
tiny-00743,unresolved,4,3,1,not sampled,0,0,0
tiny-00744,unresolved,1,0,1,not sampled,0,0,0
tiny-00745,unresolved,1,1,1,not sampled,0,0,0
tiny-00746,unresolved,2,1,1,not sampled,0,0,0
tiny-00747,unresolved,2,1,1,not sampled,0,0,0
tiny-00748,unresolved,2,0,1,not sampled,0,0,0
tiny-00749,unresolved,2,1,1,not sampled,0,0,0
tiny-00750,unresolved,3,1,1,not sampled,0,0,0
tiny-00751,unresolved,3,1,1,not sampled,0,0,0
tiny-00752,unresolved,2,0,1,not sampled,0,0,0
tiny-00753,unresolved,2,2,1,not sampled,0,0,0
tiny-00754,unresolved,3,1,1,not sampled,0,0,0
tiny-00755,unresolved,3,2,1,not sampled,0,0,0
tiny-00756,unresolved,2,2,1,not sampled,0,0,0
tiny-00757,unresolved,2,1,1,not sampled,0,0,0
tiny-00758,unresolved,3,2,1,not sampled,0,0,0
tiny-00759,unresolved,3,1,1,not sampled,0,0,0
tiny-00760,unresolved,3,2,1,not sampled,0,0,0
tiny-00761,unresolved,3,1,1,not sampled,0,0,0
tiny-00762,unresolved,4,2,1,not sampled,0,0,0
tiny-00763,unresolved,4,1,1,not sampled,0,0,0
tiny-00764,unresolved,3,2,1,not sampled,0,0,0
tiny-00765,absent,3,2,1,not sampled,0,0,0
tiny-00766,unresolved,4,2,1,not sampled,0,0,0
tiny-00767,absent,4,2,1,not sampled,0,0,0
tiny-00768,unresolved,2,2,1,not sampled,0,0,0
tiny-00769,unresolved,2,1,1,not sampled,0,0,0
tiny-00770,unresolved,3,2,1,not sampled,0,0,0
tiny-00771,unresolved,3,1,1,not sampled,0,0,0
tiny-00772,unresolved,3,2,1,not sampled,0,0,0
tiny-00773,unresolved,3,1,1,not sampled,0,0,0
tiny-00774,unresolved,4,2,1,not sampled,0,0,0
tiny-00775,unresolved,4,1,1,not sampled,0,0,0
tiny-00776,unresolved,3,2,1,not sampled,0,0,0
tiny-00777,newly_justified,3,2,1,1,8,2,0
tiny-00778,unresolved,4,2,1,not sampled,0,0,0
tiny-00779,newly_justified,4,2,1,1,16,4,0
tiny-00780,unresolved,1,1,1,not sampled,0,0,0
tiny-00781,unresolved,1,0,1,not sampled,0,0,0
tiny-00782,unresolved,2,1,1,not sampled,0,0,0
tiny-00783,unresolved,2,0,1,not sampled,0,0,0
tiny-00784,unresolved,2,1,1,not sampled,0,0,0
tiny-00785,unresolved,2,1,1,not sampled,0,0,0
tiny-00786,unresolved,3,1,1,not sampled,0,0,0
tiny-00787,unresolved,3,1,1,not sampled,0,0,0
tiny-00788,unresolved,2,1,1,not sampled,0,0,0
tiny-00789,unresolved,2,1,1,not sampled,0,0,0
tiny-00790,unresolved,3,1,1,not sampled,0,0,0
tiny-00791,unresolved,3,1,1,not sampled,0,0,0
tiny-00792,unresolved,3,2,1,not sampled,0,0,0
tiny-00793,unresolved,3,2,1,not sampled,0,0,0
tiny-00794,unresolved,4,2,1,not sampled,0,0,0
tiny-00795,unresolved,4,2,1,not sampled,0,0,0
tiny-00796,unresolved,4,2,1,not sampled,0,0,0
tiny-00797,unresolved,4,1,1,not sampled,0,0,0
tiny-00798,unresolved,5,2,1,not sampled,0,0,0
tiny-00799,unresolved,5,1,1,not sampled,0,0,0
tiny-00800,unresolved,4,2,1,not sampled,0,0,0
tiny-00801,absent,4,3,1,not sampled,0,0,0
tiny-00802,unresolved,5,2,1,not sampled,0,0,0
tiny-00803,absent,5,3,1,not sampled,0,0,0
tiny-00804,unresolved,3,2,1,not sampled,0,0,0
tiny-00805,unresolved,3,2,1,not sampled,0,0,0
tiny-00806,unresolved,4,2,1,not sampled,0,0,0
tiny-00807,unresolved,4,2,1,not sampled,0,0,0
tiny-00808,unresolved,4,2,1,not sampled,0,0,0
tiny-00809,unresolved,4,1,1,not sampled,0,0,0
tiny-00810,unresolved,5,2,1,not sampled,0,0,0
tiny-00811,unresolved,5,1,1,not sampled,0,0,0
tiny-00812,unresolved,4,2,1,not sampled,0,0,0
tiny-00813,absent,4,3,1,not sampled,0,0,0
tiny-00814,unresolved,5,2,1,not sampled,0,0,0
tiny-00815,absent,5,3,1,not sampled,0,0,0
tiny-00816,unresolved,2,1,1,not sampled,0,0,0
tiny-00817,unresolved,2,1,1,not sampled,0,0,0
tiny-00818,unresolved,3,1,1,not sampled,0,0,0
tiny-00819,unresolved,3,1,1,not sampled,0,0,0
tiny-00820,unresolved,3,1,1,not sampled,0,0,0
tiny-00821,unresolved,3,1,1,not sampled,0,0,0
tiny-00822,unresolved,4,1,1,not sampled,0,0,0
tiny-00823,unresolved,4,1,1,not sampled,0,0,0
tiny-00824,unresolved,3,1,1,not sampled,0,0,0
tiny-00825,absent,3,2,1,not sampled,0,0,0
tiny-00826,unresolved,4,1,1,not sampled,0,0,0
tiny-00827,absent,4,2,1,not sampled,0,0,0
tiny-00828,unresolved,3,2,1,not sampled,0,0,0
tiny-00829,unresolved,3,2,1,not sampled,0,0,0
tiny-00830,unresolved,4,2,1,not sampled,0,0,0
tiny-00831,unresolved,4,2,1,not sampled,0,0,0
tiny-00832,unresolved,4,2,1,not sampled,0,0,0
tiny-00833,unresolved,4,1,1,not sampled,0,0,0
tiny-00834,unresolved,5,2,1,not sampled,0,0,0
tiny-00835,unresolved,5,1,1,not sampled,0,0,0
tiny-00836,unresolved,4,2,1,not sampled,0,0,0
tiny-00837,absent,4,3,1,not sampled,0,0,0
tiny-00838,unresolved,5,2,1,not sampled,0,0,0
tiny-00839,absent,5,3,1,not sampled,0,0,0
tiny-00840,unresolved,3,2,1,not sampled,0,0,0
tiny-00841,unresolved,3,2,1,not sampled,0,0,0
tiny-00842,unresolved,4,2,1,not sampled,0,0,0
tiny-00843,unresolved,4,2,1,not sampled,0,0,0
tiny-00844,unresolved,4,2,1,not sampled,0,0,0
tiny-00845,unresolved,4,1,1,not sampled,0,0,0
tiny-00846,unresolved,5,2,1,not sampled,0,0,0
tiny-00847,unresolved,5,1,1,not sampled,0,0,0
tiny-00848,unresolved,4,2,1,not sampled,0,0,0
tiny-00849,unresolved,4,3,1,not sampled,0,0,0
tiny-00850,unresolved,5,2,1,not sampled,0,0,0
tiny-00851,unresolved,5,3,1,not sampled,0,0,0
tiny-00852,unresolved,2,1,1,not sampled,0,0,0
tiny-00853,unresolved,2,1,1,not sampled,0,0,0
tiny-00854,unresolved,3,1,1,not sampled,0,0,0
tiny-00855,unresolved,3,1,1,not sampled,0,0,0
tiny-00856,unresolved,3,1,1,not sampled,0,0,0
tiny-00857,unresolved,3,1,1,not sampled,0,0,0
tiny-00858,unresolved,4,1,1,not sampled,0,0,0
tiny-00859,unresolved,4,1,1,not sampled,0,0,0
tiny-00860,unresolved,3,1,1,not sampled,0,0,0
tiny-00861,unresolved,3,2,1,not sampled,0,0,0
tiny-00862,unresolved,4,1,1,not sampled,0,0,0
tiny-00863,unresolved,4,2,1,not sampled,0,0,0
tiny-00864,unresolved,2,2,1,not sampled,0,0,0
tiny-00865,unresolved,2,1,1,not sampled,0,0,0
tiny-00866,unresolved,3,2,1,not sampled,0,0,0
tiny-00867,unresolved,3,1,1,not sampled,0,0,0
tiny-00868,unresolved,3,2,1,not sampled,0,0,0
tiny-00869,unresolved,3,1,1,not sampled,0,0,0
tiny-00870,unresolved,4,2,1,not sampled,0,0,0
tiny-00871,unresolved,4,1,1,not sampled,0,0,0
tiny-00872,unresolved,3,2,1,not sampled,0,0,0
tiny-00873,absent,3,2,1,not sampled,0,0,0
tiny-00874,unresolved,4,2,1,not sampled,0,0,0
tiny-00875,absent,4,2,1,not sampled,0,0,0
tiny-00876,unresolved,2,2,1,not sampled,0,0,0
tiny-00877,unresolved,2,1,1,not sampled,0,0,0
tiny-00878,unresolved,3,2,1,not sampled,0,0,0
tiny-00879,unresolved,3,1,1,not sampled,0,0,0
tiny-00880,unresolved,3,2,1,not sampled,0,0,0
tiny-00881,unresolved,3,1,1,not sampled,0,0,0
tiny-00882,unresolved,4,2,1,not sampled,0,0,0
tiny-00883,unresolved,4,1,1,not sampled,0,0,0
tiny-00884,unresolved,3,2,1,not sampled,0,0,0
tiny-00885,newly_justified,3,2,1,1,8,2,0
tiny-00886,unresolved,4,2,1,not sampled,0,0,0
tiny-00887,newly_justified,4,2,1,1,16,4,0
tiny-00888,unresolved,1,1,1,not sampled,0,0,0
tiny-00889,unresolved,1,0,1,not sampled,0,0,0
tiny-00890,unresolved,2,1,1,not sampled,0,0,0
tiny-00891,unresolved,2,0,1,not sampled,0,0,0
tiny-00892,unresolved,2,1,1,not sampled,0,0,0
tiny-00893,unresolved,2,1,1,not sampled,0,0,0
tiny-00894,unresolved,3,1,1,not sampled,0,0,0
tiny-00895,unresolved,3,1,1,not sampled,0,0,0
tiny-00896,unresolved,2,1,1,not sampled,0,0,0
tiny-00897,unresolved,2,1,1,not sampled,0,0,0
tiny-00898,unresolved,3,1,1,not sampled,0,0,0
tiny-00899,unresolved,3,1,1,not sampled,0,0,0
tiny-00900,unresolved,3,2,1,not sampled,0,0,0
tiny-00901,unresolved,3,2,1,not sampled,0,0,0
tiny-00902,unresolved,4,2,1,not sampled,0,0,0
tiny-00903,unresolved,4,2,1,not sampled,0,0,0
tiny-00904,unresolved,4,2,1,not sampled,0,0,0
tiny-00905,unresolved,4,1,1,not sampled,0,0,0
tiny-00906,unresolved,5,2,1,not sampled,0,0,0
tiny-00907,unresolved,5,1,1,not sampled,0,0,0
tiny-00908,unresolved,4,2,1,not sampled,0,0,0
tiny-00909,absent,4,3,1,not sampled,0,0,0
tiny-00910,unresolved,5,2,1,not sampled,0,0,0
tiny-00911,absent,5,3,1,not sampled,0,0,0
tiny-00912,unresolved,3,2,1,not sampled,0,0,0
tiny-00913,unresolved,3,2,1,not sampled,0,0,0
tiny-00914,unresolved,4,2,1,not sampled,0,0,0
tiny-00915,unresolved,4,2,1,not sampled,0,0,0
tiny-00916,unresolved,4,2,1,not sampled,0,0,0
tiny-00917,unresolved,4,1,1,not sampled,0,0,0
tiny-00918,unresolved,5,2,1,not sampled,0,0,0
tiny-00919,unresolved,5,1,1,not sampled,0,0,0
tiny-00920,unresolved,4,2,1,not sampled,0,0,0
tiny-00921,absent,4,3,1,not sampled,0,0,0
tiny-00922,unresolved,5,2,1,not sampled,0,0,0
tiny-00923,absent,5,3,1,not sampled,0,0,0
tiny-00924,unresolved,2,1,1,not sampled,0,0,0
tiny-00925,unresolved,2,1,1,not sampled,0,0,0
tiny-00926,unresolved,3,1,1,not sampled,0,0,0
tiny-00927,unresolved,3,1,1,not sampled,0,0,0
tiny-00928,unresolved,3,1,1,not sampled,0,0,0
tiny-00929,unresolved,3,1,1,not sampled,0,0,0
tiny-00930,unresolved,4,1,1,not sampled,0,0,0
tiny-00931,unresolved,4,1,1,not sampled,0,0,0
tiny-00932,unresolved,3,1,1,not sampled,0,0,0
tiny-00933,absent,3,2,1,not sampled,0,0,0
tiny-00934,unresolved,4,1,1,not sampled,0,0,0
tiny-00935,absent,4,2,1,not sampled,0,0,0
tiny-00936,unresolved,3,2,1,not sampled,0,0,0
tiny-00937,unresolved,3,2,1,not sampled,0,0,0
tiny-00938,unresolved,4,2,1,not sampled,0,0,0
tiny-00939,unresolved,4,2,1,not sampled,0,0,0
tiny-00940,unresolved,4,2,1,not sampled,0,0,0
tiny-00941,unresolved,4,1,1,not sampled,0,0,0
tiny-00942,unresolved,5,2,1,not sampled,0,0,0
tiny-00943,unresolved,5,1,1,not sampled,0,0,0
tiny-00944,unresolved,4,2,1,not sampled,0,0,0
tiny-00945,absent,4,3,1,not sampled,0,0,0
tiny-00946,unresolved,5,2,1,not sampled,0,0,0
tiny-00947,absent,5,3,1,not sampled,0,0,0
tiny-00948,unresolved,3,2,1,not sampled,0,0,0
tiny-00949,unresolved,3,2,1,not sampled,0,0,0
tiny-00950,unresolved,4,2,1,not sampled,0,0,0
tiny-00951,unresolved,4,2,1,not sampled,0,0,0
tiny-00952,unresolved,4,2,1,not sampled,0,0,0
tiny-00953,unresolved,4,1,1,not sampled,0,0,0
tiny-00954,unresolved,5,2,1,not sampled,0,0,0
tiny-00955,unresolved,5,1,1,not sampled,0,0,0
tiny-00956,unresolved,4,2,1,not sampled,0,0,0
tiny-00957,unresolved,4,3,1,not sampled,0,0,0
tiny-00958,unresolved,5,2,1,not sampled,0,0,0
tiny-00959,unresolved,5,3,1,not sampled,0,0,0
tiny-00960,unresolved,2,1,1,not sampled,0,0,0
tiny-00961,unresolved,2,1,1,not sampled,0,0,0
tiny-00962,unresolved,3,1,1,not sampled,0,0,0
tiny-00963,unresolved,3,1,1,not sampled,0,0,0
tiny-00964,unresolved,3,1,1,not sampled,0,0,0
tiny-00965,unresolved,3,1,1,not sampled,0,0,0
tiny-00966,unresolved,4,1,1,not sampled,0,0,0
tiny-00967,unresolved,4,1,1,not sampled,0,0,0
tiny-00968,unresolved,3,1,1,not sampled,0,0,0
tiny-00969,unresolved,3,2,1,not sampled,0,0,0
tiny-00970,unresolved,4,1,1,not sampled,0,0,0
tiny-00971,unresolved,4,2,1,not sampled,0,0,0
tiny-00972,absent,1,0,1,not sampled,0,0,0
tiny-00973,absent,1,1,1,not sampled,0,0,0
tiny-00974,absent,2,1,1,not sampled,0,0,0
tiny-00975,absent,2,1,1,not sampled,0,0,0
tiny-00976,absent,2,0,1,not sampled,0,0,0
tiny-00977,absent,2,1,1,not sampled,0,0,0
tiny-00978,absent,3,1,1,not sampled,0,0,0
tiny-00979,absent,3,1,1,not sampled,0,0,0
tiny-00980,absent,2,0,1,not sampled,0,0,0
tiny-00981,absent,2,2,1,not sampled,0,0,0
tiny-00982,absent,3,1,1,not sampled,0,0,0
tiny-00983,absent,3,2,1,not sampled,0,0,0
tiny-00984,newly_justified,2,1,1,1,4,2,0
tiny-00985,newly_justified,2,2,1,1,4,1,0
tiny-00986,unresolved,3,2,1,not sampled,0,0,0
tiny-00987,newly_justified,3,2,1,1,8,2,0
tiny-00988,newly_justified,3,1,1,1,8,4,0
tiny-00989,absent,3,1,1,not sampled,0,0,0
tiny-00990,unresolved,4,2,1,not sampled,0,0,0
tiny-00991,absent,4,1,1,not sampled,0,0,0
tiny-00992,newly_justified,3,1,1,1,8,4,0
tiny-00993,newly_justified,3,3,1,1,8,1,0
tiny-00994,unresolved,4,2,1,not sampled,0,0,0
tiny-00995,newly_justified,4,3,1,1,16,2,0
tiny-00996,unresolved,2,1,1,not sampled,0,0,0
tiny-00997,unresolved,2,2,1,not sampled,0,0,0
tiny-00998,unresolved,3,2,1,not sampled,0,0,0
tiny-00999,unresolved,3,2,1,not sampled,0,0,0
tiny-01000,unresolved,3,1,1,not sampled,0,0,0
tiny-01001,absent,3,1,1,not sampled,0,0,0
tiny-01002,unresolved,4,2,1,not sampled,0,0,0
tiny-01003,absent,4,1,1,not sampled,0,0,0
tiny-01004,unresolved,3,1,1,not sampled,0,0,0
tiny-01005,unresolved,3,3,1,not sampled,0,0,0
tiny-01006,unresolved,4,2,1,not sampled,0,0,0
tiny-01007,unresolved,4,3,1,not sampled,0,0,0
tiny-01008,absent,0,0,1,not sampled,0,0,0
tiny-01009,absent,0,0,1,not sampled,0,0,0
tiny-01010,absent,1,1,1,not sampled,0,0,0
tiny-01011,absent,1,0,1,not sampled,0,0,0
tiny-01012,absent,1,0,1,not sampled,0,0,0
tiny-01013,absent,1,1,1,not sampled,0,0,0
tiny-01014,absent,2,1,1,not sampled,0,0,0
tiny-01015,absent,2,1,1,not sampled,0,0,0
tiny-01016,absent,1,0,1,not sampled,0,0,0
tiny-01017,absent,1,1,1,not sampled,0,0,0
tiny-01018,absent,2,1,1,not sampled,0,0,0
tiny-01019,absent,2,1,1,not sampled,0,0,0
tiny-01020,newly_justified,1,1,1,1,2,1,0
tiny-01021,absent,1,1,1,not sampled,0,0,0
tiny-01022,unresolved,2,2,1,not sampled,0,0,0
tiny-01023,absent,2,1,1,not sampled,0,0,0
tiny-01024,newly_justified,2,1,1,1,4,2,0
tiny-01025,absent,2,1,1,not sampled,0,0,0
tiny-01026,unresolved,3,2,1,not sampled,0,0,0
tiny-01027,absent,3,1,1,not sampled,0,0,0
tiny-01028,newly_justified,2,1,1,1,4,2,0
tiny-01029,absent,2,2,1,not sampled,0,0,0
tiny-01030,unresolved,3,2,1,not sampled,0,0,0
tiny-01031,absent,3,2,1,not sampled,0,0,0
tiny-01032,unresolved,1,1,1,not sampled,0,0,0
tiny-01033,absent,1,1,1,not sampled,0,0,0
tiny-01034,unresolved,2,2,1,not sampled,0,0,0
tiny-01035,absent,2,1,1,not sampled,0,0,0
tiny-01036,unresolved,2,1,1,not sampled,0,0,0
tiny-01037,absent,2,1,1,not sampled,0,0,0
tiny-01038,unresolved,3,2,1,not sampled,0,0,0
tiny-01039,absent,3,1,1,not sampled,0,0,0
tiny-01040,unresolved,2,1,1,not sampled,0,0,0
tiny-01041,absent,2,2,1,not sampled,0,0,0
tiny-01042,unresolved,3,2,1,not sampled,0,0,0
tiny-01043,absent,3,2,1,not sampled,0,0,0
tiny-01044,absent,1,0,1,not sampled,0,0,0
tiny-01045,absent,1,1,1,not sampled,0,0,0
tiny-01046,absent,2,1,1,not sampled,0,0,0
tiny-01047,absent,2,1,1,not sampled,0,0,0
tiny-01048,absent,2,0,1,not sampled,0,0,0
tiny-01049,absent,2,1,1,not sampled,0,0,0
tiny-01050,absent,3,1,1,not sampled,0,0,0
tiny-01051,absent,3,1,1,not sampled,0,0,0
tiny-01052,absent,2,0,1,not sampled,0,0,0
tiny-01053,absent,2,2,1,not sampled,0,0,0
tiny-01054,absent,3,1,1,not sampled,0,0,0
tiny-01055,absent,3,2,1,not sampled,0,0,0
tiny-01056,newly_justified,2,1,1,1,4,2,0
tiny-01057,unresolved,2,2,1,not sampled,0,0,0
tiny-01058,unresolved,3,2,1,not sampled,0,0,0
tiny-01059,unresolved,3,2,1,not sampled,0,0,0
tiny-01060,newly_justified,3,1,1,1,8,4,0
tiny-01061,absent,3,1,1,not sampled,0,0,0
tiny-01062,unresolved,4,2,1,not sampled,0,0,0
tiny-01063,absent,4,1,1,not sampled,0,0,0
tiny-01064,newly_justified,3,1,1,1,8,4,0
tiny-01065,unresolved,3,3,1,not sampled,0,0,0
tiny-01066,unresolved,4,2,1,not sampled,0,0,0
tiny-01067,unresolved,4,3,1,not sampled,0,0,0
tiny-01068,unresolved,2,1,1,not sampled,0,0,0
tiny-01069,unresolved,2,2,1,not sampled,0,0,0
tiny-01070,unresolved,3,2,1,not sampled,0,0,0
tiny-01071,unresolved,3,2,1,not sampled,0,0,0
tiny-01072,unresolved,3,1,1,not sampled,0,0,0
tiny-01073,absent,3,1,1,not sampled,0,0,0
tiny-01074,unresolved,4,2,1,not sampled,0,0,0
tiny-01075,absent,4,1,1,not sampled,0,0,0
tiny-01076,unresolved,3,1,1,not sampled,0,0,0
tiny-01077,unresolved,3,3,1,not sampled,0,0,0
tiny-01078,unresolved,4,2,1,not sampled,0,0,0
tiny-01079,unresolved,4,3,1,not sampled,0,0,0
tiny-01080,absent,2,1,1,not sampled,0,0,0
tiny-01081,absent,2,1,1,not sampled,0,0,0
tiny-01082,absent,3,1,1,not sampled,0,0,0
tiny-01083,absent,3,1,1,not sampled,0,0,0
tiny-01084,absent,3,1,1,not sampled,0,0,0
tiny-01085,absent,3,1,1,not sampled,0,0,0
tiny-01086,absent,4,1,1,not sampled,0,0,0
tiny-01087,absent,4,1,1,not sampled,0,0,0
tiny-01088,absent,3,1,1,not sampled,0,0,0
tiny-01089,absent,3,2,1,not sampled,0,0,0
tiny-01090,absent,4,1,1,not sampled,0,0,0
tiny-01091,absent,4,2,1,not sampled,0,0,0
tiny-01092,absent,3,2,1,not sampled,0,0,0
tiny-01093,newly_justified,3,2,1,1,8,2,0
tiny-01094,unresolved,4,2,1,not sampled,0,0,0
tiny-01095,newly_justified,4,2,1,1,16,4,0
tiny-01096,absent,4,2,1,not sampled,0,0,0
tiny-01097,absent,4,1,1,not sampled,0,0,0
tiny-01098,unresolved,5,2,1,not sampled,0,0,0
tiny-01099,absent,5,1,1,not sampled,0,0,0
tiny-01100,absent,4,2,1,not sampled,0,0,0
tiny-01101,newly_justified,4,3,1,1,16,2,0
tiny-01102,unresolved,5,2,1,not sampled,0,0,0
tiny-01103,newly_justified,5,3,1,1,32,4,0
tiny-01104,absent,3,2,1,not sampled,0,0,0
tiny-01105,unresolved,3,2,1,not sampled,0,0,0
tiny-01106,unresolved,4,2,1,not sampled,0,0,0
tiny-01107,unresolved,4,2,1,not sampled,0,0,0
tiny-01108,absent,4,2,1,not sampled,0,0,0
tiny-01109,absent,4,1,1,not sampled,0,0,0
tiny-01110,unresolved,5,2,1,not sampled,0,0,0
tiny-01111,absent,5,1,1,not sampled,0,0,0
tiny-01112,absent,4,2,1,not sampled,0,0,0
tiny-01113,unresolved,4,3,1,not sampled,0,0,0
tiny-01114,unresolved,5,2,1,not sampled,0,0,0
tiny-01115,unresolved,5,3,1,not sampled,0,0,0
tiny-01116,absent,1,1,1,not sampled,0,0,0
tiny-01117,absent,1,0,1,not sampled,0,0,0
tiny-01118,absent,2,1,1,not sampled,0,0,0
tiny-01119,absent,2,0,1,not sampled,0,0,0
tiny-01120,absent,2,1,1,not sampled,0,0,0
tiny-01121,absent,2,1,1,not sampled,0,0,0
tiny-01122,absent,3,1,1,not sampled,0,0,0
tiny-01123,absent,3,1,1,not sampled,0,0,0
tiny-01124,absent,2,1,1,not sampled,0,0,0
tiny-01125,absent,2,1,1,not sampled,0,0,0
tiny-01126,absent,3,1,1,not sampled,0,0,0
tiny-01127,absent,3,1,1,not sampled,0,0,0
tiny-01128,absent,2,2,1,not sampled,0,0,0
tiny-01129,absent,2,1,1,not sampled,0,0,0
tiny-01130,unresolved,3,2,1,not sampled,0,0,0
tiny-01131,absent,3,1,1,not sampled,0,0,0
tiny-01132,absent,3,2,1,not sampled,0,0,0
tiny-01133,absent,3,1,1,not sampled,0,0,0
tiny-01134,unresolved,4,2,1,not sampled,0,0,0
tiny-01135,absent,4,1,1,not sampled,0,0,0
tiny-01136,absent,3,2,1,not sampled,0,0,0
tiny-01137,absent,3,2,1,not sampled,0,0,0
tiny-01138,unresolved,4,2,1,not sampled,0,0,0
tiny-01139,absent,4,2,1,not sampled,0,0,0
tiny-01140,absent,2,2,1,not sampled,0,0,0
tiny-01141,absent,2,1,1,not sampled,0,0,0
tiny-01142,unresolved,3,2,1,not sampled,0,0,0
tiny-01143,absent,3,1,1,not sampled,0,0,0
tiny-01144,absent,3,2,1,not sampled,0,0,0
tiny-01145,absent,3,1,1,not sampled,0,0,0
tiny-01146,unresolved,4,2,1,not sampled,0,0,0
tiny-01147,absent,4,1,1,not sampled,0,0,0
tiny-01148,absent,3,2,1,not sampled,0,0,0
tiny-01149,absent,3,2,1,not sampled,0,0,0
tiny-01150,unresolved,4,2,1,not sampled,0,0,0
tiny-01151,absent,4,2,1,not sampled,0,0,0
tiny-01152,absent,2,1,1,not sampled,0,0,0
tiny-01153,absent,2,1,1,not sampled,0,0,0
tiny-01154,absent,3,1,1,not sampled,0,0,0
tiny-01155,absent,3,1,1,not sampled,0,0,0
tiny-01156,absent,3,1,1,not sampled,0,0,0
tiny-01157,absent,3,1,1,not sampled,0,0,0
tiny-01158,absent,4,1,1,not sampled,0,0,0
tiny-01159,absent,4,1,1,not sampled,0,0,0
tiny-01160,absent,3,1,1,not sampled,0,0,0
tiny-01161,absent,3,2,1,not sampled,0,0,0
tiny-01162,absent,4,1,1,not sampled,0,0,0
tiny-01163,absent,4,2,1,not sampled,0,0,0
tiny-01164,absent,3,2,1,not sampled,0,0,0
tiny-01165,unresolved,3,2,1,not sampled,0,0,0
tiny-01166,unresolved,4,2,1,not sampled,0,0,0
tiny-01167,unresolved,4,2,1,not sampled,0,0,0
tiny-01168,absent,4,2,1,not sampled,0,0,0
tiny-01169,absent,4,1,1,not sampled,0,0,0
tiny-01170,unresolved,5,2,1,not sampled,0,0,0
tiny-01171,absent,5,1,1,not sampled,0,0,0
tiny-01172,absent,4,2,1,not sampled,0,0,0
tiny-01173,unresolved,4,3,1,not sampled,0,0,0
tiny-01174,unresolved,5,2,1,not sampled,0,0,0
tiny-01175,unresolved,5,3,1,not sampled,0,0,0
tiny-01176,absent,3,2,1,not sampled,0,0,0
tiny-01177,unresolved,3,2,1,not sampled,0,0,0
tiny-01178,unresolved,4,2,1,not sampled,0,0,0
tiny-01179,unresolved,4,2,1,not sampled,0,0,0
tiny-01180,absent,4,2,1,not sampled,0,0,0
tiny-01181,absent,4,1,1,not sampled,0,0,0
tiny-01182,unresolved,5,2,1,not sampled,0,0,0
tiny-01183,absent,5,1,1,not sampled,0,0,0
tiny-01184,absent,4,2,1,not sampled,0,0,0
tiny-01185,unresolved,4,3,1,not sampled,0,0,0
tiny-01186,unresolved,5,2,1,not sampled,0,0,0
tiny-01187,unresolved,5,3,1,not sampled,0,0,0
tiny-01188,absent,2,1,1,not sampled,0,0,0
tiny-01189,absent,2,1,1,not sampled,0,0,0
tiny-01190,absent,3,1,1,not sampled,0,0,0
tiny-01191,absent,3,1,1,not sampled,0,0,0
tiny-01192,absent,3,1,1,not sampled,0,0,0
tiny-01193,absent,3,1,1,not sampled,0,0,0
tiny-01194,absent,4,1,1,not sampled,0,0,0
tiny-01195,absent,4,1,1,not sampled,0,0,0
tiny-01196,absent,3,1,1,not sampled,0,0,0
tiny-01197,absent,3,2,1,not sampled,0,0,0
tiny-01198,absent,4,1,1,not sampled,0,0,0
tiny-01199,absent,4,2,1,not sampled,0,0,0
tiny-01200,unresolved,3,2,1,not sampled,0,0,0
tiny-01201,newly_justified,3,2,1,1,8,2,0
tiny-01202,unresolved,4,2,1,not sampled,0,0,0
tiny-01203,newly_justified,4,2,1,1,16,4,0
tiny-01204,unresolved,4,2,1,not sampled,0,0,0
tiny-01205,absent,4,1,1,not sampled,0,0,0
tiny-01206,unresolved,5,2,1,not sampled,0,0,0
tiny-01207,absent,5,1,1,not sampled,0,0,0
tiny-01208,unresolved,4,2,1,not sampled,0,0,0
tiny-01209,newly_justified,4,3,1,1,16,2,0
tiny-01210,unresolved,5,2,1,not sampled,0,0,0
tiny-01211,newly_justified,5,3,1,1,32,4,0
tiny-01212,unresolved,3,2,1,not sampled,0,0,0
tiny-01213,unresolved,3,2,1,not sampled,0,0,0
tiny-01214,unresolved,4,2,1,not sampled,0,0,0
tiny-01215,unresolved,4,2,1,not sampled,0,0,0
tiny-01216,unresolved,4,2,1,not sampled,0,0,0
tiny-01217,absent,4,1,1,not sampled,0,0,0
tiny-01218,unresolved,5,2,1,not sampled,0,0,0
tiny-01219,absent,5,1,1,not sampled,0,0,0
tiny-01220,unresolved,4,2,1,not sampled,0,0,0
tiny-01221,unresolved,4,3,1,not sampled,0,0,0
tiny-01222,unresolved,5,2,1,not sampled,0,0,0
tiny-01223,unresolved,5,3,1,not sampled,0,0,0
tiny-01224,absent,1,1,1,not sampled,0,0,0
tiny-01225,absent,1,0,1,not sampled,0,0,0
tiny-01226,absent,2,1,1,not sampled,0,0,0
tiny-01227,absent,2,0,1,not sampled,0,0,0
tiny-01228,absent,2,1,1,not sampled,0,0,0
tiny-01229,absent,2,1,1,not sampled,0,0,0
tiny-01230,absent,3,1,1,not sampled,0,0,0
tiny-01231,absent,3,1,1,not sampled,0,0,0
tiny-01232,absent,2,1,1,not sampled,0,0,0
tiny-01233,absent,2,1,1,not sampled,0,0,0
tiny-01234,absent,3,1,1,not sampled,0,0,0
tiny-01235,absent,3,1,1,not sampled,0,0,0
tiny-01236,unresolved,2,2,1,not sampled,0,0,0
tiny-01237,absent,2,1,1,not sampled,0,0,0
tiny-01238,unresolved,3,2,1,not sampled,0,0,0
tiny-01239,absent,3,1,1,not sampled,0,0,0
tiny-01240,unresolved,3,2,1,not sampled,0,0,0
tiny-01241,absent,3,1,1,not sampled,0,0,0
tiny-01242,unresolved,4,2,1,not sampled,0,0,0
tiny-01243,absent,4,1,1,not sampled,0,0,0
tiny-01244,unresolved,3,2,1,not sampled,0,0,0
tiny-01245,absent,3,2,1,not sampled,0,0,0
tiny-01246,unresolved,4,2,1,not sampled,0,0,0
tiny-01247,absent,4,2,1,not sampled,0,0,0
tiny-01248,unresolved,2,2,1,not sampled,0,0,0
tiny-01249,absent,2,1,1,not sampled,0,0,0
tiny-01250,unresolved,3,2,1,not sampled,0,0,0
tiny-01251,absent,3,1,1,not sampled,0,0,0
tiny-01252,unresolved,3,2,1,not sampled,0,0,0
tiny-01253,absent,3,1,1,not sampled,0,0,0
tiny-01254,unresolved,4,2,1,not sampled,0,0,0
tiny-01255,absent,4,1,1,not sampled,0,0,0
tiny-01256,unresolved,3,2,1,not sampled,0,0,0
tiny-01257,absent,3,2,1,not sampled,0,0,0
tiny-01258,unresolved,4,2,1,not sampled,0,0,0
tiny-01259,absent,4,2,1,not sampled,0,0,0
tiny-01260,absent,2,1,1,not sampled,0,0,0
tiny-01261,absent,2,1,1,not sampled,0,0,0
tiny-01262,absent,3,1,1,not sampled,0,0,0
tiny-01263,absent,3,1,1,not sampled,0,0,0
tiny-01264,absent,3,1,1,not sampled,0,0,0
tiny-01265,absent,3,1,1,not sampled,0,0,0
tiny-01266,absent,4,1,1,not sampled,0,0,0
tiny-01267,absent,4,1,1,not sampled,0,0,0
tiny-01268,absent,3,1,1,not sampled,0,0,0
tiny-01269,absent,3,2,1,not sampled,0,0,0
tiny-01270,absent,4,1,1,not sampled,0,0,0
tiny-01271,absent,4,2,1,not sampled,0,0,0
tiny-01272,unresolved,3,2,1,not sampled,0,0,0
tiny-01273,unresolved,3,2,1,not sampled,0,0,0
tiny-01274,unresolved,4,2,1,not sampled,0,0,0
tiny-01275,unresolved,4,2,1,not sampled,0,0,0
tiny-01276,unresolved,4,2,1,not sampled,0,0,0
tiny-01277,absent,4,1,1,not sampled,0,0,0
tiny-01278,unresolved,5,2,1,not sampled,0,0,0
tiny-01279,absent,5,1,1,not sampled,0,0,0
tiny-01280,unresolved,4,2,1,not sampled,0,0,0
tiny-01281,unresolved,4,3,1,not sampled,0,0,0
tiny-01282,unresolved,5,2,1,not sampled,0,0,0
tiny-01283,unresolved,5,3,1,not sampled,0,0,0
tiny-01284,unresolved,3,2,1,not sampled,0,0,0
tiny-01285,unresolved,3,2,1,not sampled,0,0,0
tiny-01286,unresolved,4,2,1,not sampled,0,0,0
tiny-01287,unresolved,4,2,1,not sampled,0,0,0
tiny-01288,unresolved,4,2,1,not sampled,0,0,0
tiny-01289,absent,4,1,1,not sampled,0,0,0
tiny-01290,unresolved,5,2,1,not sampled,0,0,0
tiny-01291,absent,5,1,1,not sampled,0,0,0
tiny-01292,unresolved,4,2,1,not sampled,0,0,0
tiny-01293,unresolved,4,3,1,not sampled,0,0,0
tiny-01294,unresolved,5,2,1,not sampled,0,0,0
tiny-01295,unresolved,5,3,1,not sampled,0,0,0
tiny-01296,invalidated,2,1,1,not sampled,0,0,0
tiny-01297,absent,2,2,1,not sampled,0,0,0
tiny-01298,invalidated,3,2,1,not sampled,0,0,0
tiny-01299,absent,3,2,1,not sampled,0,0,0
tiny-01300,invalidated,3,1,1,not sampled,0,0,0
tiny-01301,absent,3,1,1,not sampled,0,0,0
tiny-01302,invalidated,4,2,1,not sampled,0,0,0
tiny-01303,absent,4,1,1,not sampled,0,0,0
tiny-01304,invalidated,3,1,1,not sampled,0,0,0
tiny-01305,absent,3,3,1,not sampled,0,0,0
tiny-01306,invalidated,4,2,1,not sampled,0,0,0
tiny-01307,absent,4,3,1,not sampled,0,0,0
tiny-01308,preserved,1,0,1,1,2,2,0
tiny-01309,newly_justified,1,1,1,1,2,1,0
tiny-01310,unresolved,2,1,1,not sampled,0,0,0
tiny-01311,newly_justified,2,1,1,1,4,2,0
tiny-01312,preserved,2,0,1,1,4,4,0
tiny-01313,absent,2,1,1,not sampled,0,0,0
tiny-01314,unresolved,3,1,1,not sampled,0,0,0
tiny-01315,absent,3,1,1,not sampled,0,0,0
tiny-01316,preserved,2,0,1,1,4,4,0
tiny-01317,newly_justified,2,2,1,1,4,1,0
tiny-01318,unresolved,3,1,1,not sampled,0,0,0
tiny-01319,newly_justified,3,2,1,1,8,2,0
tiny-01320,unresolved,2,1,1,not sampled,0,0,0
tiny-01321,unresolved,2,2,1,not sampled,0,0,0
tiny-01322,unresolved,3,2,1,not sampled,0,0,0
tiny-01323,unresolved,3,2,1,not sampled,0,0,0
tiny-01324,unresolved,3,1,1,not sampled,0,0,0
tiny-01325,absent,3,1,1,not sampled,0,0,0
tiny-01326,unresolved,4,2,1,not sampled,0,0,0
tiny-01327,absent,4,1,1,not sampled,0,0,0
tiny-01328,unresolved,3,1,1,not sampled,0,0,0
tiny-01329,unresolved,3,3,1,not sampled,0,0,0
tiny-01330,unresolved,4,2,1,not sampled,0,0,0
tiny-01331,unresolved,4,3,1,not sampled,0,0,0
tiny-01332,invalidated,1,1,1,not sampled,0,0,0
tiny-01333,absent,1,1,1,not sampled,0,0,0
tiny-01334,invalidated,2,2,1,not sampled,0,0,0
tiny-01335,absent,2,1,1,not sampled,0,0,0
tiny-01336,invalidated,2,1,1,not sampled,0,0,0
tiny-01337,absent,2,1,1,not sampled,0,0,0
tiny-01338,invalidated,3,2,1,not sampled,0,0,0
tiny-01339,absent,3,1,1,not sampled,0,0,0
tiny-01340,invalidated,2,1,1,not sampled,0,0,0
tiny-01341,absent,2,2,1,not sampled,0,0,0
tiny-01342,invalidated,3,2,1,not sampled,0,0,0
tiny-01343,absent,3,2,1,not sampled,0,0,0
tiny-01344,preserved,0,0,1,1,1,1,0
tiny-01345,absent,0,0,1,not sampled,0,0,0
tiny-01346,unresolved,1,1,1,not sampled,0,0,0
tiny-01347,absent,1,0,1,not sampled,0,0,0
tiny-01348,preserved,1,0,1,1,2,2,0
tiny-01349,absent,1,1,1,not sampled,0,0,0
tiny-01350,unresolved,2,1,1,not sampled,0,0,0
tiny-01351,absent,2,1,1,not sampled,0,0,0
tiny-01352,preserved,1,0,1,1,2,2,0
tiny-01353,absent,1,1,1,not sampled,0,0,0
tiny-01354,unresolved,2,1,1,not sampled,0,0,0
tiny-01355,absent,2,1,1,not sampled,0,0,0
tiny-01356,unresolved,1,1,1,not sampled,0,0,0
tiny-01357,absent,1,1,1,not sampled,0,0,0
tiny-01358,unresolved,2,2,1,not sampled,0,0,0
tiny-01359,absent,2,1,1,not sampled,0,0,0
tiny-01360,unresolved,2,1,1,not sampled,0,0,0
tiny-01361,absent,2,1,1,not sampled,0,0,0
tiny-01362,unresolved,3,2,1,not sampled,0,0,0
tiny-01363,absent,3,1,1,not sampled,0,0,0
tiny-01364,unresolved,2,1,1,not sampled,0,0,0
tiny-01365,absent,2,2,1,not sampled,0,0,0
tiny-01366,unresolved,3,2,1,not sampled,0,0,0
tiny-01367,absent,3,2,1,not sampled,0,0,0
tiny-01368,invalidated,2,1,1,not sampled,0,0,0
tiny-01369,absent,2,2,1,not sampled,0,0,0
tiny-01370,invalidated,3,2,1,not sampled,0,0,0
tiny-01371,absent,3,2,1,not sampled,0,0,0
tiny-01372,invalidated,3,1,1,not sampled,0,0,0
tiny-01373,absent,3,1,1,not sampled,0,0,0
tiny-01374,invalidated,4,2,1,not sampled,0,0,0
tiny-01375,absent,4,1,1,not sampled,0,0,0
tiny-01376,invalidated,3,1,1,not sampled,0,0,0
tiny-01377,absent,3,3,1,not sampled,0,0,0
tiny-01378,invalidated,4,2,1,not sampled,0,0,0
tiny-01379,absent,4,3,1,not sampled,0,0,0
tiny-01380,preserved,1,0,1,1,2,2,0
tiny-01381,unresolved,1,1,1,not sampled,0,0,0
tiny-01382,unresolved,2,1,1,not sampled,0,0,0
tiny-01383,unresolved,2,1,1,not sampled,0,0,0
tiny-01384,preserved,2,0,1,1,4,4,0
tiny-01385,absent,2,1,1,not sampled,0,0,0
tiny-01386,unresolved,3,1,1,not sampled,0,0,0
tiny-01387,absent,3,1,1,not sampled,0,0,0
tiny-01388,preserved,2,0,1,1,4,4,0
tiny-01389,unresolved,2,2,1,not sampled,0,0,0
tiny-01390,unresolved,3,1,1,not sampled,0,0,0
tiny-01391,unresolved,3,2,1,not sampled,0,0,0
tiny-01392,unresolved,2,1,1,not sampled,0,0,0
tiny-01393,unresolved,2,2,1,not sampled,0,0,0
tiny-01394,unresolved,3,2,1,not sampled,0,0,0
tiny-01395,unresolved,3,2,1,not sampled,0,0,0
tiny-01396,unresolved,3,1,1,not sampled,0,0,0
tiny-01397,absent,3,1,1,not sampled,0,0,0
tiny-01398,unresolved,4,2,1,not sampled,0,0,0
tiny-01399,absent,4,1,1,not sampled,0,0,0
tiny-01400,unresolved,3,1,1,not sampled,0,0,0
tiny-01401,unresolved,3,3,1,not sampled,0,0,0
tiny-01402,unresolved,4,2,1,not sampled,0,0,0
tiny-01403,unresolved,4,3,1,not sampled,0,0,0
tiny-01404,invalidated,3,2,1,not sampled,0,0,0
tiny-01405,absent,3,2,1,not sampled,0,0,0
tiny-01406,invalidated,4,2,1,not sampled,0,0,0
tiny-01407,absent,4,2,1,not sampled,0,0,0
tiny-01408,invalidated,4,2,1,not sampled,0,0,0
tiny-01409,absent,4,1,1,not sampled,0,0,0
tiny-01410,invalidated,5,2,1,not sampled,0,0,0
tiny-01411,absent,5,1,1,not sampled,0,0,0
tiny-01412,invalidated,4,2,1,not sampled,0,0,0
tiny-01413,absent,4,3,1,not sampled,0,0,0
tiny-01414,invalidated,5,2,1,not sampled,0,0,0
tiny-01415,absent,5,3,1,not sampled,0,0,0
tiny-01416,invalidated,2,1,1,not sampled,0,0,0
tiny-01417,newly_justified,2,1,1,1,4,2,0
tiny-01418,unresolved,3,1,1,not sampled,0,0,0
tiny-01419,newly_justified,3,1,1,1,8,4,0
tiny-01420,invalidated,3,1,1,not sampled,0,0,0
tiny-01421,absent,3,1,1,not sampled,0,0,0
tiny-01422,unresolved,4,1,1,not sampled,0,0,0
tiny-01423,absent,4,1,1,not sampled,0,0,0
tiny-01424,invalidated,3,1,1,not sampled,0,0,0
tiny-01425,newly_justified,3,2,1,1,8,2,0
tiny-01426,unresolved,4,1,1,not sampled,0,0,0
tiny-01427,newly_justified,4,2,1,1,16,4,0
tiny-01428,invalidated,3,2,1,not sampled,0,0,0
tiny-01429,unresolved,3,2,1,not sampled,0,0,0
tiny-01430,unresolved,4,2,1,not sampled,0,0,0
tiny-01431,unresolved,4,2,1,not sampled,0,0,0
tiny-01432,invalidated,4,2,1,not sampled,0,0,0
tiny-01433,absent,4,1,1,not sampled,0,0,0
tiny-01434,unresolved,5,2,1,not sampled,0,0,0
tiny-01435,absent,5,1,1,not sampled,0,0,0
tiny-01436,invalidated,4,2,1,not sampled,0,0,0
tiny-01437,unresolved,4,3,1,not sampled,0,0,0
tiny-01438,unresolved,5,2,1,not sampled,0,0,0
tiny-01439,unresolved,5,3,1,not sampled,0,0,0
tiny-01440,invalidated,2,2,1,not sampled,0,0,0
tiny-01441,absent,2,1,1,not sampled,0,0,0
tiny-01442,invalidated,3,2,1,not sampled,0,0,0
tiny-01443,absent,3,1,1,not sampled,0,0,0
tiny-01444,invalidated,3,2,1,not sampled,0,0,0
tiny-01445,absent,3,1,1,not sampled,0,0,0
tiny-01446,invalidated,4,2,1,not sampled,0,0,0
tiny-01447,absent,4,1,1,not sampled,0,0,0
tiny-01448,invalidated,3,2,1,not sampled,0,0,0
tiny-01449,absent,3,2,1,not sampled,0,0,0
tiny-01450,invalidated,4,2,1,not sampled,0,0,0
tiny-01451,absent,4,2,1,not sampled,0,0,0
tiny-01452,invalidated,1,1,1,not sampled,0,0,0
tiny-01453,absent,1,0,1,not sampled,0,0,0
tiny-01454,unresolved,2,1,1,not sampled,0,0,0
tiny-01455,absent,2,0,1,not sampled,0,0,0
tiny-01456,invalidated,2,1,1,not sampled,0,0,0
tiny-01457,absent,2,1,1,not sampled,0,0,0
tiny-01458,unresolved,3,1,1,not sampled,0,0,0
tiny-01459,absent,3,1,1,not sampled,0,0,0
tiny-01460,invalidated,2,1,1,not sampled,0,0,0
tiny-01461,absent,2,1,1,not sampled,0,0,0
tiny-01462,unresolved,3,1,1,not sampled,0,0,0
tiny-01463,absent,3,1,1,not sampled,0,0,0
tiny-01464,invalidated,2,2,1,not sampled,0,0,0
tiny-01465,absent,2,1,1,not sampled,0,0,0
tiny-01466,unresolved,3,2,1,not sampled,0,0,0
tiny-01467,absent,3,1,1,not sampled,0,0,0
tiny-01468,invalidated,3,2,1,not sampled,0,0,0
tiny-01469,absent,3,1,1,not sampled,0,0,0
tiny-01470,unresolved,4,2,1,not sampled,0,0,0
tiny-01471,absent,4,1,1,not sampled,0,0,0
tiny-01472,invalidated,3,2,1,not sampled,0,0,0
tiny-01473,absent,3,2,1,not sampled,0,0,0
tiny-01474,unresolved,4,2,1,not sampled,0,0,0
tiny-01475,absent,4,2,1,not sampled,0,0,0
tiny-01476,invalidated,3,2,1,not sampled,0,0,0
tiny-01477,absent,3,2,1,not sampled,0,0,0
tiny-01478,invalidated,4,2,1,not sampled,0,0,0
tiny-01479,absent,4,2,1,not sampled,0,0,0
tiny-01480,invalidated,4,2,1,not sampled,0,0,0
tiny-01481,absent,4,1,1,not sampled,0,0,0
tiny-01482,invalidated,5,2,1,not sampled,0,0,0
tiny-01483,absent,5,1,1,not sampled,0,0,0
tiny-01484,invalidated,4,2,1,not sampled,0,0,0
tiny-01485,absent,4,3,1,not sampled,0,0,0
tiny-01486,invalidated,5,2,1,not sampled,0,0,0
tiny-01487,absent,5,3,1,not sampled,0,0,0
tiny-01488,invalidated,2,1,1,not sampled,0,0,0
tiny-01489,unresolved,2,1,1,not sampled,0,0,0
tiny-01490,unresolved,3,1,1,not sampled,0,0,0
tiny-01491,unresolved,3,1,1,not sampled,0,0,0
tiny-01492,invalidated,3,1,1,not sampled,0,0,0
tiny-01493,absent,3,1,1,not sampled,0,0,0
tiny-01494,unresolved,4,1,1,not sampled,0,0,0
tiny-01495,absent,4,1,1,not sampled,0,0,0
tiny-01496,invalidated,3,1,1,not sampled,0,0,0
tiny-01497,unresolved,3,2,1,not sampled,0,0,0
tiny-01498,unresolved,4,1,1,not sampled,0,0,0
tiny-01499,unresolved,4,2,1,not sampled,0,0,0
tiny-01500,invalidated,3,2,1,not sampled,0,0,0
tiny-01501,unresolved,3,2,1,not sampled,0,0,0
tiny-01502,unresolved,4,2,1,not sampled,0,0,0
tiny-01503,unresolved,4,2,1,not sampled,0,0,0
tiny-01504,invalidated,4,2,1,not sampled,0,0,0
tiny-01505,absent,4,1,1,not sampled,0,0,0
tiny-01506,unresolved,5,2,1,not sampled,0,0,0
tiny-01507,absent,5,1,1,not sampled,0,0,0
tiny-01508,invalidated,4,2,1,not sampled,0,0,0
tiny-01509,unresolved,4,3,1,not sampled,0,0,0
tiny-01510,unresolved,5,2,1,not sampled,0,0,0
tiny-01511,unresolved,5,3,1,not sampled,0,0,0
tiny-01512,invalidated,3,2,1,not sampled,0,0,0
tiny-01513,absent,3,2,1,not sampled,0,0,0
tiny-01514,invalidated,4,2,1,not sampled,0,0,0
tiny-01515,absent,4,2,1,not sampled,0,0,0
tiny-01516,invalidated,4,2,1,not sampled,0,0,0
tiny-01517,absent,4,1,1,not sampled,0,0,0
tiny-01518,invalidated,5,2,1,not sampled,0,0,0
tiny-01519,absent,5,1,1,not sampled,0,0,0
tiny-01520,invalidated,4,2,1,not sampled,0,0,0
tiny-01521,absent,4,3,1,not sampled,0,0,0
tiny-01522,invalidated,5,2,1,not sampled,0,0,0
tiny-01523,absent,5,3,1,not sampled,0,0,0
tiny-01524,unresolved,2,1,1,not sampled,0,0,0
tiny-01525,newly_justified,2,1,1,1,4,2,0
tiny-01526,unresolved,3,1,1,not sampled,0,0,0
tiny-01527,newly_justified,3,1,1,1,8,4,0
tiny-01528,unresolved,3,1,1,not sampled,0,0,0
tiny-01529,absent,3,1,1,not sampled,0,0,0
tiny-01530,unresolved,4,1,1,not sampled,0,0,0
tiny-01531,absent,4,1,1,not sampled,0,0,0
tiny-01532,unresolved,3,1,1,not sampled,0,0,0
tiny-01533,newly_justified,3,2,1,not sampled,0,0,0
tiny-01534,unresolved,4,1,1,not sampled,0,0,0
tiny-01535,newly_justified,4,2,1,not sampled,0,0,0
tiny-01536,unresolved,3,2,1,not sampled,0,0,0
tiny-01537,unresolved,3,2,1,not sampled,0,0,0
tiny-01538,unresolved,4,2,1,not sampled,0,0,0
tiny-01539,unresolved,4,2,1,not sampled,0,0,0
tiny-01540,unresolved,4,2,1,not sampled,0,0,0
tiny-01541,absent,4,1,1,not sampled,0,0,0
tiny-01542,unresolved,5,2,1,not sampled,0,0,0
tiny-01543,absent,5,1,1,not sampled,0,0,0
tiny-01544,unresolved,4,2,1,not sampled,0,0,0
tiny-01545,unresolved,4,3,1,not sampled,0,0,0
tiny-01546,unresolved,5,2,1,not sampled,0,0,0
tiny-01547,unresolved,5,3,1,not sampled,0,0,0
tiny-01548,invalidated,2,2,1,not sampled,0,0,0
tiny-01549,absent,2,1,1,not sampled,0,0,0
tiny-01550,invalidated,3,2,1,not sampled,0,0,0
tiny-01551,absent,3,1,1,not sampled,0,0,0
tiny-01552,invalidated,3,2,1,not sampled,0,0,0
tiny-01553,absent,3,1,1,not sampled,0,0,0
tiny-01554,invalidated,4,2,1,not sampled,0,0,0
tiny-01555,absent,4,1,1,not sampled,0,0,0
tiny-01556,invalidated,3,2,1,not sampled,0,0,0
tiny-01557,absent,3,2,1,not sampled,0,0,0
tiny-01558,invalidated,4,2,1,not sampled,0,0,0
tiny-01559,absent,4,2,1,not sampled,0,0,0
tiny-01560,unresolved,1,1,1,not sampled,0,0,0
tiny-01561,absent,1,0,1,not sampled,0,0,0
tiny-01562,unresolved,2,1,1,not sampled,0,0,0
tiny-01563,absent,2,0,1,not sampled,0,0,0
tiny-01564,unresolved,2,1,1,not sampled,0,0,0
tiny-01565,absent,2,1,1,not sampled,0,0,0
tiny-01566,unresolved,3,1,1,not sampled,0,0,0
tiny-01567,absent,3,1,1,not sampled,0,0,0
tiny-01568,unresolved,2,1,1,not sampled,0,0,0
tiny-01569,absent,2,1,1,not sampled,0,0,0
tiny-01570,unresolved,3,1,1,not sampled,0,0,0
tiny-01571,absent,3,1,1,not sampled,0,0,0
tiny-01572,unresolved,2,2,1,not sampled,0,0,0
tiny-01573,absent,2,1,1,not sampled,0,0,0
tiny-01574,unresolved,3,2,1,not sampled,0,0,0
tiny-01575,absent,3,1,1,not sampled,0,0,0
tiny-01576,unresolved,3,2,1,not sampled,0,0,0
tiny-01577,absent,3,1,1,not sampled,0,0,0
tiny-01578,unresolved,4,2,1,not sampled,0,0,0
tiny-01579,absent,4,1,1,not sampled,0,0,0
tiny-01580,unresolved,3,2,1,not sampled,0,0,0
tiny-01581,absent,3,2,1,not sampled,0,0,0
tiny-01582,unresolved,4,2,1,not sampled,0,0,0
tiny-01583,absent,4,2,1,not sampled,0,0,0
tiny-01584,invalidated,3,2,1,not sampled,0,0,0
tiny-01585,absent,3,2,1,not sampled,0,0,0
tiny-01586,invalidated,4,2,1,not sampled,0,0,0
tiny-01587,absent,4,2,1,not sampled,0,0,0
tiny-01588,invalidated,4,2,1,not sampled,0,0,0
tiny-01589,absent,4,1,1,not sampled,0,0,0
tiny-01590,invalidated,5,2,1,not sampled,0,0,0
tiny-01591,absent,5,1,1,not sampled,0,0,0
tiny-01592,invalidated,4,2,1,not sampled,0,0,0
tiny-01593,absent,4,3,1,not sampled,0,0,0
tiny-01594,invalidated,5,2,1,not sampled,0,0,0
tiny-01595,absent,5,3,1,not sampled,0,0,0
tiny-01596,unresolved,2,1,1,not sampled,0,0,0
tiny-01597,unresolved,2,1,1,not sampled,0,0,0
tiny-01598,unresolved,3,1,1,not sampled,0,0,0
tiny-01599,unresolved,3,1,1,not sampled,0,0,0
tiny-01600,unresolved,3,1,1,not sampled,0,0,0
tiny-01601,absent,3,1,1,not sampled,0,0,0
tiny-01602,unresolved,4,1,1,not sampled,0,0,0
tiny-01603,absent,4,1,1,not sampled,0,0,0
tiny-01604,unresolved,3,1,1,not sampled,0,0,0
tiny-01605,unresolved,3,2,1,not sampled,0,0,0
tiny-01606,unresolved,4,1,1,not sampled,0,0,0
tiny-01607,unresolved,4,2,1,not sampled,0,0,0
tiny-01608,unresolved,3,2,1,not sampled,0,0,0
tiny-01609,unresolved,3,2,1,not sampled,0,0,0
tiny-01610,unresolved,4,2,1,not sampled,0,0,0
tiny-01611,unresolved,4,2,1,not sampled,0,0,0
tiny-01612,unresolved,4,2,1,not sampled,0,0,0
tiny-01613,absent,4,1,1,not sampled,0,0,0
tiny-01614,unresolved,5,2,1,not sampled,0,0,0
tiny-01615,absent,5,1,1,not sampled,0,0,0
tiny-01616,unresolved,4,2,1,not sampled,0,0,0
tiny-01617,unresolved,4,3,1,not sampled,0,0,0
tiny-01618,unresolved,5,2,1,not sampled,0,0,0
tiny-01619,unresolved,5,3,1,not sampled,0,0,0
tiny-01620,unresolved,2,1,1,not sampled,0,0,0
tiny-01621,absent,2,2,1,not sampled,0,0,0
tiny-01622,unresolved,3,2,1,not sampled,0,0,0
tiny-01623,absent,3,2,1,not sampled,0,0,0
tiny-01624,unresolved,3,1,1,not sampled,0,0,0
tiny-01625,absent,3,1,1,not sampled,0,0,0
tiny-01626,unresolved,4,2,1,not sampled,0,0,0
tiny-01627,absent,4,1,1,not sampled,0,0,0
tiny-01628,unresolved,3,1,1,not sampled,0,0,0
tiny-01629,absent,3,3,1,not sampled,0,0,0
tiny-01630,unresolved,4,2,1,not sampled,0,0,0
tiny-01631,absent,4,3,1,not sampled,0,0,0
tiny-01632,unresolved,2,1,1,not sampled,0,0,0
tiny-01633,newly_justified,2,2,1,not sampled,0,0,0
tiny-01634,unresolved,3,2,1,not sampled,0,0,0
tiny-01635,newly_justified,3,2,1,not sampled,0,0,0
tiny-01636,unresolved,3,1,1,not sampled,0,0,0
tiny-01637,absent,3,1,1,not sampled,0,0,0
tiny-01638,unresolved,4,2,1,not sampled,0,0,0
tiny-01639,absent,4,1,1,not sampled,0,0,0
tiny-01640,unresolved,3,1,1,not sampled,0,0,0
tiny-01641,newly_justified,3,3,1,not sampled,0,0,0
tiny-01642,unresolved,4,2,1,not sampled,0,0,0
tiny-01643,newly_justified,4,3,1,not sampled,0,0,0
tiny-01644,unresolved,1,0,1,not sampled,0,0,0
tiny-01645,unresolved,1,1,1,not sampled,0,0,0
tiny-01646,unresolved,2,1,1,not sampled,0,0,0
tiny-01647,unresolved,2,1,1,not sampled,0,0,0
tiny-01648,unresolved,2,0,1,not sampled,0,0,0
tiny-01649,absent,2,1,1,not sampled,0,0,0
tiny-01650,unresolved,3,1,1,not sampled,0,0,0
tiny-01651,absent,3,1,1,not sampled,0,0,0
tiny-01652,unresolved,2,0,1,not sampled,0,0,0
tiny-01653,unresolved,2,2,1,not sampled,0,0,0
tiny-01654,unresolved,3,1,1,not sampled,0,0,0
tiny-01655,unresolved,3,2,1,not sampled,0,0,0
tiny-01656,unresolved,1,1,1,not sampled,0,0,0
tiny-01657,absent,1,1,1,not sampled,0,0,0
tiny-01658,unresolved,2,2,1,not sampled,0,0,0
tiny-01659,absent,2,1,1,not sampled,0,0,0
tiny-01660,unresolved,2,1,1,not sampled,0,0,0
tiny-01661,absent,2,1,1,not sampled,0,0,0
tiny-01662,unresolved,3,2,1,not sampled,0,0,0
tiny-01663,absent,3,1,1,not sampled,0,0,0
tiny-01664,unresolved,2,1,1,not sampled,0,0,0
tiny-01665,absent,2,2,1,not sampled,0,0,0
tiny-01666,unresolved,3,2,1,not sampled,0,0,0
tiny-01667,absent,3,2,1,not sampled,0,0,0
tiny-01668,unresolved,1,1,1,not sampled,0,0,0
tiny-01669,absent,1,1,1,not sampled,0,0,0
tiny-01670,unresolved,2,2,1,not sampled,0,0,0
tiny-01671,absent,2,1,1,not sampled,0,0,0
tiny-01672,unresolved,2,1,1,not sampled,0,0,0
tiny-01673,absent,2,1,1,not sampled,0,0,0
tiny-01674,unresolved,3,2,1,not sampled,0,0,0
tiny-01675,absent,3,1,1,not sampled,0,0,0
tiny-01676,unresolved,2,1,1,not sampled,0,0,0
tiny-01677,absent,2,2,1,not sampled,0,0,0
tiny-01678,unresolved,3,2,1,not sampled,0,0,0
tiny-01679,absent,3,2,1,not sampled,0,0,0
tiny-01680,unresolved,0,0,1,not sampled,0,0,0
tiny-01681,absent,0,0,1,not sampled,0,0,0
tiny-01682,unresolved,1,1,1,not sampled,0,0,0
tiny-01683,absent,1,0,1,not sampled,0,0,0
tiny-01684,unresolved,1,0,1,not sampled,0,0,0
tiny-01685,absent,1,1,1,not sampled,0,0,0
tiny-01686,unresolved,2,1,1,not sampled,0,0,0
tiny-01687,absent,2,1,1,not sampled,0,0,0
tiny-01688,unresolved,1,0,1,not sampled,0,0,0
tiny-01689,absent,1,1,1,not sampled,0,0,0
tiny-01690,unresolved,2,1,1,not sampled,0,0,0
tiny-01691,absent,2,1,1,not sampled,0,0,0
tiny-01692,unresolved,2,1,1,not sampled,0,0,0
tiny-01693,absent,2,2,1,not sampled,0,0,0
tiny-01694,unresolved,3,2,1,not sampled,0,0,0
tiny-01695,absent,3,2,1,not sampled,0,0,0
tiny-01696,unresolved,3,1,1,not sampled,0,0,0
tiny-01697,absent,3,1,1,not sampled,0,0,0
tiny-01698,unresolved,4,2,1,not sampled,0,0,0
tiny-01699,absent,4,1,1,not sampled,0,0,0
tiny-01700,unresolved,3,1,1,not sampled,0,0,0
tiny-01701,absent,3,3,1,not sampled,0,0,0
tiny-01702,unresolved,4,2,1,not sampled,0,0,0
tiny-01703,absent,4,3,1,not sampled,0,0,0
tiny-01704,unresolved,2,1,1,not sampled,0,0,0
tiny-01705,unresolved,2,2,1,not sampled,0,0,0
tiny-01706,unresolved,3,2,1,not sampled,0,0,0
tiny-01707,unresolved,3,2,1,not sampled,0,0,0
tiny-01708,unresolved,3,1,1,not sampled,0,0,0
tiny-01709,absent,3,1,1,not sampled,0,0,0
tiny-01710,unresolved,4,2,1,not sampled,0,0,0
tiny-01711,absent,4,1,1,not sampled,0,0,0
tiny-01712,unresolved,3,1,1,not sampled,0,0,0
tiny-01713,unresolved,3,3,1,not sampled,0,0,0
tiny-01714,unresolved,4,2,1,not sampled,0,0,0
tiny-01715,unresolved,4,3,1,not sampled,0,0,0
tiny-01716,unresolved,1,0,1,not sampled,0,0,0
tiny-01717,unresolved,1,1,1,not sampled,0,0,0
tiny-01718,unresolved,2,1,1,not sampled,0,0,0
tiny-01719,unresolved,2,1,1,not sampled,0,0,0
tiny-01720,unresolved,2,0,1,not sampled,0,0,0
tiny-01721,absent,2,1,1,not sampled,0,0,0
tiny-01722,unresolved,3,1,1,not sampled,0,0,0
tiny-01723,absent,3,1,1,not sampled,0,0,0
tiny-01724,unresolved,2,0,1,not sampled,0,0,0
tiny-01725,unresolved,2,2,1,not sampled,0,0,0
tiny-01726,unresolved,3,1,1,not sampled,0,0,0
tiny-01727,unresolved,3,2,1,not sampled,0,0,0
tiny-01728,unresolved,3,2,1,not sampled,0,0,0
tiny-01729,absent,3,2,1,not sampled,0,0,0
tiny-01730,unresolved,4,2,1,not sampled,0,0,0
tiny-01731,absent,4,2,1,not sampled,0,0,0
tiny-01732,unresolved,4,2,1,not sampled,0,0,0
tiny-01733,absent,4,1,1,not sampled,0,0,0
tiny-01734,unresolved,5,2,1,not sampled,0,0,0
tiny-01735,absent,5,1,1,not sampled,0,0,0
tiny-01736,unresolved,4,2,1,not sampled,0,0,0
tiny-01737,absent,4,3,1,not sampled,0,0,0
tiny-01738,unresolved,5,2,1,not sampled,0,0,0
tiny-01739,absent,5,3,1,not sampled,0,0,0
tiny-01740,unresolved,3,2,1,not sampled,0,0,0
tiny-01741,newly_justified,3,2,1,not sampled,0,0,0
tiny-01742,unresolved,4,2,1,not sampled,0,0,0
tiny-01743,newly_justified,4,2,1,not sampled,0,0,0
tiny-01744,unresolved,4,2,1,not sampled,0,0,0
tiny-01745,absent,4,1,1,not sampled,0,0,0
tiny-01746,unresolved,5,2,1,not sampled,0,0,0
tiny-01747,absent,5,1,1,not sampled,0,0,0
tiny-01748,unresolved,4,2,1,not sampled,0,0,0
tiny-01749,newly_justified,4,3,1,not sampled,0,0,0
tiny-01750,unresolved,5,2,1,not sampled,0,0,0
tiny-01751,newly_justified,5,3,1,not sampled,0,0,0
tiny-01752,unresolved,2,1,1,not sampled,0,0,0
tiny-01753,unresolved,2,1,1,not sampled,0,0,0
tiny-01754,unresolved,3,1,1,not sampled,0,0,0
tiny-01755,unresolved,3,1,1,not sampled,0,0,0
tiny-01756,unresolved,3,1,1,not sampled,0,0,0
tiny-01757,absent,3,1,1,not sampled,0,0,0
tiny-01758,unresolved,4,1,1,not sampled,0,0,0
tiny-01759,absent,4,1,1,not sampled,0,0,0
tiny-01760,unresolved,3,1,1,not sampled,0,0,0
tiny-01761,unresolved,3,2,1,not sampled,0,0,0
tiny-01762,unresolved,4,1,1,not sampled,0,0,0
tiny-01763,unresolved,4,2,1,not sampled,0,0,0
tiny-01764,unresolved,2,2,1,not sampled,0,0,0
tiny-01765,absent,2,1,1,not sampled,0,0,0
tiny-01766,unresolved,3,2,1,not sampled,0,0,0
tiny-01767,absent,3,1,1,not sampled,0,0,0
tiny-01768,unresolved,3,2,1,not sampled,0,0,0
tiny-01769,absent,3,1,1,not sampled,0,0,0
tiny-01770,unresolved,4,2,1,not sampled,0,0,0
tiny-01771,absent,4,1,1,not sampled,0,0,0
tiny-01772,unresolved,3,2,1,not sampled,0,0,0
tiny-01773,absent,3,2,1,not sampled,0,0,0
tiny-01774,unresolved,4,2,1,not sampled,0,0,0
tiny-01775,absent,4,2,1,not sampled,0,0,0
tiny-01776,unresolved,2,2,1,not sampled,0,0,0
tiny-01777,absent,2,1,1,not sampled,0,0,0
tiny-01778,unresolved,3,2,1,not sampled,0,0,0
tiny-01779,absent,3,1,1,not sampled,0,0,0
tiny-01780,unresolved,3,2,1,not sampled,0,0,0
tiny-01781,absent,3,1,1,not sampled,0,0,0
tiny-01782,unresolved,4,2,1,not sampled,0,0,0
tiny-01783,absent,4,1,1,not sampled,0,0,0
tiny-01784,unresolved,3,2,1,not sampled,0,0,0
tiny-01785,absent,3,2,1,not sampled,0,0,0
tiny-01786,unresolved,4,2,1,not sampled,0,0,0
tiny-01787,absent,4,2,1,not sampled,0,0,0
tiny-01788,unresolved,1,1,1,not sampled,0,0,0
tiny-01789,absent,1,0,1,not sampled,0,0,0
tiny-01790,unresolved,2,1,1,not sampled,0,0,0
tiny-01791,absent,2,0,1,not sampled,0,0,0
tiny-01792,unresolved,2,1,1,not sampled,0,0,0
tiny-01793,absent,2,1,1,not sampled,0,0,0
tiny-01794,unresolved,3,1,1,not sampled,0,0,0
tiny-01795,absent,3,1,1,not sampled,0,0,0
tiny-01796,unresolved,2,1,1,not sampled,0,0,0
tiny-01797,absent,2,1,1,not sampled,0,0,0
tiny-01798,unresolved,3,1,1,not sampled,0,0,0
tiny-01799,absent,3,1,1,not sampled,0,0,0
tiny-01800,unresolved,3,2,1,not sampled,0,0,0
tiny-01801,absent,3,2,1,not sampled,0,0,0
tiny-01802,unresolved,4,2,1,not sampled,0,0,0
tiny-01803,absent,4,2,1,not sampled,0,0,0
tiny-01804,unresolved,4,2,1,not sampled,0,0,0
tiny-01805,absent,4,1,1,not sampled,0,0,0
tiny-01806,unresolved,5,2,1,not sampled,0,0,0
tiny-01807,absent,5,1,1,not sampled,0,0,0
tiny-01808,unresolved,4,2,1,not sampled,0,0,0
tiny-01809,absent,4,3,1,not sampled,0,0,0
tiny-01810,unresolved,5,2,1,not sampled,0,0,0
tiny-01811,absent,5,3,1,not sampled,0,0,0
tiny-01812,unresolved,3,2,1,not sampled,0,0,0
tiny-01813,unresolved,3,2,1,not sampled,0,0,0
tiny-01814,unresolved,4,2,1,not sampled,0,0,0
tiny-01815,unresolved,4,2,1,not sampled,0,0,0
tiny-01816,unresolved,4,2,1,not sampled,0,0,0
tiny-01817,absent,4,1,1,not sampled,0,0,0
tiny-01818,unresolved,5,2,1,not sampled,0,0,0
tiny-01819,absent,5,1,1,not sampled,0,0,0
tiny-01820,unresolved,4,2,1,not sampled,0,0,0
tiny-01821,unresolved,4,3,1,not sampled,0,0,0
tiny-01822,unresolved,5,2,1,not sampled,0,0,0
tiny-01823,unresolved,5,3,1,not sampled,0,0,0
tiny-01824,unresolved,2,1,1,not sampled,0,0,0
tiny-01825,unresolved,2,1,1,not sampled,0,0,0
tiny-01826,unresolved,3,1,1,not sampled,0,0,0
tiny-01827,unresolved,3,1,1,not sampled,0,0,0
tiny-01828,unresolved,3,1,1,not sampled,0,0,0
tiny-01829,absent,3,1,1,not sampled,0,0,0
tiny-01830,unresolved,4,1,1,not sampled,0,0,0
tiny-01831,absent,4,1,1,not sampled,0,0,0
tiny-01832,unresolved,3,1,1,not sampled,0,0,0
tiny-01833,unresolved,3,2,1,not sampled,0,0,0
tiny-01834,unresolved,4,1,1,not sampled,0,0,0
tiny-01835,unresolved,4,2,1,not sampled,0,0,0
tiny-01836,unresolved,3,2,1,not sampled,0,0,0
tiny-01837,absent,3,2,1,not sampled,0,0,0
tiny-01838,unresolved,4,2,1,not sampled,0,0,0
tiny-01839,absent,4,2,1,not sampled,0,0,0
tiny-01840,unresolved,4,2,1,not sampled,0,0,0
tiny-01841,absent,4,1,1,not sampled,0,0,0
tiny-01842,unresolved,5,2,1,not sampled,0,0,0
tiny-01843,absent,5,1,1,not sampled,0,0,0
tiny-01844,unresolved,4,2,1,not sampled,0,0,0
tiny-01845,absent,4,3,1,not sampled,0,0,0
tiny-01846,unresolved,5,2,1,not sampled,0,0,0
tiny-01847,absent,5,3,1,not sampled,0,0,0
tiny-01848,unresolved,3,2,1,not sampled,0,0,0
tiny-01849,newly_justified,3,2,1,not sampled,0,0,0
tiny-01850,unresolved,4,2,1,not sampled,0,0,0
tiny-01851,newly_justified,4,2,1,not sampled,0,0,0
tiny-01852,unresolved,4,2,1,not sampled,0,0,0
tiny-01853,absent,4,1,1,not sampled,0,0,0
tiny-01854,unresolved,5,2,1,not sampled,0,0,0
tiny-01855,absent,5,1,1,not sampled,0,0,0
tiny-01856,unresolved,4,2,1,not sampled,0,0,0
tiny-01857,newly_justified,4,3,1,not sampled,0,0,0
tiny-01858,unresolved,5,2,1,not sampled,0,0,0
tiny-01859,newly_justified,5,3,1,not sampled,0,0,0
tiny-01860,unresolved,2,1,1,not sampled,0,0,0
tiny-01861,unresolved,2,1,1,not sampled,0,0,0
tiny-01862,unresolved,3,1,1,not sampled,0,0,0
tiny-01863,unresolved,3,1,1,not sampled,0,0,0
tiny-01864,unresolved,3,1,1,not sampled,0,0,0
tiny-01865,absent,3,1,1,not sampled,0,0,0
tiny-01866,unresolved,4,1,1,not sampled,0,0,0
tiny-01867,absent,4,1,1,not sampled,0,0,0
tiny-01868,unresolved,3,1,1,not sampled,0,0,0
tiny-01869,unresolved,3,2,1,not sampled,0,0,0
tiny-01870,unresolved,4,1,1,not sampled,0,0,0
tiny-01871,unresolved,4,2,1,not sampled,0,0,0
tiny-01872,unresolved,2,2,1,not sampled,0,0,0
tiny-01873,absent,2,1,1,not sampled,0,0,0
tiny-01874,unresolved,3,2,1,not sampled,0,0,0
tiny-01875,absent,3,1,1,not sampled,0,0,0
tiny-01876,unresolved,3,2,1,not sampled,0,0,0
tiny-01877,absent,3,1,1,not sampled,0,0,0
tiny-01878,unresolved,4,2,1,not sampled,0,0,0
tiny-01879,absent,4,1,1,not sampled,0,0,0
tiny-01880,unresolved,3,2,1,not sampled,0,0,0
tiny-01881,absent,3,2,1,not sampled,0,0,0
tiny-01882,unresolved,4,2,1,not sampled,0,0,0
tiny-01883,absent,4,2,1,not sampled,0,0,0
tiny-01884,unresolved,2,2,1,not sampled,0,0,0
tiny-01885,absent,2,1,1,not sampled,0,0,0
tiny-01886,unresolved,3,2,1,not sampled,0,0,0
tiny-01887,absent,3,1,1,not sampled,0,0,0
tiny-01888,unresolved,3,2,1,not sampled,0,0,0
tiny-01889,absent,3,1,1,not sampled,0,0,0
tiny-01890,unresolved,4,2,1,not sampled,0,0,0
tiny-01891,absent,4,1,1,not sampled,0,0,0
tiny-01892,unresolved,3,2,1,not sampled,0,0,0
tiny-01893,absent,3,2,1,not sampled,0,0,0
tiny-01894,unresolved,4,2,1,not sampled,0,0,0
tiny-01895,absent,4,2,1,not sampled,0,0,0
tiny-01896,unresolved,1,1,1,not sampled,0,0,0
tiny-01897,absent,1,0,1,not sampled,0,0,0
tiny-01898,unresolved,2,1,1,not sampled,0,0,0
tiny-01899,absent,2,0,1,not sampled,0,0,0
tiny-01900,unresolved,2,1,1,not sampled,0,0,0
tiny-01901,absent,2,1,1,not sampled,0,0,0
tiny-01902,unresolved,3,1,1,not sampled,0,0,0
tiny-01903,absent,3,1,1,not sampled,0,0,0
tiny-01904,unresolved,2,1,1,not sampled,0,0,0
tiny-01905,absent,2,1,1,not sampled,0,0,0
tiny-01906,unresolved,3,1,1,not sampled,0,0,0
tiny-01907,absent,3,1,1,not sampled,0,0,0
tiny-01908,unresolved,3,2,1,not sampled,0,0,0
tiny-01909,absent,3,2,1,not sampled,0,0,0
tiny-01910,unresolved,4,2,1,not sampled,0,0,0
tiny-01911,absent,4,2,1,not sampled,0,0,0
tiny-01912,unresolved,4,2,1,not sampled,0,0,0
tiny-01913,absent,4,1,1,not sampled,0,0,0
tiny-01914,unresolved,5,2,1,not sampled,0,0,0
tiny-01915,absent,5,1,1,not sampled,0,0,0
tiny-01916,unresolved,4,2,1,not sampled,0,0,0
tiny-01917,absent,4,3,1,not sampled,0,0,0
tiny-01918,unresolved,5,2,1,not sampled,0,0,0
tiny-01919,absent,5,3,1,not sampled,0,0,0
tiny-01920,unresolved,3,2,1,not sampled,0,0,0
tiny-01921,unresolved,3,2,1,not sampled,0,0,0
tiny-01922,unresolved,4,2,1,not sampled,0,0,0
tiny-01923,unresolved,4,2,1,not sampled,0,0,0
tiny-01924,unresolved,4,2,1,not sampled,0,0,0
tiny-01925,absent,4,1,1,not sampled,0,0,0
tiny-01926,unresolved,5,2,1,not sampled,0,0,0
tiny-01927,absent,5,1,1,not sampled,0,0,0
tiny-01928,unresolved,4,2,1,not sampled,0,0,0
tiny-01929,unresolved,4,3,1,not sampled,0,0,0
tiny-01930,unresolved,5,2,1,not sampled,0,0,0
tiny-01931,unresolved,5,3,1,not sampled,0,0,0
tiny-01932,unresolved,2,1,1,not sampled,0,0,0
tiny-01933,unresolved,2,1,1,not sampled,0,0,0
tiny-01934,unresolved,3,1,1,not sampled,0,0,0
tiny-01935,unresolved,3,1,1,not sampled,0,0,0
tiny-01936,unresolved,3,1,1,not sampled,0,0,0
tiny-01937,absent,3,1,1,not sampled,0,0,0
tiny-01938,unresolved,4,1,1,not sampled,0,0,0
tiny-01939,absent,4,1,1,not sampled,0,0,0
tiny-01940,unresolved,3,1,1,not sampled,0,0,0
tiny-01941,unresolved,3,2,1,not sampled,0,0,0
tiny-01942,unresolved,4,1,1,not sampled,0,0,0
tiny-01943,unresolved,4,2,1,not sampled,0,0,0
tiny-01944,absent,1,0,1,not sampled,0,0,0
tiny-01945,absent,1,1,1,not sampled,0,0,0
tiny-01946,absent,2,1,1,not sampled,0,0,0
tiny-01947,absent,2,1,1,not sampled,0,0,0
tiny-01948,absent,2,0,1,not sampled,0,0,0
tiny-01949,absent,2,1,1,not sampled,0,0,0
tiny-01950,absent,3,1,1,not sampled,0,0,0
tiny-01951,absent,3,1,1,not sampled,0,0,0
tiny-01952,absent,2,0,1,not sampled,0,0,0
tiny-01953,absent,2,2,1,not sampled,0,0,0
tiny-01954,absent,3,1,1,not sampled,0,0,0
tiny-01955,absent,3,2,1,not sampled,0,0,0
tiny-01956,newly_justified,2,1,1,not sampled,0,0,0
tiny-01957,newly_justified,2,2,1,not sampled,0,0,0
tiny-01958,unresolved,3,2,1,not sampled,0,0,0
tiny-01959,newly_justified,3,2,1,not sampled,0,0,0
tiny-01960,newly_justified,3,1,1,not sampled,0,0,0
tiny-01961,absent,3,1,1,not sampled,0,0,0
tiny-01962,unresolved,4,2,1,not sampled,0,0,0
tiny-01963,absent,4,1,1,not sampled,0,0,0
tiny-01964,newly_justified,3,1,1,not sampled,0,0,0
tiny-01965,newly_justified,3,3,1,not sampled,0,0,0
tiny-01966,unresolved,4,2,1,not sampled,0,0,0
tiny-01967,newly_justified,4,3,1,not sampled,0,0,0
tiny-01968,unresolved,2,1,1,not sampled,0,0,0
tiny-01969,unresolved,2,2,1,not sampled,0,0,0
tiny-01970,unresolved,3,2,1,not sampled,0,0,0
tiny-01971,unresolved,3,2,1,not sampled,0,0,0
tiny-01972,unresolved,3,1,1,not sampled,0,0,0
tiny-01973,absent,3,1,1,not sampled,0,0,0
tiny-01974,unresolved,4,2,1,not sampled,0,0,0
tiny-01975,absent,4,1,1,not sampled,0,0,0
tiny-01976,unresolved,3,1,1,not sampled,0,0,0
tiny-01977,unresolved,3,3,1,not sampled,0,0,0
tiny-01978,unresolved,4,2,1,not sampled,0,0,0
tiny-01979,unresolved,4,3,1,not sampled,0,0,0
tiny-01980,absent,1,0,1,not sampled,0,0,0
tiny-01981,absent,1,1,1,not sampled,0,0,0
tiny-01982,absent,2,1,1,not sampled,0,0,0
tiny-01983,absent,2,1,1,not sampled,0,0,0
tiny-01984,absent,2,0,1,not sampled,0,0,0
tiny-01985,absent,2,1,1,not sampled,0,0,0
tiny-01986,absent,3,1,1,not sampled,0,0,0
tiny-01987,absent,3,1,1,not sampled,0,0,0
tiny-01988,absent,2,0,1,not sampled,0,0,0
tiny-01989,absent,2,2,1,not sampled,0,0,0
tiny-01990,absent,3,1,1,not sampled,0,0,0
tiny-01991,absent,3,2,1,not sampled,0,0,0
tiny-01992,newly_justified,2,1,1,not sampled,0,0,0
tiny-01993,absent,2,2,1,not sampled,0,0,0
tiny-01994,unresolved,3,2,1,not sampled,0,0,0
tiny-01995,absent,3,2,1,not sampled,0,0,0
tiny-01996,newly_justified,3,1,1,not sampled,0,0,0
tiny-01997,absent,3,1,1,not sampled,0,0,0
tiny-01998,unresolved,4,2,1,not sampled,0,0,0
tiny-01999,absent,4,1,1,not sampled,0,0,0
tiny-02000,newly_justified,3,1,1,not sampled,0,0,0
tiny-02001,absent,3,3,1,not sampled,0,0,0
tiny-02002,unresolved,4,2,1,not sampled,0,0,0
tiny-02003,absent,4,3,1,not sampled,0,0,0
tiny-02004,unresolved,2,1,1,not sampled,0,0,0
tiny-02005,absent,2,2,1,not sampled,0,0,0
tiny-02006,unresolved,3,2,1,not sampled,0,0,0
tiny-02007,absent,3,2,1,not sampled,0,0,0
tiny-02008,unresolved,3,1,1,not sampled,0,0,0
tiny-02009,absent,3,1,1,not sampled,0,0,0
tiny-02010,unresolved,4,2,1,not sampled,0,0,0
tiny-02011,absent,4,1,1,not sampled,0,0,0
tiny-02012,unresolved,3,1,1,not sampled,0,0,0
tiny-02013,absent,3,3,1,not sampled,0,0,0
tiny-02014,unresolved,4,2,1,not sampled,0,0,0
tiny-02015,absent,4,3,1,not sampled,0,0,0
tiny-02016,absent,0,0,1,not sampled,0,0,0
tiny-02017,absent,0,0,1,not sampled,0,0,0
tiny-02018,absent,1,1,1,not sampled,0,0,0
tiny-02019,absent,1,0,1,not sampled,0,0,0
tiny-02020,absent,1,0,1,not sampled,0,0,0
tiny-02021,absent,1,1,1,not sampled,0,0,0
tiny-02022,absent,2,1,1,not sampled,0,0,0
tiny-02023,absent,2,1,1,not sampled,0,0,0
tiny-02024,absent,1,0,1,not sampled,0,0,0
tiny-02025,absent,1,1,1,not sampled,0,0,0
tiny-02026,absent,2,1,1,not sampled,0,0,0
tiny-02027,absent,2,1,1,not sampled,0,0,0
tiny-02028,newly_justified,1,1,1,not sampled,0,0,0
tiny-02029,unresolved,1,1,1,not sampled,0,0,0
tiny-02030,unresolved,2,2,1,not sampled,0,0,0
tiny-02031,unresolved,2,1,1,not sampled,0,0,0
tiny-02032,newly_justified,2,1,1,not sampled,0,0,0
tiny-02033,absent,2,1,1,not sampled,0,0,0
tiny-02034,unresolved,3,2,1,not sampled,0,0,0
tiny-02035,absent,3,1,1,not sampled,0,0,0
tiny-02036,newly_justified,2,1,1,not sampled,0,0,0
tiny-02037,unresolved,2,2,1,not sampled,0,0,0
tiny-02038,unresolved,3,2,1,not sampled,0,0,0
tiny-02039,unresolved,3,2,1,not sampled,0,0,0
tiny-02040,unresolved,1,1,1,not sampled,0,0,0
tiny-02041,unresolved,1,1,1,not sampled,0,0,0
tiny-02042,unresolved,2,2,1,not sampled,0,0,0
tiny-02043,unresolved,2,1,1,not sampled,0,0,0
tiny-02044,unresolved,2,1,1,not sampled,0,0,0
tiny-02045,absent,2,1,1,not sampled,0,0,0
tiny-02046,unresolved,3,2,1,not sampled,0,0,0
tiny-02047,absent,3,1,1,not sampled,0,0,0
tiny-02048,unresolved,2,1,1,not sampled,0,0,0
tiny-02049,unresolved,2,2,1,not sampled,0,0,0
tiny-02050,unresolved,3,2,1,not sampled,0,0,0
tiny-02051,unresolved,3,2,1,not sampled,0,0,0
tiny-02052,absent,2,1,1,not sampled,0,0,0
tiny-02053,absent,2,1,1,not sampled,0,0,0
tiny-02054,absent,3,1,1,not sampled,0,0,0
tiny-02055,absent,3,1,1,not sampled,0,0,0
tiny-02056,absent,3,1,1,not sampled,0,0,0
tiny-02057,absent,3,1,1,not sampled,0,0,0
tiny-02058,absent,4,1,1,not sampled,0,0,0
tiny-02059,absent,4,1,1,not sampled,0,0,0
tiny-02060,absent,3,1,1,not sampled,0,0,0
tiny-02061,absent,3,2,1,not sampled,0,0,0
tiny-02062,absent,4,1,1,not sampled,0,0,0
tiny-02063,absent,4,2,1,not sampled,0,0,0
tiny-02064,absent,3,2,1,not sampled,0,0,0
tiny-02065,newly_justified,3,2,1,not sampled,0,0,0
tiny-02066,unresolved,4,2,1,not sampled,0,0,0
tiny-02067,newly_justified,4,2,1,not sampled,0,0,0
tiny-02068,absent,4,2,1,not sampled,0,0,0
tiny-02069,absent,4,1,1,not sampled,0,0,0
tiny-02070,unresolved,5,2,1,not sampled,0,0,0
tiny-02071,absent,5,1,1,not sampled,0,0,0
tiny-02072,absent,4,2,1,not sampled,0,0,0
tiny-02073,newly_justified,4,3,1,not sampled,0,0,0
tiny-02074,unresolved,5,2,1,not sampled,0,0,0
tiny-02075,newly_justified,5,3,1,not sampled,0,0,0
tiny-02076,absent,3,2,1,not sampled,0,0,0
tiny-02077,unresolved,3,2,1,not sampled,0,0,0
tiny-02078,unresolved,4,2,1,not sampled,0,0,0
tiny-02079,unresolved,4,2,1,not sampled,0,0,0
tiny-02080,absent,4,2,1,not sampled,0,0,0
tiny-02081,absent,4,1,1,not sampled,0,0,0
tiny-02082,unresolved,5,2,1,not sampled,0,0,0
tiny-02083,absent,5,1,1,not sampled,0,0,0
tiny-02084,absent,4,2,1,not sampled,0,0,0
tiny-02085,unresolved,4,3,1,not sampled,0,0,0
tiny-02086,unresolved,5,2,1,not sampled,0,0,0
tiny-02087,unresolved,5,3,1,not sampled,0,0,0
tiny-02088,absent,2,1,1,not sampled,0,0,0
tiny-02089,absent,2,1,1,not sampled,0,0,0
tiny-02090,absent,3,1,1,not sampled,0,0,0
tiny-02091,absent,3,1,1,not sampled,0,0,0
tiny-02092,absent,3,1,1,not sampled,0,0,0
tiny-02093,absent,3,1,1,not sampled,0,0,0
tiny-02094,absent,4,1,1,not sampled,0,0,0
tiny-02095,absent,4,1,1,not sampled,0,0,0
tiny-02096,absent,3,1,1,not sampled,0,0,0
tiny-02097,absent,3,2,1,not sampled,0,0,0
tiny-02098,absent,4,1,1,not sampled,0,0,0
tiny-02099,absent,4,2,1,not sampled,0,0,0
tiny-02100,absent,3,2,1,not sampled,0,0,0
tiny-02101,absent,3,2,1,not sampled,0,0,0
tiny-02102,unresolved,4,2,1,not sampled,0,0,0
tiny-02103,absent,4,2,1,not sampled,0,0,0
tiny-02104,absent,4,2,1,not sampled,0,0,0
tiny-02105,absent,4,1,1,not sampled,0,0,0
tiny-02106,unresolved,5,2,1,not sampled,0,0,0
tiny-02107,absent,5,1,1,not sampled,0,0,0
tiny-02108,absent,4,2,1,not sampled,0,0,0
tiny-02109,absent,4,3,1,not sampled,0,0,0
tiny-02110,unresolved,5,2,1,not sampled,0,0,0
tiny-02111,absent,5,3,1,not sampled,0,0,0
tiny-02112,absent,3,2,1,not sampled,0,0,0
tiny-02113,absent,3,2,1,not sampled,0,0,0
tiny-02114,unresolved,4,2,1,not sampled,0,0,0
tiny-02115,absent,4,2,1,not sampled,0,0,0
tiny-02116,absent,4,2,1,not sampled,0,0,0
tiny-02117,absent,4,1,1,not sampled,0,0,0
tiny-02118,unresolved,5,2,1,not sampled,0,0,0
tiny-02119,absent,5,1,1,not sampled,0,0,0
tiny-02120,absent,4,2,1,not sampled,0,0,0
tiny-02121,absent,4,3,1,not sampled,0,0,0
tiny-02122,unresolved,5,2,1,not sampled,0,0,0
tiny-02123,absent,5,3,1,not sampled,0,0,0
tiny-02124,absent,1,1,1,not sampled,0,0,0
tiny-02125,absent,1,0,1,not sampled,0,0,0
tiny-02126,absent,2,1,1,not sampled,0,0,0
tiny-02127,absent,2,0,1,not sampled,0,0,0
tiny-02128,absent,2,1,1,not sampled,0,0,0
tiny-02129,absent,2,1,1,not sampled,0,0,0
tiny-02130,absent,3,1,1,not sampled,0,0,0
tiny-02131,absent,3,1,1,not sampled,0,0,0
tiny-02132,absent,2,1,1,not sampled,0,0,0
tiny-02133,absent,2,1,1,not sampled,0,0,0
tiny-02134,absent,3,1,1,not sampled,0,0,0
tiny-02135,absent,3,1,1,not sampled,0,0,0
tiny-02136,absent,2,2,1,not sampled,0,0,0
tiny-02137,unresolved,2,1,1,not sampled,0,0,0
tiny-02138,unresolved,3,2,1,not sampled,0,0,0
tiny-02139,unresolved,3,1,1,not sampled,0,0,0
tiny-02140,absent,3,2,1,not sampled,0,0,0
tiny-02141,absent,3,1,1,not sampled,0,0,0
tiny-02142,unresolved,4,2,1,not sampled,0,0,0
tiny-02143,absent,4,1,1,not sampled,0,0,0
tiny-02144,absent,3,2,1,not sampled,0,0,0
tiny-02145,unresolved,3,2,1,not sampled,0,0,0
tiny-02146,unresolved,4,2,1,not sampled,0,0,0
tiny-02147,unresolved,4,2,1,not sampled,0,0,0
tiny-02148,absent,2,2,1,not sampled,0,0,0
tiny-02149,unresolved,2,1,1,not sampled,0,0,0
tiny-02150,unresolved,3,2,1,not sampled,0,0,0
tiny-02151,unresolved,3,1,1,not sampled,0,0,0
tiny-02152,absent,3,2,1,not sampled,0,0,0
tiny-02153,absent,3,1,1,not sampled,0,0,0
tiny-02154,unresolved,4,2,1,not sampled,0,0,0
tiny-02155,absent,4,1,1,not sampled,0,0,0
tiny-02156,absent,3,2,1,not sampled,0,0,0
tiny-02157,unresolved,3,2,1,not sampled,0,0,0
tiny-02158,unresolved,4,2,1,not sampled,0,0,0
tiny-02159,unresolved,4,2,1,not sampled,0,0,0
tiny-02160,absent,2,1,1,not sampled,0,0,0
tiny-02161,absent,2,1,1,not sampled,0,0,0
tiny-02162,absent,3,1,1,not sampled,0,0,0
tiny-02163,absent,3,1,1,not sampled,0,0,0
tiny-02164,absent,3,1,1,not sampled,0,0,0
tiny-02165,absent,3,1,1,not sampled,0,0,0
tiny-02166,absent,4,1,1,not sampled,0,0,0
tiny-02167,absent,4,1,1,not sampled,0,0,0
tiny-02168,absent,3,1,1,not sampled,0,0,0
tiny-02169,absent,3,2,1,not sampled,0,0,0
tiny-02170,absent,4,1,1,not sampled,0,0,0
tiny-02171,absent,4,2,1,not sampled,0,0,0
tiny-02172,unresolved,3,2,1,not sampled,0,0,0
tiny-02173,newly_justified,3,2,1,not sampled,0,0,0
tiny-02174,unresolved,4,2,1,not sampled,0,0,0
tiny-02175,newly_justified,4,2,1,not sampled,0,0,0
tiny-02176,unresolved,4,2,1,not sampled,0,0,0
tiny-02177,absent,4,1,1,not sampled,0,0,0
tiny-02178,unresolved,5,2,1,not sampled,0,0,0
tiny-02179,absent,5,1,1,not sampled,0,0,0
tiny-02180,unresolved,4,2,1,not sampled,0,0,0
tiny-02181,newly_justified,4,3,1,not sampled,0,0,0
tiny-02182,unresolved,5,2,1,not sampled,0,0,0
tiny-02183,newly_justified,5,3,1,not sampled,0,0,0
tiny-02184,unresolved,3,2,1,not sampled,0,0,0
tiny-02185,unresolved,3,2,1,not sampled,0,0,0
tiny-02186,unresolved,4,2,1,not sampled,0,0,0
tiny-02187,unresolved,4,2,1,not sampled,0,0,0
tiny-02188,unresolved,4,2,1,not sampled,0,0,0
tiny-02189,absent,4,1,1,not sampled,0,0,0
tiny-02190,unresolved,5,2,1,not sampled,0,0,0
tiny-02191,absent,5,1,1,not sampled,0,0,0
tiny-02192,unresolved,4,2,1,not sampled,0,0,0
tiny-02193,unresolved,4,3,1,not sampled,0,0,0
tiny-02194,unresolved,5,2,1,not sampled,0,0,0
tiny-02195,unresolved,5,3,1,not sampled,0,0,0
tiny-02196,absent,2,1,1,not sampled,0,0,0
tiny-02197,absent,2,1,1,not sampled,0,0,0
tiny-02198,absent,3,1,1,not sampled,0,0,0
tiny-02199,absent,3,1,1,not sampled,0,0,0
tiny-02200,absent,3,1,1,not sampled,0,0,0
tiny-02201,absent,3,1,1,not sampled,0,0,0
tiny-02202,absent,4,1,1,not sampled,0,0,0
tiny-02203,absent,4,1,1,not sampled,0,0,0
tiny-02204,absent,3,1,1,not sampled,0,0,0
tiny-02205,absent,3,2,1,not sampled,0,0,0
tiny-02206,absent,4,1,1,not sampled,0,0,0
tiny-02207,absent,4,2,1,not sampled,0,0,0
tiny-02208,unresolved,3,2,1,not sampled,0,0,0
tiny-02209,absent,3,2,1,not sampled,0,0,0
tiny-02210,unresolved,4,2,1,not sampled,0,0,0
tiny-02211,absent,4,2,1,not sampled,0,0,0
tiny-02212,unresolved,4,2,1,not sampled,0,0,0
tiny-02213,absent,4,1,1,not sampled,0,0,0
tiny-02214,unresolved,5,2,1,not sampled,0,0,0
tiny-02215,absent,5,1,1,not sampled,0,0,0
tiny-02216,unresolved,4,2,1,not sampled,0,0,0
tiny-02217,absent,4,3,1,not sampled,0,0,0
tiny-02218,unresolved,5,2,1,not sampled,0,0,0
tiny-02219,absent,5,3,1,not sampled,0,0,0
tiny-02220,unresolved,3,2,1,not sampled,0,0,0
tiny-02221,absent,3,2,1,not sampled,0,0,0
tiny-02222,unresolved,4,2,1,not sampled,0,0,0
tiny-02223,absent,4,2,1,not sampled,0,0,0
tiny-02224,unresolved,4,2,1,not sampled,0,0,0
tiny-02225,absent,4,1,1,not sampled,0,0,0
tiny-02226,unresolved,5,2,1,not sampled,0,0,0
tiny-02227,absent,5,1,1,not sampled,0,0,0
tiny-02228,unresolved,4,2,1,not sampled,0,0,0
tiny-02229,absent,4,3,1,not sampled,0,0,0
tiny-02230,unresolved,5,2,1,not sampled,0,0,0
tiny-02231,absent,5,3,1,not sampled,0,0,0
tiny-02232,absent,1,1,1,not sampled,0,0,0
tiny-02233,absent,1,0,1,not sampled,0,0,0
tiny-02234,absent,2,1,1,not sampled,0,0,0
tiny-02235,absent,2,0,1,not sampled,0,0,0
tiny-02236,absent,2,1,1,not sampled,0,0,0
tiny-02237,absent,2,1,1,not sampled,0,0,0
tiny-02238,absent,3,1,1,not sampled,0,0,0
tiny-02239,absent,3,1,1,not sampled,0,0,0
tiny-02240,absent,2,1,1,not sampled,0,0,0
tiny-02241,absent,2,1,1,not sampled,0,0,0
tiny-02242,absent,3,1,1,not sampled,0,0,0
tiny-02243,absent,3,1,1,not sampled,0,0,0
tiny-02244,unresolved,2,2,1,not sampled,0,0,0
tiny-02245,unresolved,2,1,1,not sampled,0,0,0
tiny-02246,unresolved,3,2,1,not sampled,0,0,0
tiny-02247,unresolved,3,1,1,not sampled,0,0,0
tiny-02248,unresolved,3,2,1,not sampled,0,0,0
tiny-02249,absent,3,1,1,not sampled,0,0,0
tiny-02250,unresolved,4,2,1,not sampled,0,0,0
tiny-02251,absent,4,1,1,not sampled,0,0,0
tiny-02252,unresolved,3,2,1,not sampled,0,0,0
tiny-02253,unresolved,3,2,1,not sampled,0,0,0
tiny-02254,unresolved,4,2,1,not sampled,0,0,0
tiny-02255,unresolved,4,2,1,not sampled,0,0,0
tiny-02256,unresolved,2,2,1,not sampled,0,0,0
tiny-02257,unresolved,2,1,1,not sampled,0,0,0
tiny-02258,unresolved,3,2,1,not sampled,0,0,0
tiny-02259,unresolved,3,1,1,not sampled,0,0,0
tiny-02260,unresolved,3,2,1,not sampled,0,0,0
tiny-02261,absent,3,1,1,not sampled,0,0,0
tiny-02262,unresolved,4,2,1,not sampled,0,0,0
tiny-02263,absent,4,1,1,not sampled,0,0,0
tiny-02264,unresolved,3,2,1,not sampled,0,0,0
tiny-02265,unresolved,3,2,1,not sampled,0,0,0
tiny-02266,unresolved,4,2,1,not sampled,0,0,0
tiny-02267,unresolved,4,2,1,not sampled,0,0,0
tiny-02268,invalidated,2,1,1,not sampled,0,0,0
tiny-02269,unresolved,2,2,1,not sampled,0,0,0
tiny-02270,invalidated,3,2,1,not sampled,0,0,0
tiny-02271,unresolved,3,2,1,not sampled,0,0,0
tiny-02272,invalidated,3,1,1,not sampled,0,0,0
tiny-02273,unresolved,3,1,1,not sampled,0,0,0
tiny-02274,invalidated,4,2,1,not sampled,0,0,0
tiny-02275,unresolved,4,1,1,not sampled,0,0,0
tiny-02276,invalidated,3,1,1,not sampled,0,0,0
tiny-02277,absent,3,3,1,not sampled,0,0,0
tiny-02278,invalidated,4,2,1,not sampled,0,0,0
tiny-02279,absent,4,3,1,not sampled,0,0,0
tiny-02280,preserved,1,0,1,1,2,2,0
tiny-02281,unresolved,1,1,1,not sampled,0,0,0
tiny-02282,unresolved,2,1,1,not sampled,0,0,0
tiny-02283,unresolved,2,1,1,not sampled,0,0,0
tiny-02284,preserved,2,0,1,1,4,4,0
tiny-02285,unresolved,2,1,1,not sampled,0,0,0
tiny-02286,unresolved,3,1,1,not sampled,0,0,0
tiny-02287,unresolved,3,1,1,not sampled,0,0,0
tiny-02288,preserved,2,0,1,1,4,4,0
tiny-02289,newly_justified,2,2,1,not sampled,0,0,0
tiny-02290,unresolved,3,1,1,not sampled,0,0,0
tiny-02291,newly_justified,3,2,1,not sampled,0,0,0
tiny-02292,unresolved,2,1,1,not sampled,0,0,0
tiny-02293,unresolved,2,2,1,not sampled,0,0,0
tiny-02294,unresolved,3,2,1,not sampled,0,0,0
tiny-02295,unresolved,3,2,1,not sampled,0,0,0
tiny-02296,unresolved,3,1,1,not sampled,0,0,0
tiny-02297,unresolved,3,1,1,not sampled,0,0,0
tiny-02298,unresolved,4,2,1,not sampled,0,0,0
tiny-02299,unresolved,4,1,1,not sampled,0,0,0
tiny-02300,unresolved,3,1,1,not sampled,0,0,0
tiny-02301,unresolved,3,3,1,not sampled,0,0,0
tiny-02302,unresolved,4,2,1,not sampled,0,0,0
tiny-02303,unresolved,4,3,1,not sampled,0,0,0
tiny-02304,invalidated,2,1,1,not sampled,0,0,0
tiny-02305,unresolved,2,2,1,not sampled,0,0,0
tiny-02306,invalidated,3,2,1,not sampled,0,0,0
tiny-02307,unresolved,3,2,1,not sampled,0,0,0
tiny-02308,invalidated,3,1,1,not sampled,0,0,0
tiny-02309,unresolved,3,1,1,not sampled,0,0,0
tiny-02310,invalidated,4,2,1,not sampled,0,0,0
tiny-02311,unresolved,4,1,1,not sampled,0,0,0
tiny-02312,invalidated,3,1,1,not sampled,0,0,0
tiny-02313,absent,3,3,1,not sampled,0,0,0
tiny-02314,invalidated,4,2,1,not sampled,0,0,0
tiny-02315,absent,4,3,1,not sampled,0,0,0
tiny-02316,preserved,1,0,1,1,2,2,0
tiny-02317,unresolved,1,1,1,not sampled,0,0,0
tiny-02318,unresolved,2,1,1,not sampled,0,0,0
tiny-02319,unresolved,2,1,1,not sampled,0,0,0
tiny-02320,preserved,2,0,1,1,4,4,0
tiny-02321,unresolved,2,1,1,not sampled,0,0,0
tiny-02322,unresolved,3,1,1,not sampled,0,0,0
tiny-02323,unresolved,3,1,1,not sampled,0,0,0
tiny-02324,preserved,2,0,1,1,4,4,0
tiny-02325,absent,2,2,1,not sampled,0,0,0
tiny-02326,unresolved,3,1,1,not sampled,0,0,0
tiny-02327,absent,3,2,1,not sampled,0,0,0
tiny-02328,unresolved,2,1,1,not sampled,0,0,0
tiny-02329,unresolved,2,2,1,not sampled,0,0,0
tiny-02330,unresolved,3,2,1,not sampled,0,0,0
tiny-02331,unresolved,3,2,1,not sampled,0,0,0
tiny-02332,unresolved,3,1,1,not sampled,0,0,0
tiny-02333,unresolved,3,1,1,not sampled,0,0,0
tiny-02334,unresolved,4,2,1,not sampled,0,0,0
tiny-02335,unresolved,4,1,1,not sampled,0,0,0
tiny-02336,unresolved,3,1,1,not sampled,0,0,0
tiny-02337,absent,3,3,1,not sampled,0,0,0
tiny-02338,unresolved,4,2,1,not sampled,0,0,0
tiny-02339,absent,4,3,1,not sampled,0,0,0
tiny-02340,invalidated,1,1,1,not sampled,0,0,0
tiny-02341,unresolved,1,1,1,not sampled,0,0,0
tiny-02342,invalidated,2,2,1,not sampled,0,0,0
tiny-02343,unresolved,2,1,1,not sampled,0,0,0
tiny-02344,invalidated,2,1,1,not sampled,0,0,0
tiny-02345,unresolved,2,1,1,not sampled,0,0,0
tiny-02346,invalidated,3,2,1,not sampled,0,0,0
tiny-02347,unresolved,3,1,1,not sampled,0,0,0
tiny-02348,invalidated,2,1,1,not sampled,0,0,0
tiny-02349,absent,2,2,1,not sampled,0,0,0
tiny-02350,invalidated,3,2,1,not sampled,0,0,0
tiny-02351,absent,3,2,1,not sampled,0,0,0
tiny-02352,preserved,0,0,1,1,1,1,0
tiny-02353,unresolved,0,0,1,not sampled,0,0,0
tiny-02354,unresolved,1,1,1,not sampled,0,0,0
tiny-02355,unresolved,1,0,1,not sampled,0,0,0
tiny-02356,preserved,1,0,1,1,2,2,0
tiny-02357,unresolved,1,1,1,not sampled,0,0,0
tiny-02358,unresolved,2,1,1,not sampled,0,0,0
tiny-02359,unresolved,2,1,1,not sampled,0,0,0
tiny-02360,preserved,1,0,1,1,2,2,0
tiny-02361,unresolved,1,1,1,not sampled,0,0,0
tiny-02362,unresolved,2,1,1,not sampled,0,0,0
tiny-02363,unresolved,2,1,1,not sampled,0,0,0
tiny-02364,unresolved,1,1,1,not sampled,0,0,0
tiny-02365,unresolved,1,1,1,not sampled,0,0,0
tiny-02366,unresolved,2,2,1,not sampled,0,0,0
tiny-02367,unresolved,2,1,1,not sampled,0,0,0
tiny-02368,unresolved,2,1,1,not sampled,0,0,0
tiny-02369,unresolved,2,1,1,not sampled,0,0,0
tiny-02370,unresolved,3,2,1,not sampled,0,0,0
tiny-02371,unresolved,3,1,1,not sampled,0,0,0
tiny-02372,unresolved,2,1,1,not sampled,0,0,0
tiny-02373,unresolved,2,2,1,not sampled,0,0,0
tiny-02374,unresolved,3,2,1,not sampled,0,0,0
tiny-02375,unresolved,3,2,1,not sampled,0,0,0
tiny-02376,invalidated,3,2,1,not sampled,0,0,0
tiny-02377,unresolved,3,2,1,not sampled,0,0,0
tiny-02378,invalidated,4,2,1,not sampled,0,0,0
tiny-02379,unresolved,4,2,1,not sampled,0,0,0
tiny-02380,invalidated,4,2,1,not sampled,0,0,0
tiny-02381,unresolved,4,1,1,not sampled,0,0,0
tiny-02382,invalidated,5,2,1,not sampled,0,0,0
tiny-02383,unresolved,5,1,1,not sampled,0,0,0
tiny-02384,invalidated,4,2,1,not sampled,0,0,0
tiny-02385,absent,4,3,1,not sampled,0,0,0
tiny-02386,invalidated,5,2,1,not sampled,0,0,0
tiny-02387,absent,5,3,1,not sampled,0,0,0
tiny-02388,invalidated,2,1,1,not sampled,0,0,0
tiny-02389,unresolved,2,1,1,not sampled,0,0,0
tiny-02390,unresolved,3,1,1,not sampled,0,0,0
tiny-02391,unresolved,3,1,1,not sampled,0,0,0
tiny-02392,invalidated,3,1,1,not sampled,0,0,0
tiny-02393,unresolved,3,1,1,not sampled,0,0,0
tiny-02394,unresolved,4,1,1,not sampled,0,0,0
tiny-02395,unresolved,4,1,1,not sampled,0,0,0
tiny-02396,invalidated,3,1,1,not sampled,0,0,0
tiny-02397,newly_justified,3,2,1,not sampled,0,0,0
tiny-02398,unresolved,4,1,1,not sampled,0,0,0
tiny-02399,newly_justified,4,2,1,not sampled,0,0,0
tiny-02400,invalidated,3,2,1,not sampled,0,0,0
tiny-02401,unresolved,3,2,1,not sampled,0,0,0
tiny-02402,unresolved,4,2,1,not sampled,0,0,0
tiny-02403,unresolved,4,2,1,not sampled,0,0,0
tiny-02404,invalidated,4,2,1,not sampled,0,0,0
tiny-02405,unresolved,4,1,1,not sampled,0,0,0
tiny-02406,unresolved,5,2,1,not sampled,0,0,0
tiny-02407,unresolved,5,1,1,not sampled,0,0,0
tiny-02408,invalidated,4,2,1,not sampled,0,0,0
tiny-02409,unresolved,4,3,1,not sampled,0,0,0
tiny-02410,unresolved,5,2,1,not sampled,0,0,0
tiny-02411,unresolved,5,3,1,not sampled,0,0,0
tiny-02412,invalidated,3,2,1,not sampled,0,0,0
tiny-02413,unresolved,3,2,1,not sampled,0,0,0
tiny-02414,invalidated,4,2,1,not sampled,0,0,0
tiny-02415,unresolved,4,2,1,not sampled,0,0,0
tiny-02416,invalidated,4,2,1,not sampled,0,0,0
tiny-02417,unresolved,4,1,1,not sampled,0,0,0
tiny-02418,invalidated,5,2,1,not sampled,0,0,0
tiny-02419,unresolved,5,1,1,not sampled,0,0,0
tiny-02420,invalidated,4,2,1,not sampled,0,0,0
tiny-02421,absent,4,3,1,not sampled,0,0,0
tiny-02422,invalidated,5,2,1,not sampled,0,0,0
tiny-02423,absent,5,3,1,not sampled,0,0,0
tiny-02424,invalidated,2,1,1,not sampled,0,0,0
tiny-02425,unresolved,2,1,1,not sampled,0,0,0
tiny-02426,unresolved,3,1,1,not sampled,0,0,0
tiny-02427,unresolved,3,1,1,not sampled,0,0,0
tiny-02428,invalidated,3,1,1,not sampled,0,0,0
tiny-02429,unresolved,3,1,1,not sampled,0,0,0
tiny-02430,unresolved,4,1,1,not sampled,0,0,0
tiny-02431,unresolved,4,1,1,not sampled,0,0,0
tiny-02432,invalidated,3,1,1,not sampled,0,0,0
tiny-02433,absent,3,2,1,not sampled,0,0,0
tiny-02434,unresolved,4,1,1,not sampled,0,0,0
tiny-02435,absent,4,2,1,not sampled,0,0,0
tiny-02436,invalidated,3,2,1,not sampled,0,0,0
tiny-02437,unresolved,3,2,1,not sampled,0,0,0
tiny-02438,unresolved,4,2,1,not sampled,0,0,0
tiny-02439,unresolved,4,2,1,not sampled,0,0,0
tiny-02440,invalidated,4,2,1,not sampled,0,0,0
tiny-02441,unresolved,4,1,1,not sampled,0,0,0
tiny-02442,unresolved,5,2,1,not sampled,0,0,0
tiny-02443,unresolved,5,1,1,not sampled,0,0,0
tiny-02444,invalidated,4,2,1,not sampled,0,0,0
tiny-02445,absent,4,3,1,not sampled,0,0,0
tiny-02446,unresolved,5,2,1,not sampled,0,0,0
tiny-02447,absent,5,3,1,not sampled,0,0,0
tiny-02448,invalidated,2,2,1,not sampled,0,0,0
tiny-02449,unresolved,2,1,1,not sampled,0,0,0
tiny-02450,invalidated,3,2,1,not sampled,0,0,0
tiny-02451,unresolved,3,1,1,not sampled,0,0,0
tiny-02452,invalidated,3,2,1,not sampled,0,0,0
tiny-02453,unresolved,3,1,1,not sampled,0,0,0
tiny-02454,invalidated,4,2,1,not sampled,0,0,0
tiny-02455,unresolved,4,1,1,not sampled,0,0,0
tiny-02456,invalidated,3,2,1,not sampled,0,0,0
tiny-02457,absent,3,2,1,not sampled,0,0,0
tiny-02458,invalidated,4,2,1,not sampled,0,0,0
tiny-02459,absent,4,2,1,not sampled,0,0,0
tiny-02460,invalidated,1,1,1,not sampled,0,0,0
tiny-02461,unresolved,1,0,1,not sampled,0,0,0
tiny-02462,unresolved,2,1,1,not sampled,0,0,0
tiny-02463,unresolved,2,0,1,not sampled,0,0,0
tiny-02464,invalidated,2,1,1,not sampled,0,0,0
tiny-02465,unresolved,2,1,1,not sampled,0,0,0
tiny-02466,unresolved,3,1,1,not sampled,0,0,0
tiny-02467,unresolved,3,1,1,not sampled,0,0,0
tiny-02468,invalidated,2,1,1,not sampled,0,0,0
tiny-02469,unresolved,2,1,1,not sampled,0,0,0
tiny-02470,unresolved,3,1,1,not sampled,0,0,0
tiny-02471,unresolved,3,1,1,not sampled,0,0,0
tiny-02472,invalidated,2,2,1,not sampled,0,0,0
tiny-02473,unresolved,2,1,1,not sampled,0,0,0
tiny-02474,unresolved,3,2,1,not sampled,0,0,0
tiny-02475,unresolved,3,1,1,not sampled,0,0,0
tiny-02476,invalidated,3,2,1,not sampled,0,0,0
tiny-02477,unresolved,3,1,1,not sampled,0,0,0
tiny-02478,unresolved,4,2,1,not sampled,0,0,0
tiny-02479,unresolved,4,1,1,not sampled,0,0,0
tiny-02480,invalidated,3,2,1,not sampled,0,0,0
tiny-02481,unresolved,3,2,1,not sampled,0,0,0
tiny-02482,unresolved,4,2,1,not sampled,0,0,0
tiny-02483,unresolved,4,2,1,not sampled,0,0,0
tiny-02484,invalidated,3,2,1,not sampled,0,0,0
tiny-02485,unresolved,3,2,1,not sampled,0,0,0
tiny-02486,invalidated,4,2,1,not sampled,0,0,0
tiny-02487,unresolved,4,2,1,not sampled,0,0,0
tiny-02488,invalidated,4,2,1,not sampled,0,0,0
tiny-02489,unresolved,4,1,1,not sampled,0,0,0
tiny-02490,invalidated,5,2,1,not sampled,0,0,0
tiny-02491,unresolved,5,1,1,not sampled,0,0,0
tiny-02492,invalidated,4,2,1,not sampled,0,0,0
tiny-02493,absent,4,3,1,not sampled,0,0,0
tiny-02494,invalidated,5,2,1,not sampled,0,0,0
tiny-02495,absent,5,3,1,not sampled,0,0,0
tiny-02496,unresolved,2,1,1,not sampled,0,0,0
tiny-02497,unresolved,2,1,1,not sampled,0,0,0
tiny-02498,unresolved,3,1,1,not sampled,0,0,0
tiny-02499,unresolved,3,1,1,not sampled,0,0,0
tiny-02500,unresolved,3,1,1,not sampled,0,0,0
tiny-02501,unresolved,3,1,1,not sampled,0,0,0
tiny-02502,unresolved,4,1,1,not sampled,0,0,0
tiny-02503,unresolved,4,1,1,not sampled,0,0,0
tiny-02504,unresolved,3,1,1,not sampled,0,0,0
tiny-02505,newly_justified,3,2,1,not sampled,0,0,0
tiny-02506,unresolved,4,1,1,not sampled,0,0,0
tiny-02507,newly_justified,4,2,1,not sampled,0,0,0
tiny-02508,unresolved,3,2,1,not sampled,0,0,0
tiny-02509,unresolved,3,2,1,not sampled,0,0,0
tiny-02510,unresolved,4,2,1,not sampled,0,0,0
tiny-02511,unresolved,4,2,1,not sampled,0,0,0
tiny-02512,unresolved,4,2,1,not sampled,0,0,0
tiny-02513,unresolved,4,1,1,not sampled,0,0,0
tiny-02514,unresolved,5,2,1,not sampled,0,0,0
tiny-02515,unresolved,5,1,1,not sampled,0,0,0
tiny-02516,unresolved,4,2,1,not sampled,0,0,0
tiny-02517,unresolved,4,3,1,not sampled,0,0,0
tiny-02518,unresolved,5,2,1,not sampled,0,0,0
tiny-02519,unresolved,5,3,1,not sampled,0,0,0
tiny-02520,invalidated,3,2,1,not sampled,0,0,0
tiny-02521,unresolved,3,2,1,not sampled,0,0,0
tiny-02522,invalidated,4,2,1,not sampled,0,0,0
tiny-02523,unresolved,4,2,1,not sampled,0,0,0
tiny-02524,invalidated,4,2,1,not sampled,0,0,0
tiny-02525,unresolved,4,1,1,not sampled,0,0,0
tiny-02526,invalidated,5,2,1,not sampled,0,0,0
tiny-02527,unresolved,5,1,1,not sampled,0,0,0
tiny-02528,invalidated,4,2,1,not sampled,0,0,0
tiny-02529,absent,4,3,1,not sampled,0,0,0
tiny-02530,invalidated,5,2,1,not sampled,0,0,0
tiny-02531,absent,5,3,1,not sampled,0,0,0
tiny-02532,unresolved,2,1,1,not sampled,0,0,0
tiny-02533,unresolved,2,1,1,not sampled,0,0,0
tiny-02534,unresolved,3,1,1,not sampled,0,0,0
tiny-02535,unresolved,3,1,1,not sampled,0,0,0
tiny-02536,unresolved,3,1,1,not sampled,0,0,0
tiny-02537,unresolved,3,1,1,not sampled,0,0,0
tiny-02538,unresolved,4,1,1,not sampled,0,0,0
tiny-02539,unresolved,4,1,1,not sampled,0,0,0
tiny-02540,unresolved,3,1,1,not sampled,0,0,0
tiny-02541,absent,3,2,1,not sampled,0,0,0
tiny-02542,unresolved,4,1,1,not sampled,0,0,0
tiny-02543,absent,4,2,1,not sampled,0,0,0
tiny-02544,unresolved,3,2,1,not sampled,0,0,0
tiny-02545,unresolved,3,2,1,not sampled,0,0,0
tiny-02546,unresolved,4,2,1,not sampled,0,0,0
tiny-02547,unresolved,4,2,1,not sampled,0,0,0
tiny-02548,unresolved,4,2,1,not sampled,0,0,0
tiny-02549,unresolved,4,1,1,not sampled,0,0,0
tiny-02550,unresolved,5,2,1,not sampled,0,0,0
tiny-02551,unresolved,5,1,1,not sampled,0,0,0
tiny-02552,unresolved,4,2,1,not sampled,0,0,0
tiny-02553,absent,4,3,1,not sampled,0,0,0
tiny-02554,unresolved,5,2,1,not sampled,0,0,0
tiny-02555,absent,5,3,1,not sampled,0,0,0
tiny-02556,invalidated,2,2,1,not sampled,0,0,0
tiny-02557,unresolved,2,1,1,not sampled,0,0,0
tiny-02558,invalidated,3,2,1,not sampled,0,0,0
tiny-02559,unresolved,3,1,1,not sampled,0,0,0
tiny-02560,invalidated,3,2,1,not sampled,0,0,0
tiny-02561,unresolved,3,1,1,not sampled,0,0,0
tiny-02562,invalidated,4,2,1,not sampled,0,0,0
tiny-02563,unresolved,4,1,1,not sampled,0,0,0
tiny-02564,invalidated,3,2,1,not sampled,0,0,0
tiny-02565,absent,3,2,1,not sampled,0,0,0
tiny-02566,invalidated,4,2,1,not sampled,0,0,0
tiny-02567,absent,4,2,1,not sampled,0,0,0
tiny-02568,unresolved,1,1,1,not sampled,0,0,0
tiny-02569,unresolved,1,0,1,not sampled,0,0,0
tiny-02570,unresolved,2,1,1,not sampled,0,0,0
tiny-02571,unresolved,2,0,1,not sampled,0,0,0
tiny-02572,unresolved,2,1,1,not sampled,0,0,0
tiny-02573,unresolved,2,1,1,not sampled,0,0,0
tiny-02574,unresolved,3,1,1,not sampled,0,0,0
tiny-02575,unresolved,3,1,1,not sampled,0,0,0
tiny-02576,unresolved,2,1,1,not sampled,0,0,0
tiny-02577,unresolved,2,1,1,not sampled,0,0,0
tiny-02578,unresolved,3,1,1,not sampled,0,0,0
tiny-02579,unresolved,3,1,1,not sampled,0,0,0
tiny-02580,unresolved,2,2,1,not sampled,0,0,0
tiny-02581,unresolved,2,1,1,not sampled,0,0,0
tiny-02582,unresolved,3,2,1,not sampled,0,0,0
tiny-02583,unresolved,3,1,1,not sampled,0,0,0
tiny-02584,unresolved,3,2,1,not sampled,0,0,0
tiny-02585,unresolved,3,1,1,not sampled,0,0,0
tiny-02586,unresolved,4,2,1,not sampled,0,0,0
tiny-02587,unresolved,4,1,1,not sampled,0,0,0
tiny-02588,unresolved,3,2,1,not sampled,0,0,0
tiny-02589,unresolved,3,2,1,not sampled,0,0,0
tiny-02590,unresolved,4,2,1,not sampled,0,0,0
tiny-02591,unresolved,4,2,1,not sampled,0,0,0
tiny-02592,unresolved,2,1,1,not sampled,0,0,0
tiny-02593,unresolved,2,2,1,not sampled,0,0,0
tiny-02594,unresolved,3,2,1,not sampled,0,0,0
tiny-02595,unresolved,3,2,1,not sampled,0,0,0
tiny-02596,unresolved,3,1,1,not sampled,0,0,0
tiny-02597,unresolved,3,1,1,not sampled,0,0,0
tiny-02598,unresolved,4,2,1,not sampled,0,0,0
tiny-02599,unresolved,4,1,1,not sampled,0,0,0
tiny-02600,unresolved,3,1,1,not sampled,0,0,0
tiny-02601,absent,3,3,1,not sampled,0,0,0
tiny-02602,unresolved,4,2,1,not sampled,0,0,0
tiny-02603,absent,4,3,1,not sampled,0,0,0
tiny-02604,unresolved,2,1,1,not sampled,0,0,0
tiny-02605,unresolved,2,2,1,not sampled,0,0,0
tiny-02606,unresolved,3,2,1,not sampled,0,0,0
tiny-02607,unresolved,3,2,1,not sampled,0,0,0
tiny-02608,unresolved,3,1,1,not sampled,0,0,0
tiny-02609,unresolved,3,1,1,not sampled,0,0,0
tiny-02610,unresolved,4,2,1,not sampled,0,0,0
tiny-02611,unresolved,4,1,1,not sampled,0,0,0
tiny-02612,unresolved,3,1,1,not sampled,0,0,0
tiny-02613,newly_justified,3,3,1,not sampled,0,0,0
tiny-02614,unresolved,4,2,1,not sampled,0,0,0
tiny-02615,newly_justified,4,3,1,not sampled,0,0,0
tiny-02616,unresolved,1,0,1,not sampled,0,0,0
tiny-02617,unresolved,1,1,1,not sampled,0,0,0
tiny-02618,unresolved,2,1,1,not sampled,0,0,0
tiny-02619,unresolved,2,1,1,not sampled,0,0,0
tiny-02620,unresolved,2,0,1,not sampled,0,0,0
tiny-02621,unresolved,2,1,1,not sampled,0,0,0
tiny-02622,unresolved,3,1,1,not sampled,0,0,0
tiny-02623,unresolved,3,1,1,not sampled,0,0,0
tiny-02624,unresolved,2,0,1,not sampled,0,0,0
tiny-02625,unresolved,2,2,1,not sampled,0,0,0
tiny-02626,unresolved,3,1,1,not sampled,0,0,0
tiny-02627,unresolved,3,2,1,not sampled,0,0,0
tiny-02628,unresolved,2,1,1,not sampled,0,0,0
tiny-02629,unresolved,2,2,1,not sampled,0,0,0
tiny-02630,unresolved,3,2,1,not sampled,0,0,0
tiny-02631,unresolved,3,2,1,not sampled,0,0,0
tiny-02632,unresolved,3,1,1,not sampled,0,0,0
tiny-02633,unresolved,3,1,1,not sampled,0,0,0
tiny-02634,unresolved,4,2,1,not sampled,0,0,0
tiny-02635,unresolved,4,1,1,not sampled,0,0,0
tiny-02636,unresolved,3,1,1,not sampled,0,0,0
tiny-02637,absent,3,3,1,not sampled,0,0,0
tiny-02638,unresolved,4,2,1,not sampled,0,0,0
tiny-02639,absent,4,3,1,not sampled,0,0,0
tiny-02640,unresolved,2,1,1,not sampled,0,0,0
tiny-02641,unresolved,2,2,1,not sampled,0,0,0
tiny-02642,unresolved,3,2,1,not sampled,0,0,0
tiny-02643,unresolved,3,2,1,not sampled,0,0,0
tiny-02644,unresolved,3,1,1,not sampled,0,0,0
tiny-02645,unresolved,3,1,1,not sampled,0,0,0
tiny-02646,unresolved,4,2,1,not sampled,0,0,0
tiny-02647,unresolved,4,1,1,not sampled,0,0,0
tiny-02648,unresolved,3,1,1,not sampled,0,0,0
tiny-02649,absent,3,3,1,not sampled,0,0,0
tiny-02650,unresolved,4,2,1,not sampled,0,0,0
tiny-02651,absent,4,3,1,not sampled,0,0,0
tiny-02652,unresolved,1,0,1,not sampled,0,0,0
tiny-02653,unresolved,1,1,1,not sampled,0,0,0
tiny-02654,unresolved,2,1,1,not sampled,0,0,0
tiny-02655,unresolved,2,1,1,not sampled,0,0,0
tiny-02656,unresolved,2,0,1,not sampled,0,0,0
tiny-02657,unresolved,2,1,1,not sampled,0,0,0
tiny-02658,unresolved,3,1,1,not sampled,0,0,0
tiny-02659,unresolved,3,1,1,not sampled,0,0,0
tiny-02660,unresolved,2,0,1,not sampled,0,0,0
tiny-02661,absent,2,2,1,not sampled,0,0,0
tiny-02662,unresolved,3,1,1,not sampled,0,0,0
tiny-02663,absent,3,2,1,not sampled,0,0,0
tiny-02664,unresolved,1,1,1,not sampled,0,0,0
tiny-02665,unresolved,1,1,1,not sampled,0,0,0
tiny-02666,unresolved,2,2,1,not sampled,0,0,0
tiny-02667,unresolved,2,1,1,not sampled,0,0,0
tiny-02668,unresolved,2,1,1,not sampled,0,0,0
tiny-02669,unresolved,2,1,1,not sampled,0,0,0
tiny-02670,unresolved,3,2,1,not sampled,0,0,0
tiny-02671,unresolved,3,1,1,not sampled,0,0,0
tiny-02672,unresolved,2,1,1,not sampled,0,0,0
tiny-02673,absent,2,2,1,not sampled,0,0,0
tiny-02674,unresolved,3,2,1,not sampled,0,0,0
tiny-02675,absent,3,2,1,not sampled,0,0,0
tiny-02676,unresolved,1,1,1,not sampled,0,0,0
tiny-02677,unresolved,1,1,1,not sampled,0,0,0
tiny-02678,unresolved,2,2,1,not sampled,0,0,0
tiny-02679,unresolved,2,1,1,not sampled,0,0,0
tiny-02680,unresolved,2,1,1,not sampled,0,0,0
tiny-02681,unresolved,2,1,1,not sampled,0,0,0
tiny-02682,unresolved,3,2,1,not sampled,0,0,0
tiny-02683,unresolved,3,1,1,not sampled,0,0,0
tiny-02684,unresolved,2,1,1,not sampled,0,0,0
tiny-02685,unresolved,2,2,1,not sampled,0,0,0
tiny-02686,unresolved,3,2,1,not sampled,0,0,0
tiny-02687,unresolved,3,2,1,not sampled,0,0,0
tiny-02688,unresolved,0,0,1,not sampled,0,0,0
tiny-02689,unresolved,0,0,1,not sampled,0,0,0
tiny-02690,unresolved,1,1,1,not sampled,0,0,0
tiny-02691,unresolved,1,0,1,not sampled,0,0,0
tiny-02692,unresolved,1,0,1,not sampled,0,0,0
tiny-02693,unresolved,1,1,1,not sampled,0,0,0
tiny-02694,unresolved,2,1,1,not sampled,0,0,0
tiny-02695,unresolved,2,1,1,not sampled,0,0,0
tiny-02696,unresolved,1,0,1,not sampled,0,0,0
tiny-02697,unresolved,1,1,1,not sampled,0,0,0
tiny-02698,unresolved,2,1,1,not sampled,0,0,0
tiny-02699,unresolved,2,1,1,not sampled,0,0,0
tiny-02700,unresolved,3,2,1,not sampled,0,0,0
tiny-02701,unresolved,3,2,1,not sampled,0,0,0
tiny-02702,unresolved,4,2,1,not sampled,0,0,0
tiny-02703,unresolved,4,2,1,not sampled,0,0,0
tiny-02704,unresolved,4,2,1,not sampled,0,0,0
tiny-02705,unresolved,4,1,1,not sampled,0,0,0
tiny-02706,unresolved,5,2,1,not sampled,0,0,0
tiny-02707,unresolved,5,1,1,not sampled,0,0,0
tiny-02708,unresolved,4,2,1,not sampled,0,0,0
tiny-02709,absent,4,3,1,not sampled,0,0,0
tiny-02710,unresolved,5,2,1,not sampled,0,0,0
tiny-02711,absent,5,3,1,not sampled,0,0,0
tiny-02712,unresolved,3,2,1,not sampled,0,0,0
tiny-02713,unresolved,3,2,1,not sampled,0,0,0
tiny-02714,unresolved,4,2,1,not sampled,0,0,0
tiny-02715,unresolved,4,2,1,not sampled,0,0,0
tiny-02716,unresolved,4,2,1,not sampled,0,0,0
tiny-02717,unresolved,4,1,1,not sampled,0,0,0
tiny-02718,unresolved,5,2,1,not sampled,0,0,0
tiny-02719,unresolved,5,1,1,not sampled,0,0,0
tiny-02720,unresolved,4,2,1,not sampled,0,0,0
tiny-02721,newly_justified,4,3,1,not sampled,0,0,0
tiny-02722,unresolved,5,2,1,not sampled,0,0,0
tiny-02723,newly_justified,5,3,1,not sampled,0,0,0
tiny-02724,unresolved,2,1,1,not sampled,0,0,0
tiny-02725,unresolved,2,1,1,not sampled,0,0,0
tiny-02726,unresolved,3,1,1,not sampled,0,0,0
tiny-02727,unresolved,3,1,1,not sampled,0,0,0
tiny-02728,unresolved,3,1,1,not sampled,0,0,0
tiny-02729,unresolved,3,1,1,not sampled,0,0,0
tiny-02730,unresolved,4,1,1,not sampled,0,0,0
tiny-02731,unresolved,4,1,1,not sampled,0,0,0
tiny-02732,unresolved,3,1,1,not sampled,0,0,0
tiny-02733,unresolved,3,2,1,not sampled,0,0,0
tiny-02734,unresolved,4,1,1,not sampled,0,0,0
tiny-02735,unresolved,4,2,1,not sampled,0,0,0
tiny-02736,unresolved,3,2,1,not sampled,0,0,0
tiny-02737,unresolved,3,2,1,not sampled,0,0,0
tiny-02738,unresolved,4,2,1,not sampled,0,0,0
tiny-02739,unresolved,4,2,1,not sampled,0,0,0
tiny-02740,unresolved,4,2,1,not sampled,0,0,0
tiny-02741,unresolved,4,1,1,not sampled,0,0,0
tiny-02742,unresolved,5,2,1,not sampled,0,0,0
tiny-02743,unresolved,5,1,1,not sampled,0,0,0
tiny-02744,unresolved,4,2,1,not sampled,0,0,0
tiny-02745,absent,4,3,1,not sampled,0,0,0
tiny-02746,unresolved,5,2,1,not sampled,0,0,0
tiny-02747,absent,5,3,1,not sampled,0,0,0
tiny-02748,unresolved,3,2,1,not sampled,0,0,0
tiny-02749,unresolved,3,2,1,not sampled,0,0,0
tiny-02750,unresolved,4,2,1,not sampled,0,0,0
tiny-02751,unresolved,4,2,1,not sampled,0,0,0
tiny-02752,unresolved,4,2,1,not sampled,0,0,0
tiny-02753,unresolved,4,1,1,not sampled,0,0,0
tiny-02754,unresolved,5,2,1,not sampled,0,0,0
tiny-02755,unresolved,5,1,1,not sampled,0,0,0
tiny-02756,unresolved,4,2,1,not sampled,0,0,0
tiny-02757,absent,4,3,1,not sampled,0,0,0
tiny-02758,unresolved,5,2,1,not sampled,0,0,0
tiny-02759,absent,5,3,1,not sampled,0,0,0
tiny-02760,unresolved,2,1,1,not sampled,0,0,0
tiny-02761,unresolved,2,1,1,not sampled,0,0,0
tiny-02762,unresolved,3,1,1,not sampled,0,0,0
tiny-02763,unresolved,3,1,1,not sampled,0,0,0
tiny-02764,unresolved,3,1,1,not sampled,0,0,0
tiny-02765,unresolved,3,1,1,not sampled,0,0,0
tiny-02766,unresolved,4,1,1,not sampled,0,0,0
tiny-02767,unresolved,4,1,1,not sampled,0,0,0
tiny-02768,unresolved,3,1,1,not sampled,0,0,0
tiny-02769,absent,3,2,1,not sampled,0,0,0
tiny-02770,unresolved,4,1,1,not sampled,0,0,0
tiny-02771,absent,4,2,1,not sampled,0,0,0
tiny-02772,unresolved,2,2,1,not sampled,0,0,0
tiny-02773,unresolved,2,1,1,not sampled,0,0,0
tiny-02774,unresolved,3,2,1,not sampled,0,0,0
tiny-02775,unresolved,3,1,1,not sampled,0,0,0
tiny-02776,unresolved,3,2,1,not sampled,0,0,0
tiny-02777,unresolved,3,1,1,not sampled,0,0,0
tiny-02778,unresolved,4,2,1,not sampled,0,0,0
tiny-02779,unresolved,4,1,1,not sampled,0,0,0
tiny-02780,unresolved,3,2,1,not sampled,0,0,0
tiny-02781,absent,3,2,1,not sampled,0,0,0
tiny-02782,unresolved,4,2,1,not sampled,0,0,0
tiny-02783,absent,4,2,1,not sampled,0,0,0
tiny-02784,unresolved,2,2,1,not sampled,0,0,0
tiny-02785,unresolved,2,1,1,not sampled,0,0,0
tiny-02786,unresolved,3,2,1,not sampled,0,0,0
tiny-02787,unresolved,3,1,1,not sampled,0,0,0
tiny-02788,unresolved,3,2,1,not sampled,0,0,0
tiny-02789,unresolved,3,1,1,not sampled,0,0,0
tiny-02790,unresolved,4,2,1,not sampled,0,0,0
tiny-02791,unresolved,4,1,1,not sampled,0,0,0
tiny-02792,unresolved,3,2,1,not sampled,0,0,0
tiny-02793,unresolved,3,2,1,not sampled,0,0,0
tiny-02794,unresolved,4,2,1,not sampled,0,0,0
tiny-02795,unresolved,4,2,1,not sampled,0,0,0
tiny-02796,unresolved,1,1,1,not sampled,0,0,0
tiny-02797,unresolved,1,0,1,not sampled,0,0,0
tiny-02798,unresolved,2,1,1,not sampled,0,0,0
tiny-02799,unresolved,2,0,1,not sampled,0,0,0
tiny-02800,unresolved,2,1,1,not sampled,0,0,0
tiny-02801,unresolved,2,1,1,not sampled,0,0,0
tiny-02802,unresolved,3,1,1,not sampled,0,0,0
tiny-02803,unresolved,3,1,1,not sampled,0,0,0
tiny-02804,unresolved,2,1,1,not sampled,0,0,0
tiny-02805,unresolved,2,1,1,not sampled,0,0,0
tiny-02806,unresolved,3,1,1,not sampled,0,0,0
tiny-02807,unresolved,3,1,1,not sampled,0,0,0
tiny-02808,unresolved,3,2,1,not sampled,0,0,0
tiny-02809,unresolved,3,2,1,not sampled,0,0,0
tiny-02810,unresolved,4,2,1,not sampled,0,0,0
tiny-02811,unresolved,4,2,1,not sampled,0,0,0
tiny-02812,unresolved,4,2,1,not sampled,0,0,0
tiny-02813,unresolved,4,1,1,not sampled,0,0,0
tiny-02814,unresolved,5,2,1,not sampled,0,0,0
tiny-02815,unresolved,5,1,1,not sampled,0,0,0
tiny-02816,unresolved,4,2,1,not sampled,0,0,0
tiny-02817,absent,4,3,1,not sampled,0,0,0
tiny-02818,unresolved,5,2,1,not sampled,0,0,0
tiny-02819,absent,5,3,1,not sampled,0,0,0
tiny-02820,unresolved,3,2,1,not sampled,0,0,0
tiny-02821,unresolved,3,2,1,not sampled,0,0,0
tiny-02822,unresolved,4,2,1,not sampled,0,0,0
tiny-02823,unresolved,4,2,1,not sampled,0,0,0
tiny-02824,unresolved,4,2,1,not sampled,0,0,0
tiny-02825,unresolved,4,1,1,not sampled,0,0,0
tiny-02826,unresolved,5,2,1,not sampled,0,0,0
tiny-02827,unresolved,5,1,1,not sampled,0,0,0
tiny-02828,unresolved,4,2,1,not sampled,0,0,0
tiny-02829,newly_justified,4,3,1,not sampled,0,0,0
tiny-02830,unresolved,5,2,1,not sampled,0,0,0
tiny-02831,newly_justified,5,3,1,not sampled,0,0,0
tiny-02832,unresolved,2,1,1,not sampled,0,0,0
tiny-02833,unresolved,2,1,1,not sampled,0,0,0
tiny-02834,unresolved,3,1,1,not sampled,0,0,0
tiny-02835,unresolved,3,1,1,not sampled,0,0,0
tiny-02836,unresolved,3,1,1,not sampled,0,0,0
tiny-02837,unresolved,3,1,1,not sampled,0,0,0
tiny-02838,unresolved,4,1,1,not sampled,0,0,0
tiny-02839,unresolved,4,1,1,not sampled,0,0,0
tiny-02840,unresolved,3,1,1,not sampled,0,0,0
tiny-02841,unresolved,3,2,1,not sampled,0,0,0
tiny-02842,unresolved,4,1,1,not sampled,0,0,0
tiny-02843,unresolved,4,2,1,not sampled,0,0,0
tiny-02844,unresolved,3,2,1,not sampled,0,0,0
tiny-02845,unresolved,3,2,1,not sampled,0,0,0
tiny-02846,unresolved,4,2,1,not sampled,0,0,0
tiny-02847,unresolved,4,2,1,not sampled,0,0,0
tiny-02848,unresolved,4,2,1,not sampled,0,0,0
tiny-02849,unresolved,4,1,1,not sampled,0,0,0
tiny-02850,unresolved,5,2,1,not sampled,0,0,0
tiny-02851,unresolved,5,1,1,not sampled,0,0,0
tiny-02852,unresolved,4,2,1,not sampled,0,0,0
tiny-02853,absent,4,3,1,not sampled,0,0,0
tiny-02854,unresolved,5,2,1,not sampled,0,0,0
tiny-02855,absent,5,3,1,not sampled,0,0,0
tiny-02856,unresolved,3,2,1,not sampled,0,0,0
tiny-02857,unresolved,3,2,1,not sampled,0,0,0
tiny-02858,unresolved,4,2,1,not sampled,0,0,0
tiny-02859,unresolved,4,2,1,not sampled,0,0,0
tiny-02860,unresolved,4,2,1,not sampled,0,0,0
tiny-02861,unresolved,4,1,1,not sampled,0,0,0
tiny-02862,unresolved,5,2,1,not sampled,0,0,0
tiny-02863,unresolved,5,1,1,not sampled,0,0,0
tiny-02864,unresolved,4,2,1,not sampled,0,0,0
tiny-02865,absent,4,3,1,not sampled,0,0,0
tiny-02866,unresolved,5,2,1,not sampled,0,0,0
tiny-02867,absent,5,3,1,not sampled,0,0,0
tiny-02868,unresolved,2,1,1,not sampled,0,0,0
tiny-02869,unresolved,2,1,1,not sampled,0,0,0
tiny-02870,unresolved,3,1,1,not sampled,0,0,0
tiny-02871,unresolved,3,1,1,not sampled,0,0,0
tiny-02872,unresolved,3,1,1,not sampled,0,0,0
tiny-02873,unresolved,3,1,1,not sampled,0,0,0
tiny-02874,unresolved,4,1,1,not sampled,0,0,0
tiny-02875,unresolved,4,1,1,not sampled,0,0,0
tiny-02876,unresolved,3,1,1,not sampled,0,0,0
tiny-02877,absent,3,2,1,not sampled,0,0,0
tiny-02878,unresolved,4,1,1,not sampled,0,0,0
tiny-02879,absent,4,2,1,not sampled,0,0,0
tiny-02880,unresolved,2,2,1,not sampled,0,0,0
tiny-02881,unresolved,2,1,1,not sampled,0,0,0
tiny-02882,unresolved,3,2,1,not sampled,0,0,0
tiny-02883,unresolved,3,1,1,not sampled,0,0,0
tiny-02884,unresolved,3,2,1,not sampled,0,0,0
tiny-02885,unresolved,3,1,1,not sampled,0,0,0
tiny-02886,unresolved,4,2,1,not sampled,0,0,0
tiny-02887,unresolved,4,1,1,not sampled,0,0,0
tiny-02888,unresolved,3,2,1,not sampled,0,0,0
tiny-02889,absent,3,2,1,not sampled,0,0,0
tiny-02890,unresolved,4,2,1,not sampled,0,0,0
tiny-02891,absent,4,2,1,not sampled,0,0,0
tiny-02892,unresolved,2,2,1,not sampled,0,0,0
tiny-02893,unresolved,2,1,1,not sampled,0,0,0
tiny-02894,unresolved,3,2,1,not sampled,0,0,0
tiny-02895,unresolved,3,1,1,not sampled,0,0,0
tiny-02896,unresolved,3,2,1,not sampled,0,0,0
tiny-02897,unresolved,3,1,1,not sampled,0,0,0
tiny-02898,unresolved,4,2,1,not sampled,0,0,0
tiny-02899,unresolved,4,1,1,not sampled,0,0,0
tiny-02900,unresolved,3,2,1,not sampled,0,0,0
tiny-02901,unresolved,3,2,1,not sampled,0,0,0
tiny-02902,unresolved,4,2,1,not sampled,0,0,0
tiny-02903,unresolved,4,2,1,not sampled,0,0,0
tiny-02904,unresolved,1,1,1,not sampled,0,0,0
tiny-02905,unresolved,1,0,1,not sampled,0,0,0
tiny-02906,unresolved,2,1,1,not sampled,0,0,0
tiny-02907,unresolved,2,0,1,not sampled,0,0,0
tiny-02908,unresolved,2,1,1,not sampled,0,0,0
tiny-02909,unresolved,2,1,1,not sampled,0,0,0
tiny-02910,unresolved,3,1,1,not sampled,0,0,0
tiny-02911,unresolved,3,1,1,not sampled,0,0,0
tiny-02912,unresolved,2,1,1,not sampled,0,0,0
tiny-02913,unresolved,2,1,1,not sampled,0,0,0
tiny-02914,unresolved,3,1,1,not sampled,0,0,0
tiny-02915,unresolved,3,1,1,not sampled,0,0,0
tiny-02916,absent,1,1,1,not sampled,0,0,0
tiny-02917,absent,1,0,1,not sampled,0,0,0
tiny-02918,absent,2,1,1,not sampled,0,0,0
tiny-02919,absent,2,0,1,not sampled,0,0,0
tiny-02920,absent,2,1,1,not sampled,0,0,0
tiny-02921,absent,2,1,1,not sampled,0,0,0
tiny-02922,absent,3,1,1,not sampled,0,0,0
tiny-02923,absent,3,1,1,not sampled,0,0,0
tiny-02924,absent,2,1,1,not sampled,0,0,0
tiny-02925,absent,2,1,1,not sampled,0,0,0
tiny-02926,absent,3,1,1,not sampled,0,0,0
tiny-02927,absent,3,1,1,not sampled,0,0,0
tiny-02928,newly_justified,2,2,1,not sampled,0,0,0
tiny-02929,newly_justified,2,1,1,not sampled,0,0,0
tiny-02930,unresolved,3,2,1,not sampled,0,0,0
tiny-02931,newly_justified,3,1,1,not sampled,0,0,0
tiny-02932,newly_justified,3,2,1,not sampled,0,0,0
tiny-02933,absent,3,1,1,not sampled,0,0,0
tiny-02934,unresolved,4,2,1,not sampled,0,0,0
tiny-02935,absent,4,1,1,not sampled,0,0,0
tiny-02936,newly_justified,3,2,1,not sampled,0,0,0
tiny-02937,newly_justified,3,2,1,not sampled,0,0,0
tiny-02938,unresolved,4,2,1,not sampled,0,0,0
tiny-02939,newly_justified,4,2,1,not sampled,0,0,0
tiny-02940,unresolved,2,2,1,not sampled,0,0,0
tiny-02941,unresolved,2,1,1,not sampled,0,0,0
tiny-02942,unresolved,3,2,1,not sampled,0,0,0
tiny-02943,unresolved,3,1,1,not sampled,0,0,0
tiny-02944,unresolved,3,2,1,not sampled,0,0,0
tiny-02945,absent,3,1,1,not sampled,0,0,0
tiny-02946,unresolved,4,2,1,not sampled,0,0,0
tiny-02947,absent,4,1,1,not sampled,0,0,0
tiny-02948,unresolved,3,2,1,not sampled,0,0,0
tiny-02949,unresolved,3,2,1,not sampled,0,0,0
tiny-02950,unresolved,4,2,1,not sampled,0,0,0
tiny-02951,unresolved,4,2,1,not sampled,0,0,0
tiny-02952,absent,2,1,1,not sampled,0,0,0
tiny-02953,absent,2,1,1,not sampled,0,0,0
tiny-02954,absent,3,1,1,not sampled,0,0,0
tiny-02955,absent,3,1,1,not sampled,0,0,0
tiny-02956,absent,3,1,1,not sampled,0,0,0
tiny-02957,absent,3,1,1,not sampled,0,0,0
tiny-02958,absent,4,1,1,not sampled,0,0,0
tiny-02959,absent,4,1,1,not sampled,0,0,0
tiny-02960,absent,3,1,1,not sampled,0,0,0
tiny-02961,absent,3,2,1,not sampled,0,0,0
tiny-02962,absent,4,1,1,not sampled,0,0,0
tiny-02963,absent,4,2,1,not sampled,0,0,0
tiny-02964,newly_justified,3,2,1,not sampled,0,0,0
tiny-02965,absent,3,2,1,not sampled,0,0,0
tiny-02966,unresolved,4,2,1,not sampled,0,0,0
tiny-02967,absent,4,2,1,not sampled,0,0,0
tiny-02968,newly_justified,4,2,1,not sampled,0,0,0
tiny-02969,absent,4,1,1,not sampled,0,0,0
tiny-02970,unresolved,5,2,1,not sampled,0,0,0
tiny-02971,absent,5,1,1,not sampled,0,0,0
tiny-02972,newly_justified,4,2,1,not sampled,0,0,0
tiny-02973,absent,4,3,1,not sampled,0,0,0
tiny-02974,unresolved,5,2,1,not sampled,0,0,0
tiny-02975,absent,5,3,1,not sampled,0,0,0
tiny-02976,unresolved,3,2,1,not sampled,0,0,0
tiny-02977,absent,3,2,1,not sampled,0,0,0
tiny-02978,unresolved,4,2,1,not sampled,0,0,0
tiny-02979,absent,4,2,1,not sampled,0,0,0
tiny-02980,unresolved,4,2,1,not sampled,0,0,0
tiny-02981,absent,4,1,1,not sampled,0,0,0
tiny-02982,unresolved,5,2,1,not sampled,0,0,0
tiny-02983,absent,5,1,1,not sampled,0,0,0
tiny-02984,unresolved,4,2,1,not sampled,0,0,0
tiny-02985,absent,4,3,1,not sampled,0,0,0
tiny-02986,unresolved,5,2,1,not sampled,0,0,0
tiny-02987,absent,5,3,1,not sampled,0,0,0
tiny-02988,absent,2,1,1,not sampled,0,0,0
tiny-02989,absent,2,1,1,not sampled,0,0,0
tiny-02990,absent,3,1,1,not sampled,0,0,0
tiny-02991,absent,3,1,1,not sampled,0,0,0
tiny-02992,absent,3,1,1,not sampled,0,0,0
tiny-02993,absent,3,1,1,not sampled,0,0,0
tiny-02994,absent,4,1,1,not sampled,0,0,0
tiny-02995,absent,4,1,1,not sampled,0,0,0
tiny-02996,absent,3,1,1,not sampled,0,0,0
tiny-02997,absent,3,2,1,not sampled,0,0,0
tiny-02998,absent,4,1,1,not sampled,0,0,0
tiny-02999,absent,4,2,1,not sampled,0,0,0
tiny-03000,newly_justified,3,2,1,not sampled,0,0,0
tiny-03001,unresolved,3,2,1,not sampled,0,0,0
tiny-03002,unresolved,4,2,1,not sampled,0,0,0
tiny-03003,unresolved,4,2,1,not sampled,0,0,0
tiny-03004,newly_justified,4,2,1,not sampled,0,0,0
tiny-03005,absent,4,1,1,not sampled,0,0,0
tiny-03006,unresolved,5,2,1,not sampled,0,0,0
tiny-03007,absent,5,1,1,not sampled,0,0,0
tiny-03008,newly_justified,4,2,1,not sampled,0,0,0
tiny-03009,unresolved,4,3,1,not sampled,0,0,0
tiny-03010,unresolved,5,2,1,not sampled,0,0,0
tiny-03011,unresolved,5,3,1,not sampled,0,0,0
tiny-03012,unresolved,3,2,1,not sampled,0,0,0
tiny-03013,unresolved,3,2,1,not sampled,0,0,0
tiny-03014,unresolved,4,2,1,not sampled,0,0,0
tiny-03015,unresolved,4,2,1,not sampled,0,0,0
tiny-03016,unresolved,4,2,1,not sampled,0,0,0
tiny-03017,absent,4,1,1,not sampled,0,0,0
tiny-03018,unresolved,5,2,1,not sampled,0,0,0
tiny-03019,absent,5,1,1,not sampled,0,0,0
tiny-03020,unresolved,4,2,1,not sampled,0,0,0
tiny-03021,unresolved,4,3,1,not sampled,0,0,0
tiny-03022,unresolved,5,2,1,not sampled,0,0,0
tiny-03023,unresolved,5,3,1,not sampled,0,0,0
tiny-03024,absent,0,0,1,not sampled,0,0,0
tiny-03025,absent,0,0,1,not sampled,0,0,0
tiny-03026,absent,1,1,1,not sampled,0,0,0
tiny-03027,absent,1,0,1,not sampled,0,0,0
tiny-03028,absent,1,0,1,not sampled,0,0,0
tiny-03029,absent,1,1,1,not sampled,0,0,0
tiny-03030,absent,2,1,1,not sampled,0,0,0
tiny-03031,absent,2,1,1,not sampled,0,0,0
tiny-03032,absent,1,0,1,not sampled,0,0,0
tiny-03033,absent,1,1,1,not sampled,0,0,0
tiny-03034,absent,2,1,1,not sampled,0,0,0
tiny-03035,absent,2,1,1,not sampled,0,0,0
tiny-03036,absent,1,1,1,not sampled,0,0,0
tiny-03037,newly_justified,1,1,1,not sampled,0,0,0
tiny-03038,unresolved,2,2,1,not sampled,0,0,0
tiny-03039,newly_justified,2,1,1,not sampled,0,0,0
tiny-03040,absent,2,1,1,not sampled,0,0,0
tiny-03041,absent,2,1,1,not sampled,0,0,0
tiny-03042,unresolved,3,2,1,not sampled,0,0,0
tiny-03043,absent,3,1,1,not sampled,0,0,0
tiny-03044,absent,2,1,1,not sampled,0,0,0
tiny-03045,newly_justified,2,2,1,not sampled,0,0,0
tiny-03046,unresolved,3,2,1,not sampled,0,0,0
tiny-03047,newly_justified,3,2,1,not sampled,0,0,0
tiny-03048,absent,1,1,1,not sampled,0,0,0
tiny-03049,unresolved,1,1,1,not sampled,0,0,0
tiny-03050,unresolved,2,2,1,not sampled,0,0,0
tiny-03051,unresolved,2,1,1,not sampled,0,0,0
tiny-03052,absent,2,1,1,not sampled,0,0,0
tiny-03053,absent,2,1,1,not sampled,0,0,0
tiny-03054,unresolved,3,2,1,not sampled,0,0,0
tiny-03055,absent,3,1,1,not sampled,0,0,0
tiny-03056,absent,2,1,1,not sampled,0,0,0
tiny-03057,unresolved,2,2,1,not sampled,0,0,0
tiny-03058,unresolved,3,2,1,not sampled,0,0,0
tiny-03059,unresolved,3,2,1,not sampled,0,0,0
tiny-03060,absent,1,0,1,not sampled,0,0,0
tiny-03061,absent,1,1,1,not sampled,0,0,0
tiny-03062,absent,2,1,1,not sampled,0,0,0
tiny-03063,absent,2,1,1,not sampled,0,0,0
tiny-03064,absent,2,0,1,not sampled,0,0,0
tiny-03065,absent,2,1,1,not sampled,0,0,0
tiny-03066,absent,3,1,1,not sampled,0,0,0
tiny-03067,absent,3,1,1,not sampled,0,0,0
tiny-03068,absent,2,0,1,not sampled,0,0,0
tiny-03069,absent,2,2,1,not sampled,0,0,0
tiny-03070,absent,3,1,1,not sampled,0,0,0
tiny-03071,absent,3,2,1,not sampled,0,0,0
tiny-03072,absent,2,1,1,not sampled,0,0,0
tiny-03073,absent,2,2,1,not sampled,0,0,0
tiny-03074,unresolved,3,2,1,not sampled,0,0,0
tiny-03075,absent,3,2,1,not sampled,0,0,0
tiny-03076,absent,3,1,1,not sampled,0,0,0
tiny-03077,absent,3,1,1,not sampled,0,0,0
tiny-03078,unresolved,4,2,1,not sampled,0,0,0
tiny-03079,absent,4,1,1,not sampled,0,0,0
tiny-03080,absent,3,1,1,not sampled,0,0,0
tiny-03081,absent,3,3,1,not sampled,0,0,0
tiny-03082,unresolved,4,2,1,not sampled,0,0,0
tiny-03083,absent,4,3,1,not sampled,0,0,0
tiny-03084,absent,2,1,1,not sampled,0,0,0
tiny-03085,absent,2,2,1,not sampled,0,0,0
tiny-03086,unresolved,3,2,1,not sampled,0,0,0
tiny-03087,absent,3,2,1,not sampled,0,0,0
tiny-03088,absent,3,1,1,not sampled,0,0,0
tiny-03089,absent,3,1,1,not sampled,0,0,0
tiny-03090,unresolved,4,2,1,not sampled,0,0,0
tiny-03091,absent,4,1,1,not sampled,0,0,0
tiny-03092,absent,3,1,1,not sampled,0,0,0
tiny-03093,absent,3,3,1,not sampled,0,0,0
tiny-03094,unresolved,4,2,1,not sampled,0,0,0
tiny-03095,absent,4,3,1,not sampled,0,0,0
tiny-03096,absent,1,0,1,not sampled,0,0,0
tiny-03097,absent,1,1,1,not sampled,0,0,0
tiny-03098,absent,2,1,1,not sampled,0,0,0
tiny-03099,absent,2,1,1,not sampled,0,0,0
tiny-03100,absent,2,0,1,not sampled,0,0,0
tiny-03101,absent,2,1,1,not sampled,0,0,0
tiny-03102,absent,3,1,1,not sampled,0,0,0
tiny-03103,absent,3,1,1,not sampled,0,0,0
tiny-03104,absent,2,0,1,not sampled,0,0,0
tiny-03105,absent,2,2,1,not sampled,0,0,0
tiny-03106,absent,3,1,1,not sampled,0,0,0
tiny-03107,absent,3,2,1,not sampled,0,0,0
tiny-03108,absent,2,1,1,not sampled,0,0,0
tiny-03109,unresolved,2,2,1,not sampled,0,0,0
tiny-03110,unresolved,3,2,1,not sampled,0,0,0
tiny-03111,unresolved,3,2,1,not sampled,0,0,0
tiny-03112,absent,3,1,1,not sampled,0,0,0
tiny-03113,absent,3,1,1,not sampled,0,0,0
tiny-03114,unresolved,4,2,1,not sampled,0,0,0
tiny-03115,absent,4,1,1,not sampled,0,0,0
tiny-03116,absent,3,1,1,not sampled,0,0,0
tiny-03117,unresolved,3,3,1,not sampled,0,0,0
tiny-03118,unresolved,4,2,1,not sampled,0,0,0
tiny-03119,unresolved,4,3,1,not sampled,0,0,0
tiny-03120,absent,2,1,1,not sampled,0,0,0
tiny-03121,unresolved,2,2,1,not sampled,0,0,0
tiny-03122,unresolved,3,2,1,not sampled,0,0,0
tiny-03123,unresolved,3,2,1,not sampled,0,0,0
tiny-03124,absent,3,1,1,not sampled,0,0,0
tiny-03125,absent,3,1,1,not sampled,0,0,0
tiny-03126,unresolved,4,2,1,not sampled,0,0,0
tiny-03127,absent,4,1,1,not sampled,0,0,0
tiny-03128,absent,3,1,1,not sampled,0,0,0
tiny-03129,unresolved,3,3,1,not sampled,0,0,0
tiny-03130,unresolved,4,2,1,not sampled,0,0,0
tiny-03131,unresolved,4,3,1,not sampled,0,0,0
tiny-03132,absent,1,1,1,not sampled,0,0,0
tiny-03133,absent,1,0,1,not sampled,0,0,0
tiny-03134,absent,2,1,1,not sampled,0,0,0
tiny-03135,absent,2,0,1,not sampled,0,0,0
tiny-03136,absent,2,1,1,not sampled,0,0,0
tiny-03137,absent,2,1,1,not sampled,0,0,0
tiny-03138,absent,3,1,1,not sampled,0,0,0
tiny-03139,absent,3,1,1,not sampled,0,0,0
tiny-03140,absent,2,1,1,not sampled,0,0,0
tiny-03141,absent,2,1,1,not sampled,0,0,0
tiny-03142,absent,3,1,1,not sampled,0,0,0
tiny-03143,absent,3,1,1,not sampled,0,0,0
tiny-03144,unresolved,2,2,1,not sampled,0,0,0
tiny-03145,newly_justified,2,1,1,not sampled,0,0,0
tiny-03146,unresolved,3,2,1,not sampled,0,0,0
tiny-03147,newly_justified,3,1,1,not sampled,0,0,0
tiny-03148,unresolved,3,2,1,not sampled,0,0,0
tiny-03149,absent,3,1,1,not sampled,0,0,0
tiny-03150,unresolved,4,2,1,not sampled,0,0,0
tiny-03151,absent,4,1,1,not sampled,0,0,0
tiny-03152,unresolved,3,2,1,not sampled,0,0,0
tiny-03153,newly_justified,3,2,1,not sampled,0,0,0
tiny-03154,unresolved,4,2,1,not sampled,0,0,0
tiny-03155,newly_justified,4,2,1,not sampled,0,0,0
tiny-03156,unresolved,2,2,1,not sampled,0,0,0
tiny-03157,unresolved,2,1,1,not sampled,0,0,0
tiny-03158,unresolved,3,2,1,not sampled,0,0,0
tiny-03159,unresolved,3,1,1,not sampled,0,0,0
tiny-03160,unresolved,3,2,1,not sampled,0,0,0
tiny-03161,absent,3,1,1,not sampled,0,0,0
tiny-03162,unresolved,4,2,1,not sampled,0,0,0
tiny-03163,absent,4,1,1,not sampled,0,0,0
tiny-03164,unresolved,3,2,1,not sampled,0,0,0
tiny-03165,unresolved,3,2,1,not sampled,0,0,0
tiny-03166,unresolved,4,2,1,not sampled,0,0,0
tiny-03167,unresolved,4,2,1,not sampled,0,0,0
tiny-03168,absent,2,1,1,not sampled,0,0,0
tiny-03169,absent,2,1,1,not sampled,0,0,0
tiny-03170,absent,3,1,1,not sampled,0,0,0
tiny-03171,absent,3,1,1,not sampled,0,0,0
tiny-03172,absent,3,1,1,not sampled,0,0,0
tiny-03173,absent,3,1,1,not sampled,0,0,0
tiny-03174,absent,4,1,1,not sampled,0,0,0
tiny-03175,absent,4,1,1,not sampled,0,0,0
tiny-03176,absent,3,1,1,not sampled,0,0,0
tiny-03177,absent,3,2,1,not sampled,0,0,0
tiny-03178,absent,4,1,1,not sampled,0,0,0
tiny-03179,absent,4,2,1,not sampled,0,0,0
tiny-03180,unresolved,3,2,1,not sampled,0,0,0
tiny-03181,absent,3,2,1,not sampled,0,0,0
tiny-03182,unresolved,4,2,1,not sampled,0,0,0
tiny-03183,absent,4,2,1,not sampled,0,0,0
tiny-03184,unresolved,4,2,1,not sampled,0,0,0
tiny-03185,absent,4,1,1,not sampled,0,0,0
tiny-03186,unresolved,5,2,1,not sampled,0,0,0
tiny-03187,absent,5,1,1,not sampled,0,0,0
tiny-03188,unresolved,4,2,1,not sampled,0,0,0
tiny-03189,absent,4,3,1,not sampled,0,0,0
tiny-03190,unresolved,5,2,1,not sampled,0,0,0
tiny-03191,absent,5,3,1,not sampled,0,0,0
tiny-03192,unresolved,3,2,1,not sampled,0,0,0
tiny-03193,absent,3,2,1,not sampled,0,0,0
tiny-03194,unresolved,4,2,1,not sampled,0,0,0
tiny-03195,absent,4,2,1,not sampled,0,0,0
tiny-03196,unresolved,4,2,1,not sampled,0,0,0
tiny-03197,absent,4,1,1,not sampled,0,0,0
tiny-03198,unresolved,5,2,1,not sampled,0,0,0
tiny-03199,absent,5,1,1,not sampled,0,0,0
tiny-03200,unresolved,4,2,1,not sampled,0,0,0
tiny-03201,absent,4,3,1,not sampled,0,0,0
tiny-03202,unresolved,5,2,1,not sampled,0,0,0
tiny-03203,absent,5,3,1,not sampled,0,0,0
tiny-03204,absent,2,1,1,not sampled,0,0,0
tiny-03205,absent,2,1,1,not sampled,0,0,0
tiny-03206,absent,3,1,1,not sampled,0,0,0
tiny-03207,absent,3,1,1,not sampled,0,0,0
tiny-03208,absent,3,1,1,not sampled,0,0,0
tiny-03209,absent,3,1,1,not sampled,0,0,0
tiny-03210,absent,4,1,1,not sampled,0,0,0
tiny-03211,absent,4,1,1,not sampled,0,0,0
tiny-03212,absent,3,1,1,not sampled,0,0,0
tiny-03213,absent,3,2,1,not sampled,0,0,0
tiny-03214,absent,4,1,1,not sampled,0,0,0
tiny-03215,absent,4,2,1,not sampled,0,0,0
tiny-03216,unresolved,3,2,1,not sampled,0,0,0
tiny-03217,unresolved,3,2,1,not sampled,0,0,0
tiny-03218,unresolved,4,2,1,not sampled,0,0,0
tiny-03219,unresolved,4,2,1,not sampled,0,0,0
tiny-03220,unresolved,4,2,1,not sampled,0,0,0
tiny-03221,absent,4,1,1,not sampled,0,0,0
tiny-03222,unresolved,5,2,1,not sampled,0,0,0
tiny-03223,absent,5,1,1,not sampled,0,0,0
tiny-03224,unresolved,4,2,1,not sampled,0,0,0
tiny-03225,unresolved,4,3,1,not sampled,0,0,0
tiny-03226,unresolved,5,2,1,not sampled,0,0,0
tiny-03227,unresolved,5,3,1,not sampled,0,0,0
tiny-03228,unresolved,3,2,1,not sampled,0,0,0
tiny-03229,unresolved,3,2,1,not sampled,0,0,0
tiny-03230,unresolved,4,2,1,not sampled,0,0,0
tiny-03231,unresolved,4,2,1,not sampled,0,0,0
tiny-03232,unresolved,4,2,1,not sampled,0,0,0
tiny-03233,absent,4,1,1,not sampled,0,0,0
tiny-03234,unresolved,5,2,1,not sampled,0,0,0
tiny-03235,absent,5,1,1,not sampled,0,0,0
tiny-03236,unresolved,4,2,1,not sampled,0,0,0
tiny-03237,unresolved,4,3,1,not sampled,0,0,0
tiny-03238,unresolved,5,2,1,not sampled,0,0,0
tiny-03239,unresolved,5,3,1,not sampled,0,0,0
tiny-03240,absent,2,2,1,not sampled,0,0,0
tiny-03241,invalidated,2,1,1,not sampled,0,0,0
tiny-03242,absent,3,2,1,not sampled,0,0,0
tiny-03243,invalidated,3,1,1,not sampled,0,0,0
tiny-03244,absent,3,2,1,not sampled,0,0,0
tiny-03245,invalidated,3,1,1,not sampled,0,0,0
tiny-03246,absent,4,2,1,not sampled,0,0,0
tiny-03247,invalidated,4,1,1,not sampled,0,0,0
tiny-03248,absent,3,2,1,not sampled,0,0,0
tiny-03249,absent,3,2,1,not sampled,0,0,0
tiny-03250,absent,4,2,1,not sampled,0,0,0
tiny-03251,absent,4,2,1,not sampled,0,0,0
tiny-03252,newly_justified,1,1,1,not sampled,0,0,0
tiny-03253,preserved,1,0,1,1,2,2,0
tiny-03254,unresolved,2,1,1,not sampled,0,0,0
tiny-03255,preserved,2,0,1,1,4,4,0
tiny-03256,newly_justified,2,1,1,not sampled,0,0,0
tiny-03257,invalidated,2,1,1,not sampled,0,0,0
tiny-03258,unresolved,3,1,1,not sampled,0,0,0
tiny-03259,invalidated,3,1,1,not sampled,0,0,0
tiny-03260,newly_justified,2,1,1,not sampled,0,0,0
tiny-03261,newly_justified,2,1,1,not sampled,0,0,0
tiny-03262,unresolved,3,1,1,not sampled,0,0,0
tiny-03263,newly_justified,3,1,1,not sampled,0,0,0
tiny-03264,unresolved,2,2,1,not sampled,0,0,0
tiny-03265,unresolved,2,1,1,not sampled,0,0,0
tiny-03266,unresolved,3,2,1,not sampled,0,0,0
tiny-03267,unresolved,3,1,1,not sampled,0,0,0
tiny-03268,unresolved,3,2,1,not sampled,0,0,0
tiny-03269,invalidated,3,1,1,not sampled,0,0,0
tiny-03270,unresolved,4,2,1,not sampled,0,0,0
tiny-03271,invalidated,4,1,1,not sampled,0,0,0
tiny-03272,unresolved,3,2,1,not sampled,0,0,0
tiny-03273,unresolved,3,2,1,not sampled,0,0,0
tiny-03274,unresolved,4,2,1,not sampled,0,0,0
tiny-03275,unresolved,4,2,1,not sampled,0,0,0
tiny-03276,absent,3,2,1,not sampled,0,0,0
tiny-03277,invalidated,3,2,1,not sampled,0,0,0
tiny-03278,absent,4,2,1,not sampled,0,0,0
tiny-03279,invalidated,4,2,1,not sampled,0,0,0
tiny-03280,absent,4,2,1,not sampled,0,0,0
tiny-03281,invalidated,4,1,1,not sampled,0,0,0
tiny-03282,absent,5,2,1,not sampled,0,0,0
tiny-03283,invalidated,5,1,1,not sampled,0,0,0
tiny-03284,absent,4,2,1,not sampled,0,0,0
tiny-03285,absent,4,3,1,not sampled,0,0,0
tiny-03286,absent,5,2,1,not sampled,0,0,0
tiny-03287,absent,5,3,1,not sampled,0,0,0
tiny-03288,newly_justified,2,1,1,not sampled,0,0,0
tiny-03289,invalidated,2,1,1,not sampled,0,0,0
tiny-03290,unresolved,3,1,1,not sampled,0,0,0
tiny-03291,invalidated,3,1,1,not sampled,0,0,0
tiny-03292,newly_justified,3,1,1,not sampled,0,0,0
tiny-03293,invalidated,3,1,1,not sampled,0,0,0
tiny-03294,unresolved,4,1,1,not sampled,0,0,0
tiny-03295,invalidated,4,1,1,not sampled,0,0,0
tiny-03296,newly_justified,3,1,1,not sampled,0,0,0
tiny-03297,absent,3,2,1,not sampled,0,0,0
tiny-03298,unresolved,4,1,1,not sampled,0,0,0
tiny-03299,absent,4,2,1,not sampled,0,0,0
tiny-03300,unresolved,3,2,1,not sampled,0,0,0
tiny-03301,invalidated,3,2,1,not sampled,0,0,0
tiny-03302,unresolved,4,2,1,not sampled,0,0,0
tiny-03303,invalidated,4,2,1,not sampled,0,0,0
tiny-03304,unresolved,4,2,1,not sampled,0,0,0
tiny-03305,invalidated,4,1,1,not sampled,0,0,0
tiny-03306,unresolved,5,2,1,not sampled,0,0,0
tiny-03307,invalidated,5,1,1,not sampled,0,0,0
tiny-03308,unresolved,4,2,1,not sampled,0,0,0
tiny-03309,absent,4,3,1,not sampled,0,0,0
tiny-03310,unresolved,5,2,1,not sampled,0,0,0
tiny-03311,absent,5,3,1,not sampled,0,0,0
tiny-03312,absent,3,2,1,not sampled,0,0,0
tiny-03313,invalidated,3,2,1,not sampled,0,0,0
tiny-03314,absent,4,2,1,not sampled,0,0,0
tiny-03315,invalidated,4,2,1,not sampled,0,0,0
tiny-03316,absent,4,2,1,not sampled,0,0,0
tiny-03317,invalidated,4,1,1,not sampled,0,0,0
tiny-03318,absent,5,2,1,not sampled,0,0,0
tiny-03319,invalidated,5,1,1,not sampled,0,0,0
tiny-03320,absent,4,2,1,not sampled,0,0,0
tiny-03321,absent,4,3,1,not sampled,0,0,0
tiny-03322,absent,5,2,1,not sampled,0,0,0
tiny-03323,absent,5,3,1,not sampled,0,0,0
tiny-03324,newly_justified,2,1,1,not sampled,0,0,0
tiny-03325,unresolved,2,1,1,not sampled,0,0,0
tiny-03326,unresolved,3,1,1,not sampled,0,0,0
tiny-03327,unresolved,3,1,1,not sampled,0,0,0
tiny-03328,newly_justified,3,1,1,not sampled,0,0,0
tiny-03329,invalidated,3,1,1,not sampled,0,0,0
tiny-03330,unresolved,4,1,1,not sampled,0,0,0
tiny-03331,invalidated,4,1,1,not sampled,0,0,0
tiny-03332,newly_justified,3,1,1,not sampled,0,0,0
tiny-03333,unresolved,3,2,1,not sampled,0,0,0
tiny-03334,unresolved,4,1,1,not sampled,0,0,0
tiny-03335,unresolved,4,2,1,not sampled,0,0,0
tiny-03336,unresolved,3,2,1,not sampled,0,0,0
tiny-03337,unresolved,3,2,1,not sampled,0,0,0
tiny-03338,unresolved,4,2,1,not sampled,0,0,0
tiny-03339,unresolved,4,2,1,not sampled,0,0,0
tiny-03340,unresolved,4,2,1,not sampled,0,0,0
tiny-03341,invalidated,4,1,1,not sampled,0,0,0
tiny-03342,unresolved,5,2,1,not sampled,0,0,0
tiny-03343,invalidated,5,1,1,not sampled,0,0,0
tiny-03344,unresolved,4,2,1,not sampled,0,0,0
tiny-03345,unresolved,4,3,1,not sampled,0,0,0
tiny-03346,unresolved,5,2,1,not sampled,0,0,0
tiny-03347,unresolved,5,3,1,not sampled,0,0,0
tiny-03348,absent,1,1,1,not sampled,0,0,0
tiny-03349,invalidated,1,1,1,not sampled,0,0,0
tiny-03350,absent,2,2,1,not sampled,0,0,0
tiny-03351,invalidated,2,1,1,not sampled,0,0,0
tiny-03352,absent,2,1,1,not sampled,0,0,0
tiny-03353,invalidated,2,1,1,not sampled,0,0,0
tiny-03354,absent,3,2,1,not sampled,0,0,0
tiny-03355,invalidated,3,1,1,not sampled,0,0,0
tiny-03356,absent,2,1,1,not sampled,0,0,0
tiny-03357,absent,2,2,1,not sampled,0,0,0
tiny-03358,absent,3,2,1,not sampled,0,0,0
tiny-03359,absent,3,2,1,not sampled,0,0,0
tiny-03360,absent,0,0,1,not sampled,0,0,0
tiny-03361,preserved,0,0,1,1,1,1,0
tiny-03362,unresolved,1,1,1,not sampled,0,0,0
tiny-03363,preserved,1,0,1,1,2,2,0
tiny-03364,absent,1,0,1,not sampled,0,0,0
tiny-03365,invalidated,1,1,1,not sampled,0,0,0
tiny-03366,unresolved,2,1,1,not sampled,0,0,0
tiny-03367,invalidated,2,1,1,not sampled,0,0,0
tiny-03368,absent,1,0,1,not sampled,0,0,0
tiny-03369,newly_justified,1,1,1,not sampled,0,0,0
tiny-03370,unresolved,2,1,1,not sampled,0,0,0
tiny-03371,newly_justified,2,1,1,not sampled,0,0,0
tiny-03372,absent,1,1,1,not sampled,0,0,0
tiny-03373,unresolved,1,1,1,not sampled,0,0,0
tiny-03374,unresolved,2,2,1,not sampled,0,0,0
tiny-03375,unresolved,2,1,1,not sampled,0,0,0
tiny-03376,absent,2,1,1,not sampled,0,0,0
tiny-03377,invalidated,2,1,1,not sampled,0,0,0
tiny-03378,unresolved,3,2,1,not sampled,0,0,0
tiny-03379,invalidated,3,1,1,not sampled,0,0,0
tiny-03380,absent,2,1,1,not sampled,0,0,0
tiny-03381,unresolved,2,2,1,not sampled,0,0,0
tiny-03382,unresolved,3,2,1,not sampled,0,0,0
tiny-03383,unresolved,3,2,1,not sampled,0,0,0
tiny-03384,absent,2,1,1,not sampled,0,0,0
tiny-03385,invalidated,2,2,1,not sampled,0,0,0
tiny-03386,absent,3,2,1,not sampled,0,0,0
tiny-03387,invalidated,3,2,1,not sampled,0,0,0
tiny-03388,absent,3,1,1,not sampled,0,0,0
tiny-03389,invalidated,3,1,1,not sampled,0,0,0
tiny-03390,absent,4,2,1,not sampled,0,0,0
tiny-03391,invalidated,4,1,1,not sampled,0,0,0
tiny-03392,absent,3,1,1,not sampled,0,0,0
tiny-03393,absent,3,3,1,not sampled,0,0,0
tiny-03394,absent,4,2,1,not sampled,0,0,0
tiny-03395,absent,4,3,1,not sampled,0,0,0
tiny-03396,absent,1,0,1,not sampled,0,0,0
tiny-03397,invalidated,1,1,1,not sampled,0,0,0
tiny-03398,unresolved,2,1,1,not sampled,0,0,0
tiny-03399,invalidated,2,1,1,not sampled,0,0,0
tiny-03400,absent,2,0,1,not sampled,0,0,0
tiny-03401,invalidated,2,1,1,not sampled,0,0,0
tiny-03402,unresolved,3,1,1,not sampled,0,0,0
tiny-03403,invalidated,3,1,1,not sampled,0,0,0
tiny-03404,absent,2,0,1,not sampled,0,0,0
tiny-03405,absent,2,2,1,not sampled,0,0,0
tiny-03406,unresolved,3,1,1,not sampled,0,0,0
tiny-03407,absent,3,2,1,not sampled,0,0,0
tiny-03408,absent,2,1,1,not sampled,0,0,0
tiny-03409,invalidated,2,2,1,not sampled,0,0,0
tiny-03410,unresolved,3,2,1,not sampled,0,0,0
tiny-03411,invalidated,3,2,1,not sampled,0,0,0
tiny-03412,absent,3,1,1,not sampled,0,0,0
tiny-03413,invalidated,3,1,1,not sampled,0,0,0
tiny-03414,unresolved,4,2,1,not sampled,0,0,0
tiny-03415,invalidated,4,1,1,not sampled,0,0,0
tiny-03416,absent,3,1,1,not sampled,0,0,0
tiny-03417,absent,3,3,1,not sampled,0,0,0
tiny-03418,unresolved,4,2,1,not sampled,0,0,0
tiny-03419,absent,4,3,1,not sampled,0,0,0
tiny-03420,absent,2,1,1,not sampled,0,0,0
tiny-03421,invalidated,2,2,1,not sampled,0,0,0
tiny-03422,absent,3,2,1,not sampled,0,0,0
tiny-03423,invalidated,3,2,1,not sampled,0,0,0
tiny-03424,absent,3,1,1,not sampled,0,0,0
tiny-03425,invalidated,3,1,1,not sampled,0,0,0
tiny-03426,absent,4,2,1,not sampled,0,0,0
tiny-03427,invalidated,4,1,1,not sampled,0,0,0
tiny-03428,absent,3,1,1,not sampled,0,0,0
tiny-03429,absent,3,3,1,not sampled,0,0,0
tiny-03430,absent,4,2,1,not sampled,0,0,0
tiny-03431,absent,4,3,1,not sampled,0,0,0
tiny-03432,absent,1,0,1,not sampled,0,0,0
tiny-03433,unresolved,1,1,1,not sampled,0,0,0
tiny-03434,unresolved,2,1,1,not sampled,0,0,0
tiny-03435,unresolved,2,1,1,not sampled,0,0,0
tiny-03436,absent,2,0,1,not sampled,0,0,0
tiny-03437,invalidated,2,1,1,not sampled,0,0,0
tiny-03438,unresolved,3,1,1,not sampled,0,0,0
tiny-03439,invalidated,3,1,1,not sampled,0,0,0
tiny-03440,absent,2,0,1,not sampled,0,0,0
tiny-03441,unresolved,2,2,1,not sampled,0,0,0
tiny-03442,unresolved,3,1,1,not sampled,0,0,0
tiny-03443,unresolved,3,2,1,not sampled,0,0,0
tiny-03444,absent,2,1,1,not sampled,0,0,0
tiny-03445,unresolved,2,2,1,not sampled,0,0,0
tiny-03446,unresolved,3,2,1,not sampled,0,0,0
tiny-03447,unresolved,3,2,1,not sampled,0,0,0
tiny-03448,absent,3,1,1,not sampled,0,0,0
tiny-03449,invalidated,3,1,1,not sampled,0,0,0
tiny-03450,unresolved,4,2,1,not sampled,0,0,0
tiny-03451,invalidated,4,1,1,not sampled,0,0,0
tiny-03452,absent,3,1,1,not sampled,0,0,0
tiny-03453,unresolved,3,3,1,not sampled,0,0,0
tiny-03454,unresolved,4,2,1,not sampled,0,0,0
tiny-03455,unresolved,4,3,1,not sampled,0,0,0
tiny-03456,absent,2,2,1,not sampled,0,0,0
tiny-03457,invalidated,2,1,1,not sampled,0,0,0
tiny-03458,absent,3,2,1,not sampled,0,0,0
tiny-03459,invalidated,3,1,1,not sampled,0,0,0
tiny-03460,absent,3,2,1,not sampled,0,0,0
tiny-03461,invalidated,3,1,1,not sampled,0,0,0
tiny-03462,absent,4,2,1,not sampled,0,0,0
tiny-03463,invalidated,4,1,1,not sampled,0,0,0
tiny-03464,absent,3,2,1,not sampled,0,0,0
tiny-03465,absent,3,2,1,not sampled,0,0,0
tiny-03466,absent,4,2,1,not sampled,0,0,0
tiny-03467,absent,4,2,1,not sampled,0,0,0
tiny-03468,unresolved,1,1,1,not sampled,0,0,0
tiny-03469,preserved,1,0,1,1,2,2,0
tiny-03470,unresolved,2,1,1,not sampled,0,0,0
tiny-03471,preserved,2,0,1,1,4,4,0
tiny-03472,unresolved,2,1,1,not sampled,0,0,0
tiny-03473,invalidated,2,1,1,not sampled,0,0,0
tiny-03474,unresolved,3,1,1,not sampled,0,0,0
tiny-03475,invalidated,3,1,1,not sampled,0,0,0
tiny-03476,unresolved,2,1,1,not sampled,0,0,0
tiny-03477,newly_justified,2,1,1,not sampled,0,0,0
tiny-03478,unresolved,3,1,1,not sampled,0,0,0
tiny-03479,newly_justified,3,1,1,not sampled,0,0,0
tiny-03480,unresolved,2,2,1,not sampled,0,0,0
tiny-03481,unresolved,2,1,1,not sampled,0,0,0
tiny-03482,unresolved,3,2,1,not sampled,0,0,0
tiny-03483,unresolved,3,1,1,not sampled,0,0,0
tiny-03484,unresolved,3,2,1,not sampled,0,0,0
tiny-03485,invalidated,3,1,1,not sampled,0,0,0
tiny-03486,unresolved,4,2,1,not sampled,0,0,0
tiny-03487,invalidated,4,1,1,not sampled,0,0,0
tiny-03488,unresolved,3,2,1,not sampled,0,0,0
tiny-03489,unresolved,3,2,1,not sampled,0,0,0
tiny-03490,unresolved,4,2,1,not sampled,0,0,0
tiny-03491,unresolved,4,2,1,not sampled,0,0,0
tiny-03492,absent,3,2,1,not sampled,0,0,0
tiny-03493,invalidated,3,2,1,not sampled,0,0,0
tiny-03494,absent,4,2,1,not sampled,0,0,0
tiny-03495,invalidated,4,2,1,not sampled,0,0,0
tiny-03496,absent,4,2,1,not sampled,0,0,0
tiny-03497,invalidated,4,1,1,not sampled,0,0,0
tiny-03498,absent,5,2,1,not sampled,0,0,0
tiny-03499,invalidated,5,1,1,not sampled,0,0,0
tiny-03500,absent,4,2,1,not sampled,0,0,0
tiny-03501,absent,4,3,1,not sampled,0,0,0
tiny-03502,absent,5,2,1,not sampled,0,0,0
tiny-03503,absent,5,3,1,not sampled,0,0,0
tiny-03504,unresolved,2,1,1,not sampled,0,0,0
tiny-03505,invalidated,2,1,1,not sampled,0,0,0
tiny-03506,unresolved,3,1,1,not sampled,0,0,0
tiny-03507,invalidated,3,1,1,not sampled,0,0,0
tiny-03508,unresolved,3,1,1,not sampled,0,0,0
tiny-03509,invalidated,3,1,1,not sampled,0,0,0
tiny-03510,unresolved,4,1,1,not sampled,0,0,0
tiny-03511,invalidated,4,1,1,not sampled,0,0,0
tiny-03512,unresolved,3,1,1,not sampled,0,0,0
tiny-03513,absent,3,2,1,not sampled,0,0,0
tiny-03514,unresolved,4,1,1,not sampled,0,0,0
tiny-03515,absent,4,2,1,not sampled,0,0,0
tiny-03516,unresolved,3,2,1,not sampled,0,0,0
tiny-03517,invalidated,3,2,1,not sampled,0,0,0
tiny-03518,unresolved,4,2,1,not sampled,0,0,0
tiny-03519,invalidated,4,2,1,not sampled,0,0,0
tiny-03520,unresolved,4,2,1,not sampled,0,0,0
tiny-03521,invalidated,4,1,1,not sampled,0,0,0
tiny-03522,unresolved,5,2,1,not sampled,0,0,0
tiny-03523,invalidated,5,1,1,not sampled,0,0,0
tiny-03524,unresolved,4,2,1,not sampled,0,0,0
tiny-03525,absent,4,3,1,not sampled,0,0,0
tiny-03526,unresolved,5,2,1,not sampled,0,0,0
tiny-03527,absent,5,3,1,not sampled,0,0,0
tiny-03528,absent,3,2,1,not sampled,0,0,0
tiny-03529,invalidated,3,2,1,not sampled,0,0,0
tiny-03530,absent,4,2,1,not sampled,0,0,0
tiny-03531,invalidated,4,2,1,not sampled,0,0,0
tiny-03532,absent,4,2,1,not sampled,0,0,0
tiny-03533,invalidated,4,1,1,not sampled,0,0,0
tiny-03534,absent,5,2,1,not sampled,0,0,0
tiny-03535,invalidated,5,1,1,not sampled,0,0,0
tiny-03536,absent,4,2,1,not sampled,0,0,0
tiny-03537,absent,4,3,1,not sampled,0,0,0
tiny-03538,absent,5,2,1,not sampled,0,0,0
tiny-03539,absent,5,3,1,not sampled,0,0,0
tiny-03540,unresolved,2,1,1,not sampled,0,0,0
tiny-03541,unresolved,2,1,1,not sampled,0,0,0
tiny-03542,unresolved,3,1,1,not sampled,0,0,0
tiny-03543,unresolved,3,1,1,not sampled,0,0,0
tiny-03544,unresolved,3,1,1,not sampled,0,0,0
tiny-03545,invalidated,3,1,1,not sampled,0,0,0
tiny-03546,unresolved,4,1,1,not sampled,0,0,0
tiny-03547,invalidated,4,1,1,not sampled,0,0,0
tiny-03548,unresolved,3,1,1,not sampled,0,0,0
tiny-03549,unresolved,3,2,1,not sampled,0,0,0
tiny-03550,unresolved,4,1,1,not sampled,0,0,0
tiny-03551,unresolved,4,2,1,not sampled,0,0,0
tiny-03552,unresolved,3,2,1,not sampled,0,0,0
tiny-03553,unresolved,3,2,1,not sampled,0,0,0
tiny-03554,unresolved,4,2,1,not sampled,0,0,0
tiny-03555,unresolved,4,2,1,not sampled,0,0,0
tiny-03556,unresolved,4,2,1,not sampled,0,0,0
tiny-03557,invalidated,4,1,1,not sampled,0,0,0
tiny-03558,unresolved,5,2,1,not sampled,0,0,0
tiny-03559,invalidated,5,1,1,not sampled,0,0,0
tiny-03560,unresolved,4,2,1,not sampled,0,0,0
tiny-03561,unresolved,4,3,1,not sampled,0,0,0
tiny-03562,unresolved,5,2,1,not sampled,0,0,0
tiny-03563,unresolved,5,3,1,not sampled,0,0,0
tiny-03564,absent,2,2,1,not sampled,0,0,0
tiny-03565,unresolved,2,1,1,not sampled,0,0,0
tiny-03566,absent,3,2,1,not sampled,0,0,0
tiny-03567,unresolved,3,1,1,not sampled,0,0,0
tiny-03568,absent,3,2,1,not sampled,0,0,0
tiny-03569,unresolved,3,1,1,not sampled,0,0,0
tiny-03570,absent,4,2,1,not sampled,0,0,0
tiny-03571,unresolved,4,1,1,not sampled,0,0,0
tiny-03572,absent,3,2,1,not sampled,0,0,0
tiny-03573,absent,3,2,1,not sampled,0,0,0
tiny-03574,absent,4,2,1,not sampled,0,0,0
tiny-03575,absent,4,2,1,not sampled,0,0,0
tiny-03576,newly_justified,2,2,1,not sampled,0,0,0
tiny-03577,unresolved,2,1,1,not sampled,0,0,0
tiny-03578,unresolved,3,2,1,not sampled,0,0,0
tiny-03579,unresolved,3,1,1,not sampled,0,0,0
tiny-03580,newly_justified,3,2,1,not sampled,0,0,0
tiny-03581,unresolved,3,1,1,not sampled,0,0,0
tiny-03582,unresolved,4,2,1,not sampled,0,0,0
tiny-03583,unresolved,4,1,1,not sampled,0,0,0
tiny-03584,newly_justified,3,2,1,not sampled,0,0,0
tiny-03585,newly_justified,3,2,1,not sampled,0,0,0
tiny-03586,unresolved,4,2,1,not sampled,0,0,0
tiny-03587,newly_justified,4,2,1,not sampled,0,0,0
tiny-03588,unresolved,1,1,1,not sampled,0,0,0
tiny-03589,unresolved,1,0,1,not sampled,0,0,0
tiny-03590,unresolved,2,1,1,not sampled,0,0,0
tiny-03591,unresolved,2,0,1,not sampled,0,0,0
tiny-03592,unresolved,2,1,1,not sampled,0,0,0
tiny-03593,unresolved,2,1,1,not sampled,0,0,0
tiny-03594,unresolved,3,1,1,not sampled,0,0,0
tiny-03595,unresolved,3,1,1,not sampled,0,0,0
tiny-03596,unresolved,2,1,1,not sampled,0,0,0
tiny-03597,unresolved,2,1,1,not sampled,0,0,0
tiny-03598,unresolved,3,1,1,not sampled,0,0,0
tiny-03599,unresolved,3,1,1,not sampled,0,0,0
tiny-03600,absent,3,2,1,not sampled,0,0,0
tiny-03601,unresolved,3,2,1,not sampled,0,0,0
tiny-03602,absent,4,2,1,not sampled,0,0,0
tiny-03603,unresolved,4,2,1,not sampled,0,0,0
tiny-03604,absent,4,2,1,not sampled,0,0,0
tiny-03605,unresolved,4,1,1,not sampled,0,0,0
tiny-03606,absent,5,2,1,not sampled,0,0,0
tiny-03607,unresolved,5,1,1,not sampled,0,0,0
tiny-03608,absent,4,2,1,not sampled,0,0,0
tiny-03609,absent,4,3,1,not sampled,0,0,0
tiny-03610,absent,5,2,1,not sampled,0,0,0
tiny-03611,absent,5,3,1,not sampled,0,0,0
tiny-03612,newly_justified,3,2,1,not sampled,0,0,0
tiny-03613,unresolved,3,2,1,not sampled,0,0,0
tiny-03614,unresolved,4,2,1,not sampled,0,0,0
tiny-03615,unresolved,4,2,1,not sampled,0,0,0
tiny-03616,newly_justified,4,2,1,not sampled,0,0,0
tiny-03617,unresolved,4,1,1,not sampled,0,0,0
tiny-03618,unresolved,5,2,1,not sampled,0,0,0
tiny-03619,unresolved,5,1,1,not sampled,0,0,0
tiny-03620,newly_justified,4,2,1,not sampled,0,0,0
tiny-03621,absent,4,3,1,not sampled,0,0,0
tiny-03622,unresolved,5,2,1,not sampled,0,0,0
tiny-03623,absent,5,3,1,not sampled,0,0,0
tiny-03624,unresolved,2,1,1,not sampled,0,0,0
tiny-03625,unresolved,2,1,1,not sampled,0,0,0
tiny-03626,unresolved,3,1,1,not sampled,0,0,0
tiny-03627,unresolved,3,1,1,not sampled,0,0,0
tiny-03628,unresolved,3,1,1,not sampled,0,0,0
tiny-03629,unresolved,3,1,1,not sampled,0,0,0
tiny-03630,unresolved,4,1,1,not sampled,0,0,0
tiny-03631,unresolved,4,1,1,not sampled,0,0,0
tiny-03632,unresolved,3,1,1,not sampled,0,0,0
tiny-03633,absent,3,2,1,not sampled,0,0,0
tiny-03634,unresolved,4,1,1,not sampled,0,0,0
tiny-03635,absent,4,2,1,not sampled,0,0,0
tiny-03636,absent,3,2,1,not sampled,0,0,0
tiny-03637,unresolved,3,2,1,not sampled,0,0,0
tiny-03638,absent,4,2,1,not sampled,0,0,0
tiny-03639,unresolved,4,2,1,not sampled,0,0,0
tiny-03640,absent,4,2,1,not sampled,0,0,0
tiny-03641,unresolved,4,1,1,not sampled,0,0,0
tiny-03642,absent,5,2,1,not sampled,0,0,0
tiny-03643,unresolved,5,1,1,not sampled,0,0,0
tiny-03644,absent,4,2,1,not sampled,0,0,0
tiny-03645,absent,4,3,1,not sampled,0,0,0
tiny-03646,absent,5,2,1,not sampled,0,0,0
tiny-03647,absent,5,3,1,not sampled,0,0,0
tiny-03648,newly_justified,3,2,1,not sampled,0,0,0
tiny-03649,unresolved,3,2,1,not sampled,0,0,0
tiny-03650,unresolved,4,2,1,not sampled,0,0,0
tiny-03651,unresolved,4,2,1,not sampled,0,0,0
tiny-03652,newly_justified,4,2,1,not sampled,0,0,0
tiny-03653,unresolved,4,1,1,not sampled,0,0,0
tiny-03654,unresolved,5,2,1,not sampled,0,0,0
tiny-03655,unresolved,5,1,1,not sampled,0,0,0
tiny-03656,newly_justified,4,2,1,not sampled,0,0,0
tiny-03657,unresolved,4,3,1,not sampled,0,0,0
tiny-03658,unresolved,5,2,1,not sampled,0,0,0
tiny-03659,unresolved,5,3,1,not sampled,0,0,0
tiny-03660,unresolved,2,1,1,not sampled,0,0,0
tiny-03661,unresolved,2,1,1,not sampled,0,0,0
tiny-03662,unresolved,3,1,1,not sampled,0,0,0
tiny-03663,unresolved,3,1,1,not sampled,0,0,0
tiny-03664,unresolved,3,1,1,not sampled,0,0,0
tiny-03665,unresolved,3,1,1,not sampled,0,0,0
tiny-03666,unresolved,4,1,1,not sampled,0,0,0
tiny-03667,unresolved,4,1,1,not sampled,0,0,0
tiny-03668,unresolved,3,1,1,not sampled,0,0,0
tiny-03669,unresolved,3,2,1,not sampled,0,0,0
tiny-03670,unresolved,4,1,1,not sampled,0,0,0
tiny-03671,unresolved,4,2,1,not sampled,0,0,0
tiny-03672,absent,1,1,1,not sampled,0,0,0
tiny-03673,unresolved,1,1,1,not sampled,0,0,0
tiny-03674,absent,2,2,1,not sampled,0,0,0
tiny-03675,unresolved,2,1,1,not sampled,0,0,0
tiny-03676,absent,2,1,1,not sampled,0,0,0
tiny-03677,unresolved,2,1,1,not sampled,0,0,0
tiny-03678,absent,3,2,1,not sampled,0,0,0
tiny-03679,unresolved,3,1,1,not sampled,0,0,0
tiny-03680,absent,2,1,1,not sampled,0,0,0
tiny-03681,absent,2,2,1,not sampled,0,0,0
tiny-03682,absent,3,2,1,not sampled,0,0,0
tiny-03683,absent,3,2,1,not sampled,0,0,0
tiny-03684,absent,1,1,1,not sampled,0,0,0
tiny-03685,unresolved,1,1,1,not sampled,0,0,0
tiny-03686,unresolved,2,2,1,not sampled,0,0,0
tiny-03687,unresolved,2,1,1,not sampled,0,0,0
tiny-03688,absent,2,1,1,not sampled,0,0,0
tiny-03689,unresolved,2,1,1,not sampled,0,0,0
tiny-03690,unresolved,3,2,1,not sampled,0,0,0
tiny-03691,unresolved,3,1,1,not sampled,0,0,0
tiny-03692,absent,2,1,1,not sampled,0,0,0
tiny-03693,newly_justified,2,2,1,not sampled,0,0,0
tiny-03694,unresolved,3,2,1,not sampled,0,0,0
tiny-03695,newly_justified,3,2,1,not sampled,0,0,0
tiny-03696,absent,0,0,1,not sampled,0,0,0
tiny-03697,unresolved,0,0,1,not sampled,0,0,0
tiny-03698,unresolved,1,1,1,not sampled,0,0,0
tiny-03699,unresolved,1,0,1,not sampled,0,0,0
tiny-03700,absent,1,0,1,not sampled,0,0,0
tiny-03701,unresolved,1,1,1,not sampled,0,0,0
tiny-03702,unresolved,2,1,1,not sampled,0,0,0
tiny-03703,unresolved,2,1,1,not sampled,0,0,0
tiny-03704,absent,1,0,1,not sampled,0,0,0
tiny-03705,unresolved,1,1,1,not sampled,0,0,0
tiny-03706,unresolved,2,1,1,not sampled,0,0,0
tiny-03707,unresolved,2,1,1,not sampled,0,0,0
tiny-03708,absent,2,1,1,not sampled,0,0,0
tiny-03709,unresolved,2,2,1,not sampled,0,0,0
tiny-03710,absent,3,2,1,not sampled,0,0,0
tiny-03711,unresolved,3,2,1,not sampled,0,0,0
tiny-03712,absent,3,1,1,not sampled,0,0,0
tiny-03713,unresolved,3,1,1,not sampled,0,0,0
tiny-03714,absent,4,2,1,not sampled,0,0,0
tiny-03715,unresolved,4,1,1,not sampled,0,0,0
tiny-03716,absent,3,1,1,not sampled,0,0,0
tiny-03717,absent,3,3,1,not sampled,0,0,0
tiny-03718,absent,4,2,1,not sampled,0,0,0
tiny-03719,absent,4,3,1,not sampled,0,0,0
tiny-03720,absent,2,1,1,not sampled,0,0,0
tiny-03721,unresolved,2,2,1,not sampled,0,0,0
tiny-03722,unresolved,3,2,1,not sampled,0,0,0
tiny-03723,unresolved,3,2,1,not sampled,0,0,0
tiny-03724,absent,3,1,1,not sampled,0,0,0
tiny-03725,unresolved,3,1,1,not sampled,0,0,0
tiny-03726,unresolved,4,2,1,not sampled,0,0,0
tiny-03727,unresolved,4,1,1,not sampled,0,0,0
tiny-03728,absent,3,1,1,not sampled,0,0,0
tiny-03729,absent,3,3,1,not sampled,0,0,0
tiny-03730,unresolved,4,2,1,not sampled,0,0,0
tiny-03731,absent,4,3,1,not sampled,0,0,0
tiny-03732,absent,1,0,1,not sampled,0,0,0
tiny-03733,unresolved,1,1,1,not sampled,0,0,0
tiny-03734,unresolved,2,1,1,not sampled,0,0,0
tiny-03735,unresolved,2,1,1,not sampled,0,0,0
tiny-03736,absent,2,0,1,not sampled,0,0,0
tiny-03737,unresolved,2,1,1,not sampled,0,0,0
tiny-03738,unresolved,3,1,1,not sampled,0,0,0
tiny-03739,unresolved,3,1,1,not sampled,0,0,0
tiny-03740,absent,2,0,1,not sampled,0,0,0
tiny-03741,absent,2,2,1,not sampled,0,0,0
tiny-03742,unresolved,3,1,1,not sampled,0,0,0
tiny-03743,absent,3,2,1,not sampled,0,0,0
tiny-03744,absent,2,1,1,not sampled,0,0,0
tiny-03745,unresolved,2,2,1,not sampled,0,0,0
tiny-03746,absent,3,2,1,not sampled,0,0,0
tiny-03747,unresolved,3,2,1,not sampled,0,0,0
tiny-03748,absent,3,1,1,not sampled,0,0,0
tiny-03749,unresolved,3,1,1,not sampled,0,0,0
tiny-03750,absent,4,2,1,not sampled,0,0,0
tiny-03751,unresolved,4,1,1,not sampled,0,0,0
tiny-03752,absent,3,1,1,not sampled,0,0,0
tiny-03753,absent,3,3,1,not sampled,0,0,0
tiny-03754,absent,4,2,1,not sampled,0,0,0
tiny-03755,absent,4,3,1,not sampled,0,0,0
tiny-03756,absent,2,1,1,not sampled,0,0,0
tiny-03757,unresolved,2,2,1,not sampled,0,0,0
tiny-03758,unresolved,3,2,1,not sampled,0,0,0
tiny-03759,unresolved,3,2,1,not sampled,0,0,0
tiny-03760,absent,3,1,1,not sampled,0,0,0
tiny-03761,unresolved,3,1,1,not sampled,0,0,0
tiny-03762,unresolved,4,2,1,not sampled,0,0,0
tiny-03763,unresolved,4,1,1,not sampled,0,0,0
tiny-03764,absent,3,1,1,not sampled,0,0,0
tiny-03765,unresolved,3,3,1,not sampled,0,0,0
tiny-03766,unresolved,4,2,1,not sampled,0,0,0
tiny-03767,unresolved,4,3,1,not sampled,0,0,0
tiny-03768,absent,1,0,1,not sampled,0,0,0
tiny-03769,unresolved,1,1,1,not sampled,0,0,0
tiny-03770,unresolved,2,1,1,not sampled,0,0,0
tiny-03771,unresolved,2,1,1,not sampled,0,0,0
tiny-03772,absent,2,0,1,not sampled,0,0,0
tiny-03773,unresolved,2,1,1,not sampled,0,0,0
tiny-03774,unresolved,3,1,1,not sampled,0,0,0
tiny-03775,unresolved,3,1,1,not sampled,0,0,0
tiny-03776,absent,2,0,1,not sampled,0,0,0
tiny-03777,unresolved,2,2,1,not sampled,0,0,0
tiny-03778,unresolved,3,1,1,not sampled,0,0,0
tiny-03779,unresolved,3,2,1,not sampled,0,0,0
tiny-03780,absent,2,2,1,not sampled,0,0,0
tiny-03781,unresolved,2,1,1,not sampled,0,0,0
tiny-03782,absent,3,2,1,not sampled,0,0,0
tiny-03783,unresolved,3,1,1,not sampled,0,0,0
tiny-03784,absent,3,2,1,not sampled,0,0,0
tiny-03785,unresolved,3,1,1,not sampled,0,0,0
tiny-03786,absent,4,2,1,not sampled,0,0,0
tiny-03787,unresolved,4,1,1,not sampled,0,0,0
tiny-03788,absent,3,2,1,not sampled,0,0,0
tiny-03789,absent,3,2,1,not sampled,0,0,0
tiny-03790,absent,4,2,1,not sampled,0,0,0
tiny-03791,absent,4,2,1,not sampled,0,0,0
tiny-03792,unresolved,2,2,1,not sampled,0,0,0
tiny-03793,unresolved,2,1,1,not sampled,0,0,0
tiny-03794,unresolved,3,2,1,not sampled,0,0,0
tiny-03795,unresolved,3,1,1,not sampled,0,0,0
tiny-03796,unresolved,3,2,1,not sampled,0,0,0
tiny-03797,unresolved,3,1,1,not sampled,0,0,0
tiny-03798,unresolved,4,2,1,not sampled,0,0,0
tiny-03799,unresolved,4,1,1,not sampled,0,0,0
tiny-03800,unresolved,3,2,1,not sampled,0,0,0
tiny-03801,newly_justified,3,2,1,not sampled,0,0,0
tiny-03802,unresolved,4,2,1,not sampled,0,0,0
tiny-03803,newly_justified,4,2,1,not sampled,0,0,0
tiny-03804,unresolved,1,1,1,not sampled,0,0,0
tiny-03805,unresolved,1,0,1,not sampled,0,0,0
tiny-03806,unresolved,2,1,1,not sampled,0,0,0
tiny-03807,unresolved,2,0,1,not sampled,0,0,0
tiny-03808,unresolved,2,1,1,not sampled,0,0,0
tiny-03809,unresolved,2,1,1,not sampled,0,0,0
tiny-03810,unresolved,3,1,1,not sampled,0,0,0
tiny-03811,unresolved,3,1,1,not sampled,0,0,0
tiny-03812,unresolved,2,1,1,not sampled,0,0,0
tiny-03813,unresolved,2,1,1,not sampled,0,0,0
tiny-03814,unresolved,3,1,1,not sampled,0,0,0
tiny-03815,unresolved,3,1,1,not sampled,0,0,0
tiny-03816,absent,3,2,1,not sampled,0,0,0
tiny-03817,unresolved,3,2,1,not sampled,0,0,0
tiny-03818,absent,4,2,1,not sampled,0,0,0
tiny-03819,unresolved,4,2,1,not sampled,0,0,0
tiny-03820,absent,4,2,1,not sampled,0,0,0
tiny-03821,unresolved,4,1,1,not sampled,0,0,0
tiny-03822,absent,5,2,1,not sampled,0,0,0
tiny-03823,unresolved,5,1,1,not sampled,0,0,0
tiny-03824,absent,4,2,1,not sampled,0,0,0
tiny-03825,absent,4,3,1,not sampled,0,0,0
tiny-03826,absent,5,2,1,not sampled,0,0,0
tiny-03827,absent,5,3,1,not sampled,0,0,0
tiny-03828,unresolved,3,2,1,not sampled,0,0,0
tiny-03829,unresolved,3,2,1,not sampled,0,0,0
tiny-03830,unresolved,4,2,1,not sampled,0,0,0
tiny-03831,unresolved,4,2,1,not sampled,0,0,0
tiny-03832,unresolved,4,2,1,not sampled,0,0,0
tiny-03833,unresolved,4,1,1,not sampled,0,0,0
tiny-03834,unresolved,5,2,1,not sampled,0,0,0
tiny-03835,unresolved,5,1,1,not sampled,0,0,0
tiny-03836,unresolved,4,2,1,not sampled,0,0,0
tiny-03837,absent,4,3,1,not sampled,0,0,0
tiny-03838,unresolved,5,2,1,not sampled,0,0,0
tiny-03839,absent,5,3,1,not sampled,0,0,0
tiny-03840,unresolved,2,1,1,not sampled,0,0,0
tiny-03841,unresolved,2,1,1,not sampled,0,0,0
tiny-03842,unresolved,3,1,1,not sampled,0,0,0
tiny-03843,unresolved,3,1,1,not sampled,0,0,0
tiny-03844,unresolved,3,1,1,not sampled,0,0,0
tiny-03845,unresolved,3,1,1,not sampled,0,0,0
tiny-03846,unresolved,4,1,1,not sampled,0,0,0
tiny-03847,unresolved,4,1,1,not sampled,0,0,0
tiny-03848,unresolved,3,1,1,not sampled,0,0,0
tiny-03849,absent,3,2,1,not sampled,0,0,0
tiny-03850,unresolved,4,1,1,not sampled,0,0,0
tiny-03851,absent,4,2,1,not sampled,0,0,0
tiny-03852,absent,3,2,1,not sampled,0,0,0
tiny-03853,unresolved,3,2,1,not sampled,0,0,0
tiny-03854,absent,4,2,1,not sampled,0,0,0
tiny-03855,unresolved,4,2,1,not sampled,0,0,0
tiny-03856,absent,4,2,1,not sampled,0,0,0
tiny-03857,unresolved,4,1,1,not sampled,0,0,0
tiny-03858,absent,5,2,1,not sampled,0,0,0
tiny-03859,unresolved,5,1,1,not sampled,0,0,0
tiny-03860,absent,4,2,1,not sampled,0,0,0
tiny-03861,absent,4,3,1,not sampled,0,0,0
tiny-03862,absent,5,2,1,not sampled,0,0,0
tiny-03863,absent,5,3,1,not sampled,0,0,0
tiny-03864,unresolved,3,2,1,not sampled,0,0,0
tiny-03865,unresolved,3,2,1,not sampled,0,0,0
tiny-03866,unresolved,4,2,1,not sampled,0,0,0
tiny-03867,unresolved,4,2,1,not sampled,0,0,0
tiny-03868,unresolved,4,2,1,not sampled,0,0,0
tiny-03869,unresolved,4,1,1,not sampled,0,0,0
tiny-03870,unresolved,5,2,1,not sampled,0,0,0
tiny-03871,unresolved,5,1,1,not sampled,0,0,0
tiny-03872,unresolved,4,2,1,not sampled,0,0,0
tiny-03873,unresolved,4,3,1,not sampled,0,0,0
tiny-03874,unresolved,5,2,1,not sampled,0,0,0
tiny-03875,unresolved,5,3,1,not sampled,0,0,0
tiny-03876,unresolved,2,1,1,not sampled,0,0,0
tiny-03877,unresolved,2,1,1,not sampled,0,0,0
tiny-03878,unresolved,3,1,1,not sampled,0,0,0
tiny-03879,unresolved,3,1,1,not sampled,0,0,0
tiny-03880,unresolved,3,1,1,not sampled,0,0,0
tiny-03881,unresolved,3,1,1,not sampled,0,0,0
tiny-03882,unresolved,4,1,1,not sampled,0,0,0
tiny-03883,unresolved,4,1,1,not sampled,0,0,0
tiny-03884,unresolved,3,1,1,not sampled,0,0,0
tiny-03885,unresolved,3,2,1,not sampled,0,0,0
tiny-03886,unresolved,4,1,1,not sampled,0,0,0
tiny-03887,unresolved,4,2,1,not sampled,0,0,0
tiny-03888,absent,2,1,1,not sampled,0,0,0
tiny-03889,absent,2,1,1,not sampled,0,0,0
tiny-03890,absent,3,1,1,not sampled,0,0,0
tiny-03891,absent,3,1,1,not sampled,0,0,0
tiny-03892,absent,3,1,1,not sampled,0,0,0
tiny-03893,absent,3,1,1,not sampled,0,0,0
tiny-03894,absent,4,1,1,not sampled,0,0,0
tiny-03895,absent,4,1,1,not sampled,0,0,0
tiny-03896,absent,3,1,1,not sampled,0,0,0
tiny-03897,absent,3,2,1,not sampled,0,0,0
tiny-03898,absent,4,1,1,not sampled,0,0,0
tiny-03899,absent,4,2,1,not sampled,0,0,0
tiny-03900,newly_justified,3,2,1,not sampled,0,0,0
tiny-03901,newly_justified,3,2,1,not sampled,0,0,0
tiny-03902,unresolved,4,2,1,not sampled,0,0,0
tiny-03903,newly_justified,4,2,1,not sampled,0,0,0
tiny-03904,newly_justified,4,2,1,not sampled,0,0,0
tiny-03905,absent,4,1,1,not sampled,0,0,0
tiny-03906,unresolved,5,2,1,not sampled,0,0,0
tiny-03907,absent,5,1,1,not sampled,0,0,0
tiny-03908,newly_justified,4,2,1,not sampled,0,0,0
tiny-03909,newly_justified,4,3,1,not sampled,0,0,0
tiny-03910,unresolved,5,2,1,not sampled,0,0,0
tiny-03911,newly_justified,5,3,1,not sampled,0,0,0
tiny-03912,unresolved,3,2,1,not sampled,0,0,0
tiny-03913,unresolved,3,2,1,not sampled,0,0,0
tiny-03914,unresolved,4,2,1,not sampled,0,0,0
tiny-03915,unresolved,4,2,1,not sampled,0,0,0
tiny-03916,unresolved,4,2,1,not sampled,0,0,0
tiny-03917,absent,4,1,1,not sampled,0,0,0
tiny-03918,unresolved,5,2,1,not sampled,0,0,0
tiny-03919,absent,5,1,1,not sampled,0,0,0
tiny-03920,unresolved,4,2,1,not sampled,0,0,0
tiny-03921,unresolved,4,3,1,not sampled,0,0,0
tiny-03922,unresolved,5,2,1,not sampled,0,0,0
tiny-03923,unresolved,5,3,1,not sampled,0,0,0
tiny-03924,absent,1,1,1,not sampled,0,0,0
tiny-03925,absent,1,0,1,not sampled,0,0,0
tiny-03926,absent,2,1,1,not sampled,0,0,0
tiny-03927,absent,2,0,1,not sampled,0,0,0
tiny-03928,absent,2,1,1,not sampled,0,0,0
tiny-03929,absent,2,1,1,not sampled,0,0,0
tiny-03930,absent,3,1,1,not sampled,0,0,0
tiny-03931,absent,3,1,1,not sampled,0,0,0
tiny-03932,absent,2,1,1,not sampled,0,0,0
tiny-03933,absent,2,1,1,not sampled,0,0,0
tiny-03934,absent,3,1,1,not sampled,0,0,0
tiny-03935,absent,3,1,1,not sampled,0,0,0
tiny-03936,newly_justified,2,2,1,not sampled,0,0,0
tiny-03937,absent,2,1,1,not sampled,0,0,0
tiny-03938,unresolved,3,2,1,not sampled,0,0,0
tiny-03939,absent,3,1,1,not sampled,0,0,0
tiny-03940,newly_justified,3,2,1,not sampled,0,0,0
tiny-03941,absent,3,1,1,not sampled,0,0,0
tiny-03942,unresolved,4,2,1,not sampled,0,0,0
tiny-03943,absent,4,1,1,not sampled,0,0,0
tiny-03944,newly_justified,3,2,1,not sampled,0,0,0
tiny-03945,absent,3,2,1,not sampled,0,0,0
tiny-03946,unresolved,4,2,1,not sampled,0,0,0
tiny-03947,absent,4,2,1,not sampled,0,0,0
tiny-03948,unresolved,2,2,1,not sampled,0,0,0
tiny-03949,absent,2,1,1,not sampled,0,0,0
tiny-03950,unresolved,3,2,1,not sampled,0,0,0
tiny-03951,absent,3,1,1,not sampled,0,0,0
tiny-03952,unresolved,3,2,1,not sampled,0,0,0
tiny-03953,absent,3,1,1,not sampled,0,0,0
tiny-03954,unresolved,4,2,1,not sampled,0,0,0
tiny-03955,absent,4,1,1,not sampled,0,0,0
tiny-03956,unresolved,3,2,1,not sampled,0,0,0
tiny-03957,absent,3,2,1,not sampled,0,0,0
tiny-03958,unresolved,4,2,1,not sampled,0,0,0
tiny-03959,absent,4,2,1,not sampled,0,0,0
tiny-03960,absent,2,1,1,not sampled,0,0,0
tiny-03961,absent,2,1,1,not sampled,0,0,0
tiny-03962,absent,3,1,1,not sampled,0,0,0
tiny-03963,absent,3,1,1,not sampled,0,0,0
tiny-03964,absent,3,1,1,not sampled,0,0,0
tiny-03965,absent,3,1,1,not sampled,0,0,0
tiny-03966,absent,4,1,1,not sampled,0,0,0
tiny-03967,absent,4,1,1,not sampled,0,0,0
tiny-03968,absent,3,1,1,not sampled,0,0,0
tiny-03969,absent,3,2,1,not sampled,0,0,0
tiny-03970,absent,4,1,1,not sampled,0,0,0
tiny-03971,absent,4,2,1,not sampled,0,0,0
tiny-03972,newly_justified,3,2,1,not sampled,0,0,0
tiny-03973,unresolved,3,2,1,not sampled,0,0,0
tiny-03974,unresolved,4,2,1,not sampled,0,0,0
tiny-03975,unresolved,4,2,1,not sampled,0,0,0
tiny-03976,newly_justified,4,2,1,not sampled,0,0,0
tiny-03977,absent,4,1,1,not sampled,0,0,0
tiny-03978,unresolved,5,2,1,not sampled,0,0,0
tiny-03979,absent,5,1,1,not sampled,0,0,0
tiny-03980,newly_justified,4,2,1,not sampled,0,0,0
tiny-03981,unresolved,4,3,1,not sampled,0,0,0
tiny-03982,unresolved,5,2,1,not sampled,0,0,0
tiny-03983,unresolved,5,3,1,not sampled,0,0,0
tiny-03984,unresolved,3,2,1,not sampled,0,0,0
tiny-03985,unresolved,3,2,1,not sampled,0,0,0
tiny-03986,unresolved,4,2,1,not sampled,0,0,0
tiny-03987,unresolved,4,2,1,not sampled,0,0,0
tiny-03988,unresolved,4,2,1,not sampled,0,0,0
tiny-03989,absent,4,1,1,not sampled,0,0,0
tiny-03990,unresolved,5,2,1,not sampled,0,0,0
tiny-03991,absent,5,1,1,not sampled,0,0,0
tiny-03992,unresolved,4,2,1,not sampled,0,0,0
tiny-03993,unresolved,4,3,1,not sampled,0,0,0
tiny-03994,unresolved,5,2,1,not sampled,0,0,0
tiny-03995,unresolved,5,3,1,not sampled,0,0,0
tiny-03996,absent,1,0,1,not sampled,0,0,0
tiny-03997,absent,1,1,1,not sampled,0,0,0
tiny-03998,absent,2,1,1,not sampled,0,0,0
tiny-03999,absent,2,1,1,not sampled,0,0,0
tiny-04000,absent,2,0,1,not sampled,0,0,0
tiny-04001,absent,2,1,1,not sampled,0,0,0
tiny-04002,absent,3,1,1,not sampled,0,0,0
tiny-04003,absent,3,1,1,not sampled,0,0,0
tiny-04004,absent,2,0,1,not sampled,0,0,0
tiny-04005,absent,2,2,1,not sampled,0,0,0
tiny-04006,absent,3,1,1,not sampled,0,0,0
tiny-04007,absent,3,2,1,not sampled,0,0,0
tiny-04008,absent,2,1,1,not sampled,0,0,0
tiny-04009,newly_justified,2,2,1,not sampled,0,0,0
tiny-04010,unresolved,3,2,1,not sampled,0,0,0
tiny-04011,newly_justified,3,2,1,not sampled,0,0,0
tiny-04012,absent,3,1,1,not sampled,0,0,0
tiny-04013,absent,3,1,1,not sampled,0,0,0
tiny-04014,unresolved,4,2,1,not sampled,0,0,0
tiny-04015,absent,4,1,1,not sampled,0,0,0
tiny-04016,absent,3,1,1,not sampled,0,0,0
tiny-04017,newly_justified,3,3,1,not sampled,0,0,0
tiny-04018,unresolved,4,2,1,not sampled,0,0,0
tiny-04019,newly_justified,4,3,1,not sampled,0,0,0
tiny-04020,absent,2,1,1,not sampled,0,0,0
tiny-04021,unresolved,2,2,1,not sampled,0,0,0
tiny-04022,unresolved,3,2,1,not sampled,0,0,0
tiny-04023,unresolved,3,2,1,not sampled,0,0,0
tiny-04024,absent,3,1,1,not sampled,0,0,0
tiny-04025,absent,3,1,1,not sampled,0,0,0
tiny-04026,unresolved,4,2,1,not sampled,0,0,0
tiny-04027,absent,4,1,1,not sampled,0,0,0
tiny-04028,absent,3,1,1,not sampled,0,0,0
tiny-04029,unresolved,3,3,1,not sampled,0,0,0
tiny-04030,unresolved,4,2,1,not sampled,0,0,0
tiny-04031,unresolved,4,3,1,not sampled,0,0,0
tiny-04032,absent,0,0,1,not sampled,0,0,0
tiny-04033,absent,0,0,1,not sampled,0,0,0
tiny-04034,absent,1,1,1,not sampled,0,0,0
tiny-04035,absent,1,0,1,not sampled,0,0,0
tiny-04036,absent,1,0,1,not sampled,0,0,0
tiny-04037,absent,1,1,1,not sampled,0,0,0
tiny-04038,absent,2,1,1,not sampled,0,0,0
tiny-04039,absent,2,1,1,not sampled,0,0,0
tiny-04040,absent,1,0,1,not sampled,0,0,0
tiny-04041,absent,1,1,1,not sampled,0,0,0
tiny-04042,absent,2,1,1,not sampled,0,0,0
tiny-04043,absent,2,1,1,not sampled,0,0,0
tiny-04044,absent,1,1,1,not sampled,0,0,0
tiny-04045,absent,1,1,1,not sampled,0,0,0
tiny-04046,unresolved,2,2,1,not sampled,0,0,0
tiny-04047,absent,2,1,1,not sampled,0,0,0
tiny-04048,absent,2,1,1,not sampled,0,0,0
tiny-04049,absent,2,1,1,not sampled,0,0,0
tiny-04050,unresolved,3,2,1,not sampled,0,0,0
tiny-04051,absent,3,1,1,not sampled,0,0,0
tiny-04052,absent,2,1,1,not sampled,0,0,0
tiny-04053,absent,2,2,1,not sampled,0,0,0
tiny-04054,unresolved,3,2,1,not sampled,0,0,0
tiny-04055,absent,3,2,1,not sampled,0,0,0
tiny-04056,absent,1,1,1,not sampled,0,0,0
tiny-04057,absent,1,1,1,not sampled,0,0,0
tiny-04058,unresolved,2,2,1,not sampled,0,0,0
tiny-04059,absent,2,1,1,not sampled,0,0,0
tiny-04060,absent,2,1,1,not sampled,0,0,0
tiny-04061,absent,2,1,1,not sampled,0,0,0
tiny-04062,unresolved,3,2,1,not sampled,0,0,0
tiny-04063,absent,3,1,1,not sampled,0,0,0
tiny-04064,absent,2,1,1,not sampled,0,0,0
tiny-04065,absent,2,2,1,not sampled,0,0,0
tiny-04066,unresolved,3,2,1,not sampled,0,0,0
tiny-04067,absent,3,2,1,not sampled,0,0,0
tiny-04068,absent,1,0,1,not sampled,0,0,0
tiny-04069,absent,1,1,1,not sampled,0,0,0
tiny-04070,absent,2,1,1,not sampled,0,0,0
tiny-04071,absent,2,1,1,not sampled,0,0,0
tiny-04072,absent,2,0,1,not sampled,0,0,0
tiny-04073,absent,2,1,1,not sampled,0,0,0
tiny-04074,absent,3,1,1,not sampled,0,0,0
tiny-04075,absent,3,1,1,not sampled,0,0,0
tiny-04076,absent,2,0,1,not sampled,0,0,0
tiny-04077,absent,2,2,1,not sampled,0,0,0
tiny-04078,absent,3,1,1,not sampled,0,0,0
tiny-04079,absent,3,2,1,not sampled,0,0,0
tiny-04080,absent,2,1,1,not sampled,0,0,0
tiny-04081,unresolved,2,2,1,not sampled,0,0,0
tiny-04082,unresolved,3,2,1,not sampled,0,0,0
tiny-04083,unresolved,3,2,1,not sampled,0,0,0
tiny-04084,absent,3,1,1,not sampled,0,0,0
tiny-04085,absent,3,1,1,not sampled,0,0,0
tiny-04086,unresolved,4,2,1,not sampled,0,0,0
tiny-04087,absent,4,1,1,not sampled,0,0,0
tiny-04088,absent,3,1,1,not sampled,0,0,0
tiny-04089,unresolved,3,3,1,not sampled,0,0,0
tiny-04090,unresolved,4,2,1,not sampled,0,0,0
tiny-04091,unresolved,4,3,1,not sampled,0,0,0
tiny-04092,absent,2,1,1,not sampled,0,0,0
tiny-04093,unresolved,2,2,1,not sampled,0,0,0
tiny-04094,unresolved,3,2,1,not sampled,0,0,0
tiny-04095,unresolved,3,2,1,not sampled,0,0,0
tiny-04096,absent,3,1,1,not sampled,0,0,0
tiny-04097,absent,3,1,1,not sampled,0,0,0
tiny-04098,unresolved,4,2,1,not sampled,0,0,0
tiny-04099,absent,4,1,1,not sampled,0,0,0
tiny-04100,absent,3,1,1,not sampled,0,0,0
tiny-04101,unresolved,3,3,1,not sampled,0,0,0
tiny-04102,unresolved,4,2,1,not sampled,0,0,0
tiny-04103,unresolved,4,3,1,not sampled,0,0,0
tiny-04104,absent,2,1,1,not sampled,0,0,0
tiny-04105,absent,2,1,1,not sampled,0,0,0
tiny-04106,absent,3,1,1,not sampled,0,0,0
tiny-04107,absent,3,1,1,not sampled,0,0,0
tiny-04108,absent,3,1,1,not sampled,0,0,0
tiny-04109,absent,3,1,1,not sampled,0,0,0
tiny-04110,absent,4,1,1,not sampled,0,0,0
tiny-04111,absent,4,1,1,not sampled,0,0,0
tiny-04112,absent,3,1,1,not sampled,0,0,0
tiny-04113,absent,3,2,1,not sampled,0,0,0
tiny-04114,absent,4,1,1,not sampled,0,0,0
tiny-04115,absent,4,2,1,not sampled,0,0,0
tiny-04116,unresolved,3,2,1,not sampled,0,0,0
tiny-04117,newly_justified,3,2,1,not sampled,0,0,0
tiny-04118,unresolved,4,2,1,not sampled,0,0,0
tiny-04119,newly_justified,4,2,1,not sampled,0,0,0
tiny-04120,unresolved,4,2,1,not sampled,0,0,0
tiny-04121,absent,4,1,1,not sampled,0,0,0
tiny-04122,unresolved,5,2,1,not sampled,0,0,0
tiny-04123,absent,5,1,1,not sampled,0,0,0
tiny-04124,unresolved,4,2,1,not sampled,0,0,0
tiny-04125,newly_justified,4,3,1,not sampled,0,0,0
tiny-04126,unresolved,5,2,1,not sampled,0,0,0
tiny-04127,newly_justified,5,3,1,not sampled,0,0,0
tiny-04128,unresolved,3,2,1,not sampled,0,0,0
tiny-04129,unresolved,3,2,1,not sampled,0,0,0
tiny-04130,unresolved,4,2,1,not sampled,0,0,0
tiny-04131,unresolved,4,2,1,not sampled,0,0,0
tiny-04132,unresolved,4,2,1,not sampled,0,0,0
tiny-04133,absent,4,1,1,not sampled,0,0,0
tiny-04134,unresolved,5,2,1,not sampled,0,0,0
tiny-04135,absent,5,1,1,not sampled,0,0,0
tiny-04136,unresolved,4,2,1,not sampled,0,0,0
tiny-04137,unresolved,4,3,1,not sampled,0,0,0
tiny-04138,unresolved,5,2,1,not sampled,0,0,0
tiny-04139,unresolved,5,3,1,not sampled,0,0,0
tiny-04140,absent,1,1,1,not sampled,0,0,0
tiny-04141,absent,1,0,1,not sampled,0,0,0
tiny-04142,absent,2,1,1,not sampled,0,0,0
tiny-04143,absent,2,0,1,not sampled,0,0,0
tiny-04144,absent,2,1,1,not sampled,0,0,0
tiny-04145,absent,2,1,1,not sampled,0,0,0
tiny-04146,absent,3,1,1,not sampled,0,0,0
tiny-04147,absent,3,1,1,not sampled,0,0,0
tiny-04148,absent,2,1,1,not sampled,0,0,0
tiny-04149,absent,2,1,1,not sampled,0,0,0
tiny-04150,absent,3,1,1,not sampled,0,0,0
tiny-04151,absent,3,1,1,not sampled,0,0,0
tiny-04152,unresolved,2,2,1,not sampled,0,0,0
tiny-04153,absent,2,1,1,not sampled,0,0,0
tiny-04154,unresolved,3,2,1,not sampled,0,0,0
tiny-04155,absent,3,1,1,not sampled,0,0,0
tiny-04156,unresolved,3,2,1,not sampled,0,0,0
tiny-04157,absent,3,1,1,not sampled,0,0,0
tiny-04158,unresolved,4,2,1,not sampled,0,0,0
tiny-04159,absent,4,1,1,not sampled,0,0,0
tiny-04160,unresolved,3,2,1,not sampled,0,0,0
tiny-04161,absent,3,2,1,not sampled,0,0,0
tiny-04162,unresolved,4,2,1,not sampled,0,0,0
tiny-04163,absent,4,2,1,not sampled,0,0,0
tiny-04164,unresolved,2,2,1,not sampled,0,0,0
tiny-04165,absent,2,1,1,not sampled,0,0,0
tiny-04166,unresolved,3,2,1,not sampled,0,0,0
tiny-04167,absent,3,1,1,not sampled,0,0,0
tiny-04168,unresolved,3,2,1,not sampled,0,0,0
tiny-04169,absent,3,1,1,not sampled,0,0,0
tiny-04170,unresolved,4,2,1,not sampled,0,0,0
tiny-04171,absent,4,1,1,not sampled,0,0,0
tiny-04172,unresolved,3,2,1,not sampled,0,0,0
tiny-04173,absent,3,2,1,not sampled,0,0,0
tiny-04174,unresolved,4,2,1,not sampled,0,0,0
tiny-04175,absent,4,2,1,not sampled,0,0,0
tiny-04176,absent,2,1,1,not sampled,0,0,0
tiny-04177,absent,2,1,1,not sampled,0,0,0
tiny-04178,absent,3,1,1,not sampled,0,0,0
tiny-04179,absent,3,1,1,not sampled,0,0,0
tiny-04180,absent,3,1,1,not sampled,0,0,0
tiny-04181,absent,3,1,1,not sampled,0,0,0
tiny-04182,absent,4,1,1,not sampled,0,0,0
tiny-04183,absent,4,1,1,not sampled,0,0,0
tiny-04184,absent,3,1,1,not sampled,0,0,0
tiny-04185,absent,3,2,1,not sampled,0,0,0
tiny-04186,absent,4,1,1,not sampled,0,0,0
tiny-04187,absent,4,2,1,not sampled,0,0,0
tiny-04188,unresolved,3,2,1,not sampled,0,0,0
tiny-04189,unresolved,3,2,1,not sampled,0,0,0
tiny-04190,unresolved,4,2,1,not sampled,0,0,0
tiny-04191,unresolved,4,2,1,not sampled,0,0,0
tiny-04192,unresolved,4,2,1,not sampled,0,0,0
tiny-04193,absent,4,1,1,not sampled,0,0,0
tiny-04194,unresolved,5,2,1,not sampled,0,0,0
tiny-04195,absent,5,1,1,not sampled,0,0,0
tiny-04196,unresolved,4,2,1,not sampled,0,0,0
tiny-04197,unresolved,4,3,1,not sampled,0,0,0
tiny-04198,unresolved,5,2,1,not sampled,0,0,0
tiny-04199,unresolved,5,3,1,not sampled,0,0,0
tiny-04200,unresolved,3,2,1,not sampled,0,0,0
tiny-04201,unresolved,3,2,1,not sampled,0,0,0
tiny-04202,unresolved,4,2,1,not sampled,0,0,0
tiny-04203,unresolved,4,2,1,not sampled,0,0,0
tiny-04204,unresolved,4,2,1,not sampled,0,0,0
tiny-04205,absent,4,1,1,not sampled,0,0,0
tiny-04206,unresolved,5,2,1,not sampled,0,0,0
tiny-04207,absent,5,1,1,not sampled,0,0,0
tiny-04208,unresolved,4,2,1,not sampled,0,0,0
tiny-04209,unresolved,4,3,1,not sampled,0,0,0
tiny-04210,unresolved,5,2,1,not sampled,0,0,0
tiny-04211,unresolved,5,3,1,not sampled,0,0,0
tiny-04212,absent,3,2,1,not sampled,0,0,0
tiny-04213,absent,3,2,1,not sampled,0,0,0
tiny-04214,absent,4,2,1,not sampled,0,0,0
tiny-04215,absent,4,2,1,not sampled,0,0,0
tiny-04216,absent,4,2,1,not sampled,0,0,0
tiny-04217,absent,4,1,1,not sampled,0,0,0
tiny-04218,absent,5,2,1,not sampled,0,0,0
tiny-04219,absent,5,1,1,not sampled,0,0,0
tiny-04220,absent,4,2,1,not sampled,0,0,0
tiny-04221,absent,4,3,1,not sampled,0,0,0
tiny-04222,absent,5,2,1,not sampled,0,0,0
tiny-04223,absent,5,3,1,not sampled,0,0,0
tiny-04224,newly_justified,2,1,1,not sampled,0,0,0
tiny-04225,newly_justified,2,1,1,not sampled,0,0,0
tiny-04226,unresolved,3,1,1,not sampled,0,0,0
tiny-04227,newly_justified,3,1,1,not sampled,0,0,0
tiny-04228,newly_justified,3,1,1,not sampled,0,0,0
tiny-04229,absent,3,1,1,not sampled,0,0,0
tiny-04230,unresolved,4,1,1,not sampled,0,0,0
tiny-04231,absent,4,1,1,not sampled,0,0,0
tiny-04232,newly_justified,3,1,1,not sampled,0,0,0
tiny-04233,newly_justified,3,2,1,not sampled,0,0,0
tiny-04234,unresolved,4,1,1,not sampled,0,0,0
tiny-04235,newly_justified,4,2,1,not sampled,0,0,0
tiny-04236,unresolved,3,2,1,not sampled,0,0,0
tiny-04237,unresolved,3,2,1,not sampled,0,0,0
tiny-04238,unresolved,4,2,1,not sampled,0,0,0
tiny-04239,unresolved,4,2,1,not sampled,0,0,0
tiny-04240,unresolved,4,2,1,not sampled,0,0,0
tiny-04241,absent,4,1,1,not sampled,0,0,0
tiny-04242,unresolved,5,2,1,not sampled,0,0,0
tiny-04243,absent,5,1,1,not sampled,0,0,0
tiny-04244,unresolved,4,2,1,not sampled,0,0,0
tiny-04245,unresolved,4,3,1,not sampled,0,0,0
tiny-04246,unresolved,5,2,1,not sampled,0,0,0
tiny-04247,unresolved,5,3,1,not sampled,0,0,0
tiny-04248,absent,2,2,1,not sampled,0,0,0
tiny-04249,absent,2,1,1,not sampled,0,0,0
tiny-04250,absent,3,2,1,not sampled,0,0,0
tiny-04251,absent,3,1,1,not sampled,0,0,0
tiny-04252,absent,3,2,1,not sampled,0,0,0
tiny-04253,absent,3,1,1,not sampled,0,0,0
tiny-04254,absent,4,2,1,not sampled,0,0,0
tiny-04255,absent,4,1,1,not sampled,0,0,0
tiny-04256,absent,3,2,1,not sampled,0,0,0
tiny-04257,absent,3,2,1,not sampled,0,0,0
tiny-04258,absent,4,2,1,not sampled,0,0,0
tiny-04259,absent,4,2,1,not sampled,0,0,0
tiny-04260,newly_justified,1,1,1,not sampled,0,0,0
tiny-04261,absent,1,0,1,not sampled,0,0,0
tiny-04262,unresolved,2,1,1,not sampled,0,0,0
tiny-04263,absent,2,0,1,not sampled,0,0,0
tiny-04264,newly_justified,2,1,1,not sampled,0,0,0
tiny-04265,absent,2,1,1,not sampled,0,0,0
tiny-04266,unresolved,3,1,1,not sampled,0,0,0
tiny-04267,absent,3,1,1,not sampled,0,0,0
tiny-04268,newly_justified,2,1,1,not sampled,0,0,0
tiny-04269,absent,2,1,1,not sampled,0,0,0
tiny-04270,unresolved,3,1,1,not sampled,0,0,0
tiny-04271,absent,3,1,1,not sampled,0,0,0
tiny-04272,unresolved,2,2,1,not sampled,0,0,0
tiny-04273,absent,2,1,1,not sampled,0,0,0
tiny-04274,unresolved,3,2,1,not sampled,0,0,0
tiny-04275,absent,3,1,1,not sampled,0,0,0
tiny-04276,unresolved,3,2,1,not sampled,0,0,0
tiny-04277,absent,3,1,1,not sampled,0,0,0
tiny-04278,unresolved,4,2,1,not sampled,0,0,0
tiny-04279,absent,4,1,1,not sampled,0,0,0
tiny-04280,unresolved,3,2,1,not sampled,0,0,0
tiny-04281,absent,3,2,1,not sampled,0,0,0
tiny-04282,unresolved,4,2,1,not sampled,0,0,0
tiny-04283,absent,4,2,1,not sampled,0,0,0
tiny-04284,absent,3,2,1,not sampled,0,0,0
tiny-04285,absent,3,2,1,not sampled,0,0,0
tiny-04286,absent,4,2,1,not sampled,0,0,0
tiny-04287,absent,4,2,1,not sampled,0,0,0
tiny-04288,absent,4,2,1,not sampled,0,0,0
tiny-04289,absent,4,1,1,not sampled,0,0,0
tiny-04290,absent,5,2,1,not sampled,0,0,0
tiny-04291,absent,5,1,1,not sampled,0,0,0
tiny-04292,absent,4,2,1,not sampled,0,0,0
tiny-04293,absent,4,3,1,not sampled,0,0,0
tiny-04294,absent,5,2,1,not sampled,0,0,0
tiny-04295,absent,5,3,1,not sampled,0,0,0
tiny-04296,newly_justified,2,1,1,not sampled,0,0,0
tiny-04297,unresolved,2,1,1,not sampled,0,0,0
tiny-04298,unresolved,3,1,1,not sampled,0,0,0
tiny-04299,unresolved,3,1,1,not sampled,0,0,0
tiny-04300,newly_justified,3,1,1,not sampled,0,0,0
tiny-04301,absent,3,1,1,not sampled,0,0,0
tiny-04302,unresolved,4,1,1,not sampled,0,0,0
tiny-04303,absent,4,1,1,not sampled,0,0,0
tiny-04304,newly_justified,3,1,1,not sampled,0,0,0
tiny-04305,unresolved,3,2,1,not sampled,0,0,0
tiny-04306,unresolved,4,1,1,not sampled,0,0,0
tiny-04307,unresolved,4,2,1,not sampled,0,0,0
tiny-04308,unresolved,3,2,1,not sampled,0,0,0
tiny-04309,unresolved,3,2,1,not sampled,0,0,0
tiny-04310,unresolved,4,2,1,not sampled,0,0,0
tiny-04311,unresolved,4,2,1,not sampled,0,0,0
tiny-04312,unresolved,4,2,1,not sampled,0,0,0
tiny-04313,absent,4,1,1,not sampled,0,0,0
tiny-04314,unresolved,5,2,1,not sampled,0,0,0
tiny-04315,absent,5,1,1,not sampled,0,0,0
tiny-04316,unresolved,4,2,1,not sampled,0,0,0
tiny-04317,unresolved,4,3,1,not sampled,0,0,0
tiny-04318,unresolved,5,2,1,not sampled,0,0,0
tiny-04319,unresolved,5,3,1,not sampled,0,0,0
tiny-04320,absent,2,1,1,not sampled,0,0,0
tiny-04321,absent,2,2,1,not sampled,0,0,0
tiny-04322,absent,3,2,1,not sampled,0,0,0
tiny-04323,absent,3,2,1,not sampled,0,0,0
tiny-04324,absent,3,1,1,not sampled,0,0,0
tiny-04325,absent,3,1,1,not sampled,0,0,0
tiny-04326,absent,4,2,1,not sampled,0,0,0
tiny-04327,absent,4,1,1,not sampled,0,0,0
tiny-04328,absent,3,1,1,not sampled,0,0,0
tiny-04329,absent,3,3,1,not sampled,0,0,0
tiny-04330,absent,4,2,1,not sampled,0,0,0
tiny-04331,absent,4,3,1,not sampled,0,0,0
tiny-04332,absent,1,0,1,not sampled,0,0,0
tiny-04333,newly_justified,1,1,1,not sampled,0,0,0
tiny-04334,unresolved,2,1,1,not sampled,0,0,0
tiny-04335,newly_justified,2,1,1,not sampled,0,0,0
tiny-04336,absent,2,0,1,not sampled,0,0,0
tiny-04337,absent,2,1,1,not sampled,0,0,0
tiny-04338,unresolved,3,1,1,not sampled,0,0,0
tiny-04339,absent,3,1,1,not sampled,0,0,0
tiny-04340,absent,2,0,1,not sampled,0,0,0
tiny-04341,newly_justified,2,2,1,not sampled,0,0,0
tiny-04342,unresolved,3,1,1,not sampled,0,0,0
tiny-04343,newly_justified,3,2,1,not sampled,0,0,0
tiny-04344,absent,2,1,1,not sampled,0,0,0
tiny-04345,unresolved,2,2,1,not sampled,0,0,0
tiny-04346,unresolved,3,2,1,not sampled,0,0,0
tiny-04347,unresolved,3,2,1,not sampled,0,0,0
tiny-04348,absent,3,1,1,not sampled,0,0,0
tiny-04349,absent,3,1,1,not sampled,0,0,0
tiny-04350,unresolved,4,2,1,not sampled,0,0,0
tiny-04351,absent,4,1,1,not sampled,0,0,0
tiny-04352,absent,3,1,1,not sampled,0,0,0
tiny-04353,unresolved,3,3,1,not sampled,0,0,0
tiny-04354,unresolved,4,2,1,not sampled,0,0,0
tiny-04355,unresolved,4,3,1,not sampled,0,0,0
tiny-04356,absent,1,1,1,not sampled,0,0,0
tiny-04357,absent,1,1,1,not sampled,0,0,0
tiny-04358,absent,2,2,1,not sampled,0,0,0
tiny-04359,absent,2,1,1,not sampled,0,0,0
tiny-04360,absent,2,1,1,not sampled,0,0,0
tiny-04361,absent,2,1,1,not sampled,0,0,0
tiny-04362,absent,3,2,1,not sampled,0,0,0
tiny-04363,absent,3,1,1,not sampled,0,0,0
tiny-04364,absent,2,1,1,not sampled,0,0,0
tiny-04365,absent,2,2,1,not sampled,0,0,0
tiny-04366,absent,3,2,1,not sampled,0,0,0
tiny-04367,absent,3,2,1,not sampled,0,0,0
tiny-04368,absent,0,0,1,not sampled,0,0,0
tiny-04369,absent,0,0,1,not sampled,0,0,0
tiny-04370,unresolved,1,1,1,not sampled,0,0,0
tiny-04371,absent,1,0,1,not sampled,0,0,0
tiny-04372,absent,1,0,1,not sampled,0,0,0
tiny-04373,absent,1,1,1,not sampled,0,0,0
tiny-04374,unresolved,2,1,1,not sampled,0,0,0
tiny-04375,absent,2,1,1,not sampled,0,0,0
tiny-04376,absent,1,0,1,not sampled,0,0,0
tiny-04377,absent,1,1,1,not sampled,0,0,0
tiny-04378,unresolved,2,1,1,not sampled,0,0,0
tiny-04379,absent,2,1,1,not sampled,0,0,0
tiny-04380,absent,1,1,1,not sampled,0,0,0
tiny-04381,absent,1,1,1,not sampled,0,0,0
tiny-04382,unresolved,2,2,1,not sampled,0,0,0
tiny-04383,absent,2,1,1,not sampled,0,0,0
tiny-04384,absent,2,1,1,not sampled,0,0,0
tiny-04385,absent,2,1,1,not sampled,0,0,0
tiny-04386,unresolved,3,2,1,not sampled,0,0,0
tiny-04387,absent,3,1,1,not sampled,0,0,0
tiny-04388,absent,2,1,1,not sampled,0,0,0
tiny-04389,absent,2,2,1,not sampled,0,0,0
tiny-04390,unresolved,3,2,1,not sampled,0,0,0
tiny-04391,absent,3,2,1,not sampled,0,0,0
tiny-04392,absent,2,1,1,not sampled,0,0,0
tiny-04393,absent,2,2,1,not sampled,0,0,0
tiny-04394,absent,3,2,1,not sampled,0,0,0
tiny-04395,absent,3,2,1,not sampled,0,0,0
tiny-04396,absent,3,1,1,not sampled,0,0,0
tiny-04397,absent,3,1,1,not sampled,0,0,0
tiny-04398,absent,4,2,1,not sampled,0,0,0
tiny-04399,absent,4,1,1,not sampled,0,0,0
tiny-04400,absent,3,1,1,not sampled,0,0,0
tiny-04401,absent,3,3,1,not sampled,0,0,0
tiny-04402,absent,4,2,1,not sampled,0,0,0
tiny-04403,absent,4,3,1,not sampled,0,0,0
tiny-04404,absent,1,0,1,not sampled,0,0,0
tiny-04405,unresolved,1,1,1,not sampled,0,0,0
tiny-04406,unresolved,2,1,1,not sampled,0,0,0
tiny-04407,unresolved,2,1,1,not sampled,0,0,0
tiny-04408,absent,2,0,1,not sampled,0,0,0
tiny-04409,absent,2,1,1,not sampled,0,0,0
tiny-04410,unresolved,3,1,1,not sampled,0,0,0
tiny-04411,absent,3,1,1,not sampled,0,0,0
tiny-04412,absent,2,0,1,not sampled,0,0,0
tiny-04413,unresolved,2,2,1,not sampled,0,0,0
tiny-04414,unresolved,3,1,1,not sampled,0,0,0
tiny-04415,unresolved,3,2,1,not sampled,0,0,0
tiny-04416,absent,2,1,1,not sampled,0,0,0
tiny-04417,unresolved,2,2,1,not sampled,0,0,0
tiny-04418,unresolved,3,2,1,not sampled,0,0,0
tiny-04419,unresolved,3,2,1,not sampled,0,0,0
tiny-04420,absent,3,1,1,not sampled,0,0,0
tiny-04421,absent,3,1,1,not sampled,0,0,0
tiny-04422,unresolved,4,2,1,not sampled,0,0,0
tiny-04423,absent,4,1,1,not sampled,0,0,0
tiny-04424,absent,3,1,1,not sampled,0,0,0
tiny-04425,unresolved,3,3,1,not sampled,0,0,0
tiny-04426,unresolved,4,2,1,not sampled,0,0,0
tiny-04427,unresolved,4,3,1,not sampled,0,0,0
tiny-04428,absent,3,2,1,not sampled,0,0,0
tiny-04429,absent,3,2,1,not sampled,0,0,0
tiny-04430,absent,4,2,1,not sampled,0,0,0
tiny-04431,absent,4,2,1,not sampled,0,0,0
tiny-04432,absent,4,2,1,not sampled,0,0,0
tiny-04433,absent,4,1,1,not sampled,0,0,0
tiny-04434,absent,5,2,1,not sampled,0,0,0
tiny-04435,absent,5,1,1,not sampled,0,0,0
tiny-04436,absent,4,2,1,not sampled,0,0,0
tiny-04437,absent,4,3,1,not sampled,0,0,0
tiny-04438,absent,5,2,1,not sampled,0,0,0
tiny-04439,absent,5,3,1,not sampled,0,0,0
tiny-04440,unresolved,2,1,1,not sampled,0,0,0
tiny-04441,newly_justified,2,1,1,not sampled,0,0,0
tiny-04442,unresolved,3,1,1,not sampled,0,0,0
tiny-04443,newly_justified,3,1,1,not sampled,0,0,0
tiny-04444,unresolved,3,1,1,not sampled,0,0,0
tiny-04445,absent,3,1,1,not sampled,0,0,0
tiny-04446,unresolved,4,1,1,not sampled,0,0,0
tiny-04447,absent,4,1,1,not sampled,0,0,0
tiny-04448,unresolved,3,1,1,not sampled,0,0,0
tiny-04449,newly_justified,3,2,1,not sampled,0,0,0
tiny-04450,unresolved,4,1,1,not sampled,0,0,0
tiny-04451,newly_justified,4,2,1,not sampled,0,0,0
tiny-04452,unresolved,3,2,1,not sampled,0,0,0
tiny-04453,unresolved,3,2,1,not sampled,0,0,0
tiny-04454,unresolved,4,2,1,not sampled,0,0,0
tiny-04455,unresolved,4,2,1,not sampled,0,0,0
tiny-04456,unresolved,4,2,1,not sampled,0,0,0
tiny-04457,absent,4,1,1,not sampled,0,0,0
tiny-04458,unresolved,5,2,1,not sampled,0,0,0
tiny-04459,absent,5,1,1,not sampled,0,0,0
tiny-04460,unresolved,4,2,1,not sampled,0,0,0
tiny-04461,unresolved,4,3,1,not sampled,0,0,0
tiny-04462,unresolved,5,2,1,not sampled,0,0,0
tiny-04463,unresolved,5,3,1,not sampled,0,0,0
tiny-04464,absent,2,2,1,not sampled,0,0,0
tiny-04465,absent,2,1,1,not sampled,0,0,0
tiny-04466,absent,3,2,1,not sampled,0,0,0
tiny-04467,absent,3,1,1,not sampled,0,0,0
tiny-04468,absent,3,2,1,not sampled,0,0,0
tiny-04469,absent,3,1,1,not sampled,0,0,0
tiny-04470,absent,4,2,1,not sampled,0,0,0
tiny-04471,absent,4,1,1,not sampled,0,0,0
tiny-04472,absent,3,2,1,not sampled,0,0,0
tiny-04473,absent,3,2,1,not sampled,0,0,0
tiny-04474,absent,4,2,1,not sampled,0,0,0
tiny-04475,absent,4,2,1,not sampled,0,0,0
tiny-04476,unresolved,1,1,1,not sampled,0,0,0
tiny-04477,absent,1,0,1,not sampled,0,0,0
tiny-04478,unresolved,2,1,1,not sampled,0,0,0
tiny-04479,absent,2,0,1,not sampled,0,0,0
tiny-04480,unresolved,2,1,1,not sampled,0,0,0
tiny-04481,absent,2,1,1,not sampled,0,0,0
tiny-04482,unresolved,3,1,1,not sampled,0,0,0
tiny-04483,absent,3,1,1,not sampled,0,0,0
tiny-04484,unresolved,2,1,1,not sampled,0,0,0
tiny-04485,absent,2,1,1,not sampled,0,0,0
tiny-04486,unresolved,3,1,1,not sampled,0,0,0
tiny-04487,absent,3,1,1,not sampled,0,0,0
tiny-04488,unresolved,2,2,1,not sampled,0,0,0
tiny-04489,absent,2,1,1,not sampled,0,0,0
tiny-04490,unresolved,3,2,1,not sampled,0,0,0
tiny-04491,absent,3,1,1,not sampled,0,0,0
tiny-04492,unresolved,3,2,1,not sampled,0,0,0
tiny-04493,absent,3,1,1,not sampled,0,0,0
tiny-04494,unresolved,4,2,1,not sampled,0,0,0
tiny-04495,absent,4,1,1,not sampled,0,0,0
tiny-04496,unresolved,3,2,1,not sampled,0,0,0
tiny-04497,absent,3,2,1,not sampled,0,0,0
tiny-04498,unresolved,4,2,1,not sampled,0,0,0
tiny-04499,absent,4,2,1,not sampled,0,0,0
tiny-04500,absent,3,2,1,not sampled,0,0,0
tiny-04501,absent,3,2,1,not sampled,0,0,0
tiny-04502,absent,4,2,1,not sampled,0,0,0
tiny-04503,absent,4,2,1,not sampled,0,0,0
tiny-04504,absent,4,2,1,not sampled,0,0,0
tiny-04505,absent,4,1,1,not sampled,0,0,0
tiny-04506,absent,5,2,1,not sampled,0,0,0
tiny-04507,absent,5,1,1,not sampled,0,0,0
tiny-04508,absent,4,2,1,not sampled,0,0,0
tiny-04509,absent,4,3,1,not sampled,0,0,0
tiny-04510,absent,5,2,1,not sampled,0,0,0
tiny-04511,absent,5,3,1,not sampled,0,0,0
tiny-04512,unresolved,2,1,1,not sampled,0,0,0
tiny-04513,unresolved,2,1,1,not sampled,0,0,0
tiny-04514,unresolved,3,1,1,not sampled,0,0,0
tiny-04515,unresolved,3,1,1,not sampled,0,0,0
tiny-04516,unresolved,3,1,1,not sampled,0,0,0
tiny-04517,absent,3,1,1,not sampled,0,0,0
tiny-04518,unresolved,4,1,1,not sampled,0,0,0
tiny-04519,absent,4,1,1,not sampled,0,0,0
tiny-04520,unresolved,3,1,1,not sampled,0,0,0
tiny-04521,unresolved,3,2,1,not sampled,0,0,0
tiny-04522,unresolved,4,1,1,not sampled,0,0,0
tiny-04523,unresolved,4,2,1,not sampled,0,0,0
tiny-04524,unresolved,3,2,1,not sampled,0,0,0
tiny-04525,unresolved,3,2,1,not sampled,0,0,0
tiny-04526,unresolved,4,2,1,not sampled,0,0,0
tiny-04527,unresolved,4,2,1,not sampled,0,0,0
tiny-04528,unresolved,4,2,1,not sampled,0,0,0
tiny-04529,absent,4,1,1,not sampled,0,0,0
tiny-04530,unresolved,5,2,1,not sampled,0,0,0
tiny-04531,absent,5,1,1,not sampled,0,0,0
tiny-04532,unresolved,4,2,1,not sampled,0,0,0
tiny-04533,unresolved,4,3,1,not sampled,0,0,0
tiny-04534,unresolved,5,2,1,not sampled,0,0,0
tiny-04535,unresolved,5,3,1,not sampled,0,0,0
tiny-04536,absent,3,2,1,not sampled,0,0,0
tiny-04537,absent,3,2,1,not sampled,0,0,0
tiny-04538,absent,4,2,1,not sampled,0,0,0
tiny-04539,absent,4,2,1,not sampled,0,0,0
tiny-04540,absent,4,2,1,not sampled,0,0,0
tiny-04541,absent,4,1,1,not sampled,0,0,0
tiny-04542,absent,5,2,1,not sampled,0,0,0
tiny-04543,absent,5,1,1,not sampled,0,0,0
tiny-04544,absent,4,2,1,not sampled,0,0,0
tiny-04545,absent,4,3,1,not sampled,0,0,0
tiny-04546,absent,5,2,1,not sampled,0,0,0
tiny-04547,absent,5,3,1,not sampled,0,0,0
tiny-04548,newly_justified,3,2,1,not sampled,0,0,0
tiny-04549,newly_justified,3,2,1,not sampled,0,0,0
tiny-04550,unresolved,4,2,1,not sampled,0,0,0
tiny-04551,newly_justified,4,2,1,not sampled,0,0,0
tiny-04552,newly_justified,4,2,1,not sampled,0,0,0
tiny-04553,absent,4,1,1,not sampled,0,0,0
tiny-04554,unresolved,5,2,1,not sampled,0,0,0
tiny-04555,absent,5,1,1,not sampled,0,0,0
tiny-04556,newly_justified,4,2,1,not sampled,0,0,0
tiny-04557,newly_justified,4,3,1,not sampled,0,0,0
tiny-04558,unresolved,5,2,1,not sampled,0,0,0
tiny-04559,newly_justified,5,3,1,not sampled,0,0,0
tiny-04560,unresolved,2,1,1,not sampled,0,0,0
tiny-04561,unresolved,2,1,1,not sampled,0,0,0
tiny-04562,unresolved,3,1,1,not sampled,0,0,0
tiny-04563,unresolved,3,1,1,not sampled,0,0,0
tiny-04564,unresolved,3,1,1,not sampled,0,0,0
tiny-04565,absent,3,1,1,not sampled,0,0,0
tiny-04566,unresolved,4,1,1,not sampled,0,0,0
tiny-04567,absent,4,1,1,not sampled,0,0,0
tiny-04568,unresolved,3,1,1,not sampled,0,0,0
tiny-04569,unresolved,3,2,1,not sampled,0,0,0
tiny-04570,unresolved,4,1,1,not sampled,0,0,0
tiny-04571,unresolved,4,2,1,not sampled,0,0,0
tiny-04572,absent,2,2,1,not sampled,0,0,0
tiny-04573,absent,2,1,1,not sampled,0,0,0
tiny-04574,absent,3,2,1,not sampled,0,0,0
tiny-04575,absent,3,1,1,not sampled,0,0,0
tiny-04576,absent,3,2,1,not sampled,0,0,0
tiny-04577,absent,3,1,1,not sampled,0,0,0
tiny-04578,absent,4,2,1,not sampled,0,0,0
tiny-04579,absent,4,1,1,not sampled,0,0,0
tiny-04580,absent,3,2,1,not sampled,0,0,0
tiny-04581,absent,3,2,1,not sampled,0,0,0
tiny-04582,absent,4,2,1,not sampled,0,0,0
tiny-04583,absent,4,2,1,not sampled,0,0,0
tiny-04584,newly_justified,2,2,1,not sampled,0,0,0
tiny-04585,absent,2,1,1,not sampled,0,0,0
tiny-04586,unresolved,3,2,1,not sampled,0,0,0
tiny-04587,absent,3,1,1,not sampled,0,0,0
tiny-04588,newly_justified,3,2,1,not sampled,0,0,0
tiny-04589,absent,3,1,1,not sampled,0,0,0
tiny-04590,unresolved,4,2,1,not sampled,0,0,0
tiny-04591,absent,4,1,1,not sampled,0,0,0
tiny-04592,newly_justified,3,2,1,not sampled,0,0,0
tiny-04593,absent,3,2,1,not sampled,0,0,0
tiny-04594,unresolved,4,2,1,not sampled,0,0,0
tiny-04595,absent,4,2,1,not sampled,0,0,0
tiny-04596,unresolved,1,1,1,not sampled,0,0,0
tiny-04597,absent,1,0,1,not sampled,0,0,0
tiny-04598,unresolved,2,1,1,not sampled,0,0,0
tiny-04599,absent,2,0,1,not sampled,0,0,0
tiny-04600,unresolved,2,1,1,not sampled,0,0,0
tiny-04601,absent,2,1,1,not sampled,0,0,0
tiny-04602,unresolved,3,1,1,not sampled,0,0,0
tiny-04603,absent,3,1,1,not sampled,0,0,0
tiny-04604,unresolved,2,1,1,not sampled,0,0,0
tiny-04605,absent,2,1,1,not sampled,0,0,0
tiny-04606,unresolved,3,1,1,not sampled,0,0,0
tiny-04607,absent,3,1,1,not sampled,0,0,0
tiny-04608,absent,3,2,1,not sampled,0,0,0
tiny-04609,absent,3,2,1,not sampled,0,0,0
tiny-04610,absent,4,2,1,not sampled,0,0,0
tiny-04611,absent,4,2,1,not sampled,0,0,0
tiny-04612,absent,4,2,1,not sampled,0,0,0
tiny-04613,absent,4,1,1,not sampled,0,0,0
tiny-04614,absent,5,2,1,not sampled,0,0,0
tiny-04615,absent,5,1,1,not sampled,0,0,0
tiny-04616,absent,4,2,1,not sampled,0,0,0
tiny-04617,absent,4,3,1,not sampled,0,0,0
tiny-04618,absent,5,2,1,not sampled,0,0,0
tiny-04619,absent,5,3,1,not sampled,0,0,0
tiny-04620,newly_justified,3,2,1,not sampled,0,0,0
tiny-04621,unresolved,3,2,1,not sampled,0,0,0
tiny-04622,unresolved,4,2,1,not sampled,0,0,0
tiny-04623,unresolved,4,2,1,not sampled,0,0,0
tiny-04624,newly_justified,4,2,1,not sampled,0,0,0
tiny-04625,absent,4,1,1,not sampled,0,0,0
tiny-04626,unresolved,5,2,1,not sampled,0,0,0
tiny-04627,absent,5,1,1,not sampled,0,0,0
tiny-04628,newly_justified,4,2,1,not sampled,0,0,0
tiny-04629,unresolved,4,3,1,not sampled,0,0,0
tiny-04630,unresolved,5,2,1,not sampled,0,0,0
tiny-04631,unresolved,5,3,1,not sampled,0,0,0
tiny-04632,unresolved,2,1,1,not sampled,0,0,0
tiny-04633,unresolved,2,1,1,not sampled,0,0,0
tiny-04634,unresolved,3,1,1,not sampled,0,0,0
tiny-04635,unresolved,3,1,1,not sampled,0,0,0
tiny-04636,unresolved,3,1,1,not sampled,0,0,0
tiny-04637,absent,3,1,1,not sampled,0,0,0
tiny-04638,unresolved,4,1,1,not sampled,0,0,0
tiny-04639,absent,4,1,1,not sampled,0,0,0
tiny-04640,unresolved,3,1,1,not sampled,0,0,0
tiny-04641,unresolved,3,2,1,not sampled,0,0,0
tiny-04642,unresolved,4,1,1,not sampled,0,0,0
tiny-04643,unresolved,4,2,1,not sampled,0,0,0
tiny-04644,absent,2,1,1,not sampled,0,0,0
tiny-04645,absent,2,2,1,not sampled,0,0,0
tiny-04646,absent,3,2,1,not sampled,0,0,0
tiny-04647,absent,3,2,1,not sampled,0,0,0
tiny-04648,absent,3,1,1,not sampled,0,0,0
tiny-04649,absent,3,1,1,not sampled,0,0,0
tiny-04650,absent,4,2,1,not sampled,0,0,0
tiny-04651,absent,4,1,1,not sampled,0,0,0
tiny-04652,absent,3,1,1,not sampled,0,0,0
tiny-04653,absent,3,3,1,not sampled,0,0,0
tiny-04654,absent,4,2,1,not sampled,0,0,0
tiny-04655,absent,4,3,1,not sampled,0,0,0
tiny-04656,absent,2,1,1,not sampled,0,0,0
tiny-04657,newly_justified,2,2,1,not sampled,0,0,0
tiny-04658,unresolved,3,2,1,not sampled,0,0,0
tiny-04659,newly_justified,3,2,1,not sampled,0,0,0
tiny-04660,absent,3,1,1,not sampled,0,0,0
tiny-04661,absent,3,1,1,not sampled,0,0,0
tiny-04662,unresolved,4,2,1,not sampled,0,0,0
tiny-04663,absent,4,1,1,not sampled,0,0,0
tiny-04664,absent,3,1,1,not sampled,0,0,0
tiny-04665,newly_justified,3,3,1,not sampled,0,0,0
tiny-04666,unresolved,4,2,1,not sampled,0,0,0
tiny-04667,newly_justified,4,3,1,not sampled,0,0,0
tiny-04668,absent,1,0,1,not sampled,0,0,0
tiny-04669,unresolved,1,1,1,not sampled,0,0,0
tiny-04670,unresolved,2,1,1,not sampled,0,0,0
tiny-04671,unresolved,2,1,1,not sampled,0,0,0
tiny-04672,absent,2,0,1,not sampled,0,0,0
tiny-04673,absent,2,1,1,not sampled,0,0,0
tiny-04674,unresolved,3,1,1,not sampled,0,0,0
tiny-04675,absent,3,1,1,not sampled,0,0,0
tiny-04676,absent,2,0,1,not sampled,0,0,0
tiny-04677,unresolved,2,2,1,not sampled,0,0,0
tiny-04678,unresolved,3,1,1,not sampled,0,0,0
tiny-04679,unresolved,3,2,1,not sampled,0,0,0
tiny-04680,absent,1,1,1,not sampled,0,0,0
tiny-04681,absent,1,1,1,not sampled,0,0,0
tiny-04682,absent,2,2,1,not sampled,0,0,0
tiny-04683,absent,2,1,1,not sampled,0,0,0
tiny-04684,absent,2,1,1,not sampled,0,0,0
tiny-04685,absent,2,1,1,not sampled,0,0,0
tiny-04686,absent,3,2,1,not sampled,0,0,0
tiny-04687,absent,3,1,1,not sampled,0,0,0
tiny-04688,absent,2,1,1,not sampled,0,0,0
tiny-04689,absent,2,2,1,not sampled,0,0,0
tiny-04690,absent,3,2,1,not sampled,0,0,0
tiny-04691,absent,3,2,1,not sampled,0,0,0
tiny-04692,absent,1,1,1,not sampled,0,0,0
tiny-04693,absent,1,1,1,not sampled,0,0,0
tiny-04694,unresolved,2,2,1,not sampled,0,0,0
tiny-04695,absent,2,1,1,not sampled,0,0,0
tiny-04696,absent,2,1,1,not sampled,0,0,0
tiny-04697,absent,2,1,1,not sampled,0,0,0
tiny-04698,unresolved,3,2,1,not sampled,0,0,0
tiny-04699,absent,3,1,1,not sampled,0,0,0
tiny-04700,absent,2,1,1,not sampled,0,0,0
tiny-04701,absent,2,2,1,not sampled,0,0,0
tiny-04702,unresolved,3,2,1,not sampled,0,0,0
tiny-04703,absent,3,2,1,not sampled,0,0,0
tiny-04704,absent,0,0,1,not sampled,0,0,0
tiny-04705,absent,0,0,1,not sampled,0,0,0
tiny-04706,unresolved,1,1,1,not sampled,0,0,0
tiny-04707,absent,1,0,1,not sampled,0,0,0
tiny-04708,absent,1,0,1,not sampled,0,0,0
tiny-04709,absent,1,1,1,not sampled,0,0,0
tiny-04710,unresolved,2,1,1,not sampled,0,0,0
tiny-04711,absent,2,1,1,not sampled,0,0,0
tiny-04712,absent,1,0,1,not sampled,0,0,0
tiny-04713,absent,1,1,1,not sampled,0,0,0
tiny-04714,unresolved,2,1,1,not sampled,0,0,0
tiny-04715,absent,2,1,1,not sampled,0,0,0
tiny-04716,absent,2,1,1,not sampled,0,0,0
tiny-04717,absent,2,2,1,not sampled,0,0,0
tiny-04718,absent,3,2,1,not sampled,0,0,0
tiny-04719,absent,3,2,1,not sampled,0,0,0
tiny-04720,absent,3,1,1,not sampled,0,0,0
tiny-04721,absent,3,1,1,not sampled,0,0,0
tiny-04722,absent,4,2,1,not sampled,0,0,0
tiny-04723,absent,4,1,1,not sampled,0,0,0
tiny-04724,absent,3,1,1,not sampled,0,0,0
tiny-04725,absent,3,3,1,not sampled,0,0,0
tiny-04726,absent,4,2,1,not sampled,0,0,0
tiny-04727,absent,4,3,1,not sampled,0,0,0
tiny-04728,absent,2,1,1,not sampled,0,0,0
tiny-04729,unresolved,2,2,1,not sampled,0,0,0
tiny-04730,unresolved,3,2,1,not sampled,0,0,0
tiny-04731,unresolved,3,2,1,not sampled,0,0,0
tiny-04732,absent,3,1,1,not sampled,0,0,0
tiny-04733,absent,3,1,1,not sampled,0,0,0
tiny-04734,unresolved,4,2,1,not sampled,0,0,0
tiny-04735,absent,4,1,1,not sampled,0,0,0
tiny-04736,absent,3,1,1,not sampled,0,0,0
tiny-04737,unresolved,3,3,1,not sampled,0,0,0
tiny-04738,unresolved,4,2,1,not sampled,0,0,0
tiny-04739,unresolved,4,3,1,not sampled,0,0,0
tiny-04740,absent,1,0,1,not sampled,0,0,0
tiny-04741,unresolved,1,1,1,not sampled,0,0,0
tiny-04742,unresolved,2,1,1,not sampled,0,0,0
tiny-04743,unresolved,2,1,1,not sampled,0,0,0
tiny-04744,absent,2,0,1,not sampled,0,0,0
tiny-04745,absent,2,1,1,not sampled,0,0,0
tiny-04746,unresolved,3,1,1,not sampled,0,0,0
tiny-04747,absent,3,1,1,not sampled,0,0,0
tiny-04748,absent,2,0,1,not sampled,0,0,0
tiny-04749,unresolved,2,2,1,not sampled,0,0,0
tiny-04750,unresolved,3,1,1,not sampled,0,0,0
tiny-04751,unresolved,3,2,1,not sampled,0,0,0
tiny-04752,absent,3,2,1,not sampled,0,0,0
tiny-04753,absent,3,2,1,not sampled,0,0,0
tiny-04754,absent,4,2,1,not sampled,0,0,0
tiny-04755,absent,4,2,1,not sampled,0,0,0
tiny-04756,absent,4,2,1,not sampled,0,0,0
tiny-04757,absent,4,1,1,not sampled,0,0,0
tiny-04758,absent,5,2,1,not sampled,0,0,0
tiny-04759,absent,5,1,1,not sampled,0,0,0
tiny-04760,absent,4,2,1,not sampled,0,0,0
tiny-04761,absent,4,3,1,not sampled,0,0,0
tiny-04762,absent,5,2,1,not sampled,0,0,0
tiny-04763,absent,5,3,1,not sampled,0,0,0
tiny-04764,unresolved,3,2,1,not sampled,0,0,0
tiny-04765,newly_justified,3,2,1,not sampled,0,0,0
tiny-04766,unresolved,4,2,1,not sampled,0,0,0
tiny-04767,newly_justified,4,2,1,not sampled,0,0,0
tiny-04768,unresolved,4,2,1,not sampled,0,0,0
tiny-04769,absent,4,1,1,not sampled,0,0,0
tiny-04770,unresolved,5,2,1,not sampled,0,0,0
tiny-04771,absent,5,1,1,not sampled,0,0,0
tiny-04772,unresolved,4,2,1,not sampled,0,0,0
tiny-04773,newly_justified,4,3,1,not sampled,0,0,0
tiny-04774,unresolved,5,2,1,not sampled,0,0,0
tiny-04775,newly_justified,5,3,1,not sampled,0,0,0
tiny-04776,unresolved,2,1,1,not sampled,0,0,0
tiny-04777,unresolved,2,1,1,not sampled,0,0,0
tiny-04778,unresolved,3,1,1,not sampled,0,0,0
tiny-04779,unresolved,3,1,1,not sampled,0,0,0
tiny-04780,unresolved,3,1,1,not sampled,0,0,0
tiny-04781,absent,3,1,1,not sampled,0,0,0
tiny-04782,unresolved,4,1,1,not sampled,0,0,0
tiny-04783,absent,4,1,1,not sampled,0,0,0
tiny-04784,unresolved,3,1,1,not sampled,0,0,0
tiny-04785,unresolved,3,2,1,not sampled,0,0,0
tiny-04786,unresolved,4,1,1,not sampled,0,0,0
tiny-04787,unresolved,4,2,1,not sampled,0,0,0
tiny-04788,absent,2,2,1,not sampled,0,0,0
tiny-04789,absent,2,1,1,not sampled,0,0,0
tiny-04790,absent,3,2,1,not sampled,0,0,0
tiny-04791,absent,3,1,1,not sampled,0,0,0
tiny-04792,absent,3,2,1,not sampled,0,0,0
tiny-04793,absent,3,1,1,not sampled,0,0,0
tiny-04794,absent,4,2,1,not sampled,0,0,0
tiny-04795,absent,4,1,1,not sampled,0,0,0
tiny-04796,absent,3,2,1,not sampled,0,0,0
tiny-04797,absent,3,2,1,not sampled,0,0,0
tiny-04798,absent,4,2,1,not sampled,0,0,0
tiny-04799,absent,4,2,1,not sampled,0,0,0
tiny-04800,unresolved,2,2,1,not sampled,0,0,0
tiny-04801,absent,2,1,1,not sampled,0,0,0
tiny-04802,unresolved,3,2,1,not sampled,0,0,0
tiny-04803,absent,3,1,1,not sampled,0,0,0
tiny-04804,unresolved,3,2,1,not sampled,0,0,0
tiny-04805,absent,3,1,1,not sampled,0,0,0
tiny-04806,unresolved,4,2,1,not sampled,0,0,0
tiny-04807,absent,4,1,1,not sampled,0,0,0
tiny-04808,unresolved,3,2,1,not sampled,0,0,0
tiny-04809,absent,3,2,1,not sampled,0,0,0
tiny-04810,unresolved,4,2,1,not sampled,0,0,0
tiny-04811,absent,4,2,1,not sampled,0,0,0
tiny-04812,unresolved,1,1,1,not sampled,0,0,0
tiny-04813,absent,1,0,1,not sampled,0,0,0
tiny-04814,unresolved,2,1,1,not sampled,0,0,0
tiny-04815,absent,2,0,1,not sampled,0,0,0
tiny-04816,unresolved,2,1,1,not sampled,0,0,0
tiny-04817,absent,2,1,1,not sampled,0,0,0
tiny-04818,unresolved,3,1,1,not sampled,0,0,0
tiny-04819,absent,3,1,1,not sampled,0,0,0
tiny-04820,unresolved,2,1,1,not sampled,0,0,0
tiny-04821,absent,2,1,1,not sampled,0,0,0
tiny-04822,unresolved,3,1,1,not sampled,0,0,0
tiny-04823,absent,3,1,1,not sampled,0,0,0
tiny-04824,absent,3,2,1,not sampled,0,0,0
tiny-04825,absent,3,2,1,not sampled,0,0,0
tiny-04826,absent,4,2,1,not sampled,0,0,0
tiny-04827,absent,4,2,1,not sampled,0,0,0
tiny-04828,absent,4,2,1,not sampled,0,0,0
tiny-04829,absent,4,1,1,not sampled,0,0,0
tiny-04830,absent,5,2,1,not sampled,0,0,0
tiny-04831,absent,5,1,1,not sampled,0,0,0
tiny-04832,absent,4,2,1,not sampled,0,0,0
tiny-04833,absent,4,3,1,not sampled,0,0,0
tiny-04834,absent,5,2,1,not sampled,0,0,0
tiny-04835,absent,5,3,1,not sampled,0,0,0
tiny-04836,unresolved,3,2,1,not sampled,0,0,0
tiny-04837,unresolved,3,2,1,not sampled,0,0,0
tiny-04838,unresolved,4,2,1,not sampled,0,0,0
tiny-04839,unresolved,4,2,1,not sampled,0,0,0
tiny-04840,unresolved,4,2,1,not sampled,0,0,0
tiny-04841,absent,4,1,1,not sampled,0,0,0
tiny-04842,unresolved,5,2,1,not sampled,0,0,0
tiny-04843,absent,5,1,1,not sampled,0,0,0
tiny-04844,unresolved,4,2,1,not sampled,0,0,0
tiny-04845,unresolved,4,3,1,not sampled,0,0,0
tiny-04846,unresolved,5,2,1,not sampled,0,0,0
tiny-04847,unresolved,5,3,1,not sampled,0,0,0
tiny-04848,unresolved,2,1,1,not sampled,0,0,0
tiny-04849,unresolved,2,1,1,not sampled,0,0,0
tiny-04850,unresolved,3,1,1,not sampled,0,0,0
tiny-04851,unresolved,3,1,1,not sampled,0,0,0
tiny-04852,unresolved,3,1,1,not sampled,0,0,0
tiny-04853,absent,3,1,1,not sampled,0,0,0
tiny-04854,unresolved,4,1,1,not sampled,0,0,0
tiny-04855,absent,4,1,1,not sampled,0,0,0
tiny-04856,unresolved,3,1,1,not sampled,0,0,0
tiny-04857,unresolved,3,2,1,not sampled,0,0,0
tiny-04858,unresolved,4,1,1,not sampled,0,0,0
tiny-04859,unresolved,4,2,1,not sampled,0,0,0
tiny-04860,absent,2,1,1,not sampled,0,0,0
tiny-04861,absent,2,1,1,not sampled,0,0,0
tiny-04862,absent,3,1,1,not sampled,0,0,0
tiny-04863,absent,3,1,1,not sampled,0,0,0
tiny-04864,absent,3,1,1,not sampled,0,0,0
tiny-04865,absent,3,1,1,not sampled,0,0,0
tiny-04866,absent,4,1,1,not sampled,0,0,0
tiny-04867,absent,4,1,1,not sampled,0,0,0
tiny-04868,absent,3,1,1,not sampled,0,0,0
tiny-04869,absent,3,2,1,not sampled,0,0,0
tiny-04870,absent,4,1,1,not sampled,0,0,0
tiny-04871,absent,4,2,1,not sampled,0,0,0
tiny-04872,newly_justified,3,2,1,not sampled,0,0,0
tiny-04873,newly_justified,3,2,1,not sampled,0,0,0
tiny-04874,unresolved,4,2,1,not sampled,0,0,0
tiny-04875,newly_justified,4,2,1,not sampled,0,0,0
tiny-04876,newly_justified,4,2,1,not sampled,0,0,0
tiny-04877,absent,4,1,1,not sampled,0,0,0
tiny-04878,unresolved,5,2,1,not sampled,0,0,0
tiny-04879,absent,5,1,1,not sampled,0,0,0
tiny-04880,newly_justified,4,2,1,not sampled,0,0,0
tiny-04881,newly_justified,4,3,1,not sampled,0,0,0
tiny-04882,unresolved,5,2,1,not sampled,0,0,0
tiny-04883,newly_justified,5,3,1,not sampled,0,0,0
tiny-04884,unresolved,3,2,1,not sampled,0,0,0
tiny-04885,unresolved,3,2,1,not sampled,0,0,0
tiny-04886,unresolved,4,2,1,not sampled,0,0,0
tiny-04887,unresolved,4,2,1,not sampled,0,0,0
tiny-04888,unresolved,4,2,1,not sampled,0,0,0
tiny-04889,absent,4,1,1,not sampled,0,0,0
tiny-04890,unresolved,5,2,1,not sampled,0,0,0
tiny-04891,absent,5,1,1,not sampled,0,0,0
tiny-04892,unresolved,4,2,1,not sampled,0,0,0
tiny-04893,unresolved,4,3,1,not sampled,0,0,0
tiny-04894,unresolved,5,2,1,not sampled,0,0,0
tiny-04895,unresolved,5,3,1,not sampled,0,0,0
tiny-04896,absent,2,1,1,not sampled,0,0,0
tiny-04897,absent,2,1,1,not sampled,0,0,0
tiny-04898,absent,3,1,1,not sampled,0,0,0
tiny-04899,absent,3,1,1,not sampled,0,0,0
tiny-04900,absent,3,1,1,not sampled,0,0,0
tiny-04901,absent,3,1,1,not sampled,0,0,0
tiny-04902,absent,4,1,1,not sampled,0,0,0
tiny-04903,absent,4,1,1,not sampled,0,0,0
tiny-04904,absent,3,1,1,not sampled,0,0,0
tiny-04905,absent,3,2,1,not sampled,0,0,0
tiny-04906,absent,4,1,1,not sampled,0,0,0
tiny-04907,absent,4,2,1,not sampled,0,0,0
tiny-04908,newly_justified,3,2,1,not sampled,0,0,0
tiny-04909,absent,3,2,1,not sampled,0,0,0
tiny-04910,unresolved,4,2,1,not sampled,0,0,0
tiny-04911,absent,4,2,1,not sampled,0,0,0
tiny-04912,newly_justified,4,2,1,not sampled,0,0,0
tiny-04913,absent,4,1,1,not sampled,0,0,0
tiny-04914,unresolved,5,2,1,not sampled,0,0,0
tiny-04915,absent,5,1,1,not sampled,0,0,0
tiny-04916,newly_justified,4,2,1,not sampled,0,0,0
tiny-04917,absent,4,3,1,not sampled,0,0,0
tiny-04918,unresolved,5,2,1,not sampled,0,0,0
tiny-04919,absent,5,3,1,not sampled,0,0,0
tiny-04920,unresolved,3,2,1,not sampled,0,0,0
tiny-04921,absent,3,2,1,not sampled,0,0,0
tiny-04922,unresolved,4,2,1,not sampled,0,0,0
tiny-04923,absent,4,2,1,not sampled,0,0,0
tiny-04924,unresolved,4,2,1,not sampled,0,0,0
tiny-04925,absent,4,1,1,not sampled,0,0,0
tiny-04926,unresolved,5,2,1,not sampled,0,0,0
tiny-04927,absent,5,1,1,not sampled,0,0,0
tiny-04928,unresolved,4,2,1,not sampled,0,0,0
tiny-04929,absent,4,3,1,not sampled,0,0,0
tiny-04930,unresolved,5,2,1,not sampled,0,0,0
tiny-04931,absent,5,3,1,not sampled,0,0,0
tiny-04932,absent,1,1,1,not sampled,0,0,0
tiny-04933,absent,1,0,1,not sampled,0,0,0
tiny-04934,absent,2,1,1,not sampled,0,0,0
tiny-04935,absent,2,0,1,not sampled,0,0,0
tiny-04936,absent,2,1,1,not sampled,0,0,0
tiny-04937,absent,2,1,1,not sampled,0,0,0
tiny-04938,absent,3,1,1,not sampled,0,0,0
tiny-04939,absent,3,1,1,not sampled,0,0,0
tiny-04940,absent,2,1,1,not sampled,0,0,0
tiny-04941,absent,2,1,1,not sampled,0,0,0
tiny-04942,absent,3,1,1,not sampled,0,0,0
tiny-04943,absent,3,1,1,not sampled,0,0,0
tiny-04944,newly_justified,2,2,1,not sampled,0,0,0
tiny-04945,unresolved,2,1,1,not sampled,0,0,0
tiny-04946,unresolved,3,2,1,not sampled,0,0,0
tiny-04947,unresolved,3,1,1,not sampled,0,0,0
tiny-04948,newly_justified,3,2,1,not sampled,0,0,0
tiny-04949,absent,3,1,1,not sampled,0,0,0
tiny-04950,unresolved,4,2,1,not sampled,0,0,0
tiny-04951,absent,4,1,1,not sampled,0,0,0
tiny-04952,newly_justified,3,2,1,not sampled,0,0,0
tiny-04953,unresolved,3,2,1,not sampled,0,0,0
tiny-04954,unresolved,4,2,1,not sampled,0,0,0
tiny-04955,unresolved,4,2,1,not sampled,0,0,0
tiny-04956,unresolved,2,2,1,not sampled,0,0,0
tiny-04957,unresolved,2,1,1,not sampled,0,0,0
tiny-04958,unresolved,3,2,1,not sampled,0,0,0
tiny-04959,unresolved,3,1,1,not sampled,0,0,0
tiny-04960,unresolved,3,2,1,not sampled,0,0,0
tiny-04961,absent,3,1,1,not sampled,0,0,0
tiny-04962,unresolved,4,2,1,not sampled,0,0,0
tiny-04963,absent,4,1,1,not sampled,0,0,0
tiny-04964,unresolved,3,2,1,not sampled,0,0,0
tiny-04965,unresolved,3,2,1,not sampled,0,0,0
tiny-04966,unresolved,4,2,1,not sampled,0,0,0
tiny-04967,unresolved,4,2,1,not sampled,0,0,0
tiny-04968,absent,1,0,1,not sampled,0,0,0
tiny-04969,absent,1,1,1,not sampled,0,0,0
tiny-04970,absent,2,1,1,not sampled,0,0,0
tiny-04971,absent,2,1,1,not sampled,0,0,0
tiny-04972,absent,2,0,1,not sampled,0,0,0
tiny-04973,absent,2,1,1,not sampled,0,0,0
tiny-04974,absent,3,1,1,not sampled,0,0,0
tiny-04975,absent,3,1,1,not sampled,0,0,0
tiny-04976,absent,2,0,1,not sampled,0,0,0
tiny-04977,absent,2,2,1,not sampled,0,0,0
tiny-04978,absent,3,1,1,not sampled,0,0,0
tiny-04979,absent,3,2,1,not sampled,0,0,0
tiny-04980,absent,2,1,1,not sampled,0,0,0
tiny-04981,newly_justified,2,2,1,not sampled,0,0,0
tiny-04982,unresolved,3,2,1,not sampled,0,0,0
tiny-04983,newly_justified,3,2,1,not sampled,0,0,0
tiny-04984,absent,3,1,1,not sampled,0,0,0
tiny-04985,absent,3,1,1,not sampled,0,0,0
tiny-04986,unresolved,4,2,1,not sampled,0,0,0
tiny-04987,absent,4,1,1,not sampled,0,0,0
tiny-04988,absent,3,1,1,not sampled,0,0,0
tiny-04989,newly_justified,3,3,1,not sampled,0,0,0
tiny-04990,unresolved,4,2,1,not sampled,0,0,0
tiny-04991,newly_justified,4,3,1,not sampled,0,0,0
tiny-04992,absent,2,1,1,not sampled,0,0,0
tiny-04993,unresolved,2,2,1,not sampled,0,0,0
tiny-04994,unresolved,3,2,1,not sampled,0,0,0
tiny-04995,unresolved,3,2,1,not sampled,0,0,0
tiny-04996,absent,3,1,1,not sampled,0,0,0
tiny-04997,absent,3,1,1,not sampled,0,0,0
tiny-04998,unresolved,4,2,1,not sampled,0,0,0
tiny-04999,absent,4,1,1,not sampled,0,0,0
tiny-05000,absent,3,1,1,not sampled,0,0,0
tiny-05001,unresolved,3,3,1,not sampled,0,0,0
tiny-05002,unresolved,4,2,1,not sampled,0,0,0
tiny-05003,unresolved,4,3,1,not sampled,0,0,0
tiny-05004,absent,1,0,1,not sampled,0,0,0
tiny-05005,absent,1,1,1,not sampled,0,0,0
tiny-05006,absent,2,1,1,not sampled,0,0,0
tiny-05007,absent,2,1,1,not sampled,0,0,0
tiny-05008,absent,2,0,1,not sampled,0,0,0
tiny-05009,absent,2,1,1,not sampled,0,0,0
tiny-05010,absent,3,1,1,not sampled,0,0,0
tiny-05011,absent,3,1,1,not sampled,0,0,0
tiny-05012,absent,2,0,1,not sampled,0,0,0
tiny-05013,absent,2,2,1,not sampled,0,0,0
tiny-05014,absent,3,1,1,not sampled,0,0,0
tiny-05015,absent,3,2,1,not sampled,0,0,0
tiny-05016,absent,2,1,1,not sampled,0,0,0
tiny-05017,absent,2,2,1,not sampled,0,0,0
tiny-05018,unresolved,3,2,1,not sampled,0,0,0
tiny-05019,absent,3,2,1,not sampled,0,0,0
tiny-05020,absent,3,1,1,not sampled,0,0,0
tiny-05021,absent,3,1,1,not sampled,0,0,0
tiny-05022,unresolved,4,2,1,not sampled,0,0,0
tiny-05023,absent,4,1,1,not sampled,0,0,0
tiny-05024,absent,3,1,1,not sampled,0,0,0
tiny-05025,absent,3,3,1,not sampled,0,0,0
tiny-05026,unresolved,4,2,1,not sampled,0,0,0
tiny-05027,absent,4,3,1,not sampled,0,0,0
tiny-05028,absent,2,1,1,not sampled,0,0,0
tiny-05029,absent,2,2,1,not sampled,0,0,0
tiny-05030,unresolved,3,2,1,not sampled,0,0,0
tiny-05031,absent,3,2,1,not sampled,0,0,0
tiny-05032,absent,3,1,1,not sampled,0,0,0
tiny-05033,absent,3,1,1,not sampled,0,0,0
tiny-05034,unresolved,4,2,1,not sampled,0,0,0
tiny-05035,absent,4,1,1,not sampled,0,0,0
tiny-05036,absent,3,1,1,not sampled,0,0,0
tiny-05037,absent,3,3,1,not sampled,0,0,0
tiny-05038,unresolved,4,2,1,not sampled,0,0,0
tiny-05039,absent,4,3,1,not sampled,0,0,0
tiny-05040,absent,0,0,1,not sampled,0,0,0
tiny-05041,absent,0,0,1,not sampled,0,0,0
tiny-05042,absent,1,1,1,not sampled,0,0,0
tiny-05043,absent,1,0,1,not sampled,0,0,0
tiny-05044,absent,1,0,1,not sampled,0,0,0
tiny-05045,absent,1,1,1,not sampled,0,0,0
tiny-05046,absent,2,1,1,not sampled,0,0,0
tiny-05047,absent,2,1,1,not sampled,0,0,0
tiny-05048,absent,1,0,1,not sampled,0,0,0
tiny-05049,absent,1,1,1,not sampled,0,0,0
tiny-05050,absent,2,1,1,not sampled,0,0,0
tiny-05051,absent,2,1,1,not sampled,0,0,0
tiny-05052,absent,1,1,1,not sampled,0,0,0
tiny-05053,unresolved,1,1,1,not sampled,0,0,0
tiny-05054,unresolved,2,2,1,not sampled,0,0,0
tiny-05055,unresolved,2,1,1,not sampled,0,0,0
tiny-05056,absent,2,1,1,not sampled,0,0,0
tiny-05057,absent,2,1,1,not sampled,0,0,0
tiny-05058,unresolved,3,2,1,not sampled,0,0,0
tiny-05059,absent,3,1,1,not sampled,0,0,0
tiny-05060,absent,2,1,1,not sampled,0,0,0
tiny-05061,unresolved,2,2,1,not sampled,0,0,0
tiny-05062,unresolved,3,2,1,not sampled,0,0,0
tiny-05063,unresolved,3,2,1,not sampled,0,0,0
tiny-05064,absent,1,1,1,not sampled,0,0,0
tiny-05065,unresolved,1,1,1,not sampled,0,0,0
tiny-05066,unresolved,2,2,1,not sampled,0,0,0
tiny-05067,unresolved,2,1,1,not sampled,0,0,0
tiny-05068,absent,2,1,1,not sampled,0,0,0
tiny-05069,absent,2,1,1,not sampled,0,0,0
tiny-05070,unresolved,3,2,1,not sampled,0,0,0
tiny-05071,absent,3,1,1,not sampled,0,0,0
tiny-05072,absent,2,1,1,not sampled,0,0,0
tiny-05073,unresolved,2,2,1,not sampled,0,0,0
tiny-05074,unresolved,3,2,1,not sampled,0,0,0
tiny-05075,unresolved,3,2,1,not sampled,0,0,0
tiny-05076,absent,2,1,1,not sampled,0,0,0
tiny-05077,absent,2,1,1,not sampled,0,0,0
tiny-05078,absent,3,1,1,not sampled,0,0,0
tiny-05079,absent,3,1,1,not sampled,0,0,0
tiny-05080,absent,3,1,1,not sampled,0,0,0
tiny-05081,absent,3,1,1,not sampled,0,0,0
tiny-05082,absent,4,1,1,not sampled,0,0,0
tiny-05083,absent,4,1,1,not sampled,0,0,0
tiny-05084,absent,3,1,1,not sampled,0,0,0
tiny-05085,absent,3,2,1,not sampled,0,0,0
tiny-05086,absent,4,1,1,not sampled,0,0,0
tiny-05087,absent,4,2,1,not sampled,0,0,0
tiny-05088,unresolved,3,2,1,not sampled,0,0,0
tiny-05089,newly_justified,3,2,1,not sampled,0,0,0
tiny-05090,unresolved,4,2,1,not sampled,0,0,0
tiny-05091,newly_justified,4,2,1,not sampled,0,0,0
tiny-05092,unresolved,4,2,1,not sampled,0,0,0
tiny-05093,absent,4,1,1,not sampled,0,0,0
tiny-05094,unresolved,5,2,1,not sampled,0,0,0
tiny-05095,absent,5,1,1,not sampled,0,0,0
tiny-05096,unresolved,4,2,1,not sampled,0,0,0
tiny-05097,newly_justified,4,3,1,not sampled,0,0,0
tiny-05098,unresolved,5,2,1,not sampled,0,0,0
tiny-05099,newly_justified,5,3,1,not sampled,0,0,0
tiny-05100,unresolved,3,2,1,not sampled,0,0,0
tiny-05101,unresolved,3,2,1,not sampled,0,0,0
tiny-05102,unresolved,4,2,1,not sampled,0,0,0
tiny-05103,unresolved,4,2,1,not sampled,0,0,0
tiny-05104,unresolved,4,2,1,not sampled,0,0,0
tiny-05105,absent,4,1,1,not sampled,0,0,0
tiny-05106,unresolved,5,2,1,not sampled,0,0,0
tiny-05107,absent,5,1,1,not sampled,0,0,0
tiny-05108,unresolved,4,2,1,not sampled,0,0,0
tiny-05109,unresolved,4,3,1,not sampled,0,0,0
tiny-05110,unresolved,5,2,1,not sampled,0,0,0
tiny-05111,unresolved,5,3,1,not sampled,0,0,0
tiny-05112,absent,2,1,1,not sampled,0,0,0
tiny-05113,absent,2,1,1,not sampled,0,0,0
tiny-05114,absent,3,1,1,not sampled,0,0,0
tiny-05115,absent,3,1,1,not sampled,0,0,0
tiny-05116,absent,3,1,1,not sampled,0,0,0
tiny-05117,absent,3,1,1,not sampled,0,0,0
tiny-05118,absent,4,1,1,not sampled,0,0,0
tiny-05119,absent,4,1,1,not sampled,0,0,0
tiny-05120,absent,3,1,1,not sampled,0,0,0
tiny-05121,absent,3,2,1,not sampled,0,0,0
tiny-05122,absent,4,1,1,not sampled,0,0,0
tiny-05123,absent,4,2,1,not sampled,0,0,0
tiny-05124,unresolved,3,2,1,not sampled,0,0,0
tiny-05125,absent,3,2,1,not sampled,0,0,0
tiny-05126,unresolved,4,2,1,not sampled,0,0,0
tiny-05127,absent,4,2,1,not sampled,0,0,0
tiny-05128,unresolved,4,2,1,not sampled,0,0,0
tiny-05129,absent,4,1,1,not sampled,0,0,0
tiny-05130,unresolved,5,2,1,not sampled,0,0,0
tiny-05131,absent,5,1,1,not sampled,0,0,0
tiny-05132,unresolved,4,2,1,not sampled,0,0,0
tiny-05133,absent,4,3,1,not sampled,0,0,0
tiny-05134,unresolved,5,2,1,not sampled,0,0,0
tiny-05135,absent,5,3,1,not sampled,0,0,0
tiny-05136,unresolved,3,2,1,not sampled,0,0,0
tiny-05137,absent,3,2,1,not sampled,0,0,0
tiny-05138,unresolved,4,2,1,not sampled,0,0,0
tiny-05139,absent,4,2,1,not sampled,0,0,0
tiny-05140,unresolved,4,2,1,not sampled,0,0,0
tiny-05141,absent,4,1,1,not sampled,0,0,0
tiny-05142,unresolved,5,2,1,not sampled,0,0,0
tiny-05143,absent,5,1,1,not sampled,0,0,0
tiny-05144,unresolved,4,2,1,not sampled,0,0,0
tiny-05145,absent,4,3,1,not sampled,0,0,0
tiny-05146,unresolved,5,2,1,not sampled,0,0,0
tiny-05147,absent,5,3,1,not sampled,0,0,0
tiny-05148,absent,1,1,1,not sampled,0,0,0
tiny-05149,absent,1,0,1,not sampled,0,0,0
tiny-05150,absent,2,1,1,not sampled,0,0,0
tiny-05151,absent,2,0,1,not sampled,0,0,0
tiny-05152,absent,2,1,1,not sampled,0,0,0
tiny-05153,absent,2,1,1,not sampled,0,0,0
tiny-05154,absent,3,1,1,not sampled,0,0,0
tiny-05155,absent,3,1,1,not sampled,0,0,0
tiny-05156,absent,2,1,1,not sampled,0,0,0
tiny-05157,absent,2,1,1,not sampled,0,0,0
tiny-05158,absent,3,1,1,not sampled,0,0,0
tiny-05159,absent,3,1,1,not sampled,0,0,0
tiny-05160,unresolved,2,2,1,not sampled,0,0,0
tiny-05161,unresolved,2,1,1,not sampled,0,0,0
tiny-05162,unresolved,3,2,1,not sampled,0,0,0
tiny-05163,unresolved,3,1,1,not sampled,0,0,0
tiny-05164,unresolved,3,2,1,not sampled,0,0,0
tiny-05165,absent,3,1,1,not sampled,0,0,0
tiny-05166,unresolved,4,2,1,not sampled,0,0,0
tiny-05167,absent,4,1,1,not sampled,0,0,0
tiny-05168,unresolved,3,2,1,not sampled,0,0,0
tiny-05169,unresolved,3,2,1,not sampled,0,0,0
tiny-05170,unresolved,4,2,1,not sampled,0,0,0
tiny-05171,unresolved,4,2,1,not sampled,0,0,0
tiny-05172,unresolved,2,2,1,not sampled,0,0,0
tiny-05173,unresolved,2,1,1,not sampled,0,0,0
tiny-05174,unresolved,3,2,1,not sampled,0,0,0
tiny-05175,unresolved,3,1,1,not sampled,0,0,0
tiny-05176,unresolved,3,2,1,not sampled,0,0,0
tiny-05177,absent,3,1,1,not sampled,0,0,0
tiny-05178,unresolved,4,2,1,not sampled,0,0,0
tiny-05179,absent,4,1,1,not sampled,0,0,0
tiny-05180,unresolved,3,2,1,not sampled,0,0,0
tiny-05181,unresolved,3,2,1,not sampled,0,0,0
tiny-05182,unresolved,4,2,1,not sampled,0,0,0
tiny-05183,unresolved,4,2,1,not sampled,0,0,0
tiny-05184,absent,3,2,1,not sampled,0,0,0
tiny-05185,unresolved,3,2,1,not sampled,0,0,0
tiny-05186,absent,4,2,1,not sampled,0,0,0
tiny-05187,unresolved,4,2,1,not sampled,0,0,0
tiny-05188,absent,4,2,1,not sampled,0,0,0
tiny-05189,unresolved,4,1,1,not sampled,0,0,0
tiny-05190,absent,5,2,1,not sampled,0,0,0
tiny-05191,unresolved,5,1,1,not sampled,0,0,0
tiny-05192,absent,4,2,1,not sampled,0,0,0
tiny-05193,absent,4,3,1,not sampled,0,0,0
tiny-05194,absent,5,2,1,not sampled,0,0,0
tiny-05195,absent,5,3,1,not sampled,0,0,0
tiny-05196,newly_justified,2,1,1,not sampled,0,0,0
tiny-05197,unresolved,2,1,1,not sampled,0,0,0
tiny-05198,unresolved,3,1,1,not sampled,0,0,0
tiny-05199,unresolved,3,1,1,not sampled,0,0,0
tiny-05200,newly_justified,3,1,1,not sampled,0,0,0
tiny-05201,unresolved,3,1,1,not sampled,0,0,0
tiny-05202,unresolved,4,1,1,not sampled,0,0,0
tiny-05203,unresolved,4,1,1,not sampled,0,0,0
tiny-05204,newly_justified,3,1,1,not sampled,0,0,0
tiny-05205,newly_justified,3,2,1,not sampled,0,0,0
tiny-05206,unresolved,4,1,1,not sampled,0,0,0
tiny-05207,newly_justified,4,2,1,not sampled,0,0,0
tiny-05208,unresolved,3,2,1,not sampled,0,0,0
tiny-05209,unresolved,3,2,1,not sampled,0,0,0
tiny-05210,unresolved,4,2,1,not sampled,0,0,0
tiny-05211,unresolved,4,2,1,not sampled,0,0,0
tiny-05212,unresolved,4,2,1,not sampled,0,0,0
tiny-05213,unresolved,4,1,1,not sampled,0,0,0
tiny-05214,unresolved,5,2,1,not sampled,0,0,0
tiny-05215,unresolved,5,1,1,not sampled,0,0,0
tiny-05216,unresolved,4,2,1,not sampled,0,0,0
tiny-05217,unresolved,4,3,1,not sampled,0,0,0
tiny-05218,unresolved,5,2,1,not sampled,0,0,0
tiny-05219,unresolved,5,3,1,not sampled,0,0,0
tiny-05220,absent,3,2,1,not sampled,0,0,0
tiny-05221,unresolved,3,2,1,not sampled,0,0,0
tiny-05222,absent,4,2,1,not sampled,0,0,0
tiny-05223,unresolved,4,2,1,not sampled,0,0,0
tiny-05224,absent,4,2,1,not sampled,0,0,0
tiny-05225,unresolved,4,1,1,not sampled,0,0,0
tiny-05226,absent,5,2,1,not sampled,0,0,0
tiny-05227,unresolved,5,1,1,not sampled,0,0,0
tiny-05228,absent,4,2,1,not sampled,0,0,0
tiny-05229,absent,4,3,1,not sampled,0,0,0
tiny-05230,absent,5,2,1,not sampled,0,0,0
tiny-05231,absent,5,3,1,not sampled,0,0,0
tiny-05232,newly_justified,2,1,1,not sampled,0,0,0
tiny-05233,unresolved,2,1,1,not sampled,0,0,0
tiny-05234,unresolved,3,1,1,not sampled,0,0,0
tiny-05235,unresolved,3,1,1,not sampled,0,0,0
tiny-05236,newly_justified,3,1,1,not sampled,0,0,0
tiny-05237,unresolved,3,1,1,not sampled,0,0,0
tiny-05238,unresolved,4,1,1,not sampled,0,0,0
tiny-05239,unresolved,4,1,1,not sampled,0,0,0
tiny-05240,newly_justified,3,1,1,not sampled,0,0,0
tiny-05241,absent,3,2,1,not sampled,0,0,0
tiny-05242,unresolved,4,1,1,not sampled,0,0,0
tiny-05243,absent,4,2,1,not sampled,0,0,0
tiny-05244,unresolved,3,2,1,not sampled,0,0,0
tiny-05245,unresolved,3,2,1,not sampled,0,0,0
tiny-05246,unresolved,4,2,1,not sampled,0,0,0
tiny-05247,unresolved,4,2,1,not sampled,0,0,0
tiny-05248,unresolved,4,2,1,not sampled,0,0,0
tiny-05249,unresolved,4,1,1,not sampled,0,0,0
tiny-05250,unresolved,5,2,1,not sampled,0,0,0
tiny-05251,unresolved,5,1,1,not sampled,0,0,0
tiny-05252,unresolved,4,2,1,not sampled,0,0,0
tiny-05253,absent,4,3,1,not sampled,0,0,0
tiny-05254,unresolved,5,2,1,not sampled,0,0,0
tiny-05255,absent,5,3,1,not sampled,0,0,0
tiny-05256,absent,2,2,1,not sampled,0,0,0
tiny-05257,unresolved,2,1,1,not sampled,0,0,0
tiny-05258,absent,3,2,1,not sampled,0,0,0
tiny-05259,unresolved,3,1,1,not sampled,0,0,0
tiny-05260,absent,3,2,1,not sampled,0,0,0
tiny-05261,unresolved,3,1,1,not sampled,0,0,0
tiny-05262,absent,4,2,1,not sampled,0,0,0
tiny-05263,unresolved,4,1,1,not sampled,0,0,0
tiny-05264,absent,3,2,1,not sampled,0,0,0
tiny-05265,absent,3,2,1,not sampled,0,0,0
tiny-05266,absent,4,2,1,not sampled,0,0,0
tiny-05267,absent,4,2,1,not sampled,0,0,0
tiny-05268,newly_justified,1,1,1,not sampled,0,0,0
tiny-05269,unresolved,1,0,1,not sampled,0,0,0
tiny-05270,unresolved,2,1,1,not sampled,0,0,0
tiny-05271,unresolved,2,0,1,not sampled,0,0,0
tiny-05272,newly_justified,2,1,1,not sampled,0,0,0
tiny-05273,unresolved,2,1,1,not sampled,0,0,0
tiny-05274,unresolved,3,1,1,not sampled,0,0,0
tiny-05275,unresolved,3,1,1,not sampled,0,0,0
tiny-05276,newly_justified,2,1,1,not sampled,0,0,0
tiny-05277,unresolved,2,1,1,not sampled,0,0,0
tiny-05278,unresolved,3,1,1,not sampled,0,0,0
tiny-05279,unresolved,3,1,1,not sampled,0,0,0
tiny-05280,unresolved,2,2,1,not sampled,0,0,0
tiny-05281,unresolved,2,1,1,not sampled,0,0,0
tiny-05282,unresolved,3,2,1,not sampled,0,0,0
tiny-05283,unresolved,3,1,1,not sampled,0,0,0
tiny-05284,unresolved,3,2,1,not sampled,0,0,0
tiny-05285,unresolved,3,1,1,not sampled,0,0,0
tiny-05286,unresolved,4,2,1,not sampled,0,0,0
tiny-05287,unresolved,4,1,1,not sampled,0,0,0
tiny-05288,unresolved,3,2,1,not sampled,0,0,0
tiny-05289,unresolved,3,2,1,not sampled,0,0,0
tiny-05290,unresolved,4,2,1,not sampled,0,0,0
tiny-05291,unresolved,4,2,1,not sampled,0,0,0
tiny-05292,absent,2,1,1,not sampled,0,0,0
tiny-05293,unresolved,2,2,1,not sampled,0,0,0
tiny-05294,absent,3,2,1,not sampled,0,0,0
tiny-05295,unresolved,3,2,1,not sampled,0,0,0
tiny-05296,absent,3,1,1,not sampled,0,0,0
tiny-05297,unresolved,3,1,1,not sampled,0,0,0
tiny-05298,absent,4,2,1,not sampled,0,0,0
tiny-05299,unresolved,4,1,1,not sampled,0,0,0
tiny-05300,absent,3,1,1,not sampled,0,0,0
tiny-05301,absent,3,3,1,not sampled,0,0,0
tiny-05302,absent,4,2,1,not sampled,0,0,0
tiny-05303,absent,4,3,1,not sampled,0,0,0
tiny-05304,absent,1,0,1,not sampled,0,0,0
tiny-05305,unresolved,1,1,1,not sampled,0,0,0
tiny-05306,unresolved,2,1,1,not sampled,0,0,0
tiny-05307,unresolved,2,1,1,not sampled,0,0,0
tiny-05308,absent,2,0,1,not sampled,0,0,0
tiny-05309,unresolved,2,1,1,not sampled,0,0,0
tiny-05310,unresolved,3,1,1,not sampled,0,0,0
tiny-05311,unresolved,3,1,1,not sampled,0,0,0
tiny-05312,absent,2,0,1,not sampled,0,0,0
tiny-05313,newly_justified,2,2,1,not sampled,0,0,0
tiny-05314,unresolved,3,1,1,not sampled,0,0,0
tiny-05315,newly_justified,3,2,1,not sampled,0,0,0
tiny-05316,absent,2,1,1,not sampled,0,0,0
tiny-05317,unresolved,2,2,1,not sampled,0,0,0
tiny-05318,unresolved,3,2,1,not sampled,0,0,0
tiny-05319,unresolved,3,2,1,not sampled,0,0,0
tiny-05320,absent,3,1,1,not sampled,0,0,0
tiny-05321,unresolved,3,1,1,not sampled,0,0,0
tiny-05322,unresolved,4,2,1,not sampled,0,0,0
tiny-05323,unresolved,4,1,1,not sampled,0,0,0
tiny-05324,absent,3,1,1,not sampled,0,0,0
tiny-05325,unresolved,3,3,1,not sampled,0,0,0
tiny-05326,unresolved,4,2,1,not sampled,0,0,0
tiny-05327,unresolved,4,3,1,not sampled,0,0,0
tiny-05328,absent,2,1,1,not sampled,0,0,0
tiny-05329,unresolved,2,2,1,not sampled,0,0,0
tiny-05330,absent,3,2,1,not sampled,0,0,0
tiny-05331,unresolved,3,2,1,not sampled,0,0,0
tiny-05332,absent,3,1,1,not sampled,0,0,0
tiny-05333,unresolved,3,1,1,not sampled,0,0,0
tiny-05334,absent,4,2,1,not sampled,0,0,0
tiny-05335,unresolved,4,1,1,not sampled,0,0,0
tiny-05336,absent,3,1,1,not sampled,0,0,0
tiny-05337,absent,3,3,1,not sampled,0,0,0
tiny-05338,absent,4,2,1,not sampled,0,0,0
tiny-05339,absent,4,3,1,not sampled,0,0,0
tiny-05340,absent,1,0,1,not sampled,0,0,0
tiny-05341,unresolved,1,1,1,not sampled,0,0,0
tiny-05342,unresolved,2,1,1,not sampled,0,0,0
tiny-05343,unresolved,2,1,1,not sampled,0,0,0
tiny-05344,absent,2,0,1,not sampled,0,0,0
tiny-05345,unresolved,2,1,1,not sampled,0,0,0
tiny-05346,unresolved,3,1,1,not sampled,0,0,0
tiny-05347,unresolved,3,1,1,not sampled,0,0,0
tiny-05348,absent,2,0,1,not sampled,0,0,0
tiny-05349,absent,2,2,1,not sampled,0,0,0
tiny-05350,unresolved,3,1,1,not sampled,0,0,0
tiny-05351,absent,3,2,1,not sampled,0,0,0
tiny-05352,absent,2,1,1,not sampled,0,0,0
tiny-05353,unresolved,2,2,1,not sampled,0,0,0
tiny-05354,unresolved,3,2,1,not sampled,0,0,0
tiny-05355,unresolved,3,2,1,not sampled,0,0,0
tiny-05356,absent,3,1,1,not sampled,0,0,0
tiny-05357,unresolved,3,1,1,not sampled,0,0,0
tiny-05358,unresolved,4,2,1,not sampled,0,0,0
tiny-05359,unresolved,4,1,1,not sampled,0,0,0
tiny-05360,absent,3,1,1,not sampled,0,0,0
tiny-05361,absent,3,3,1,not sampled,0,0,0
tiny-05362,unresolved,4,2,1,not sampled,0,0,0
tiny-05363,absent,4,3,1,not sampled,0,0,0
tiny-05364,absent,1,1,1,not sampled,0,0,0
tiny-05365,unresolved,1,1,1,not sampled,0,0,0
tiny-05366,absent,2,2,1,not sampled,0,0,0
tiny-05367,unresolved,2,1,1,not sampled,0,0,0
tiny-05368,absent,2,1,1,not sampled,0,0,0
tiny-05369,unresolved,2,1,1,not sampled,0,0,0
tiny-05370,absent,3,2,1,not sampled,0,0,0
tiny-05371,unresolved,3,1,1,not sampled,0,0,0
tiny-05372,absent,2,1,1,not sampled,0,0,0
tiny-05373,absent,2,2,1,not sampled,0,0,0
tiny-05374,absent,3,2,1,not sampled,0,0,0
tiny-05375,absent,3,2,1,not sampled,0,0,0
tiny-05376,absent,0,0,1,not sampled,0,0,0
tiny-05377,unresolved,0,0,1,not sampled,0,0,0
tiny-05378,unresolved,1,1,1,not sampled,0,0,0
tiny-05379,unresolved,1,0,1,not sampled,0,0,0
tiny-05380,absent,1,0,1,not sampled,0,0,0
tiny-05381,unresolved,1,1,1,not sampled,0,0,0
tiny-05382,unresolved,2,1,1,not sampled,0,0,0
tiny-05383,unresolved,2,1,1,not sampled,0,0,0
tiny-05384,absent,1,0,1,not sampled,0,0,0
tiny-05385,unresolved,1,1,1,not sampled,0,0,0
tiny-05386,unresolved,2,1,1,not sampled,0,0,0
tiny-05387,unresolved,2,1,1,not sampled,0,0,0
tiny-05388,absent,1,1,1,not sampled,0,0,0
tiny-05389,unresolved,1,1,1,not sampled,0,0,0
tiny-05390,unresolved,2,2,1,not sampled,0,0,0
tiny-05391,unresolved,2,1,1,not sampled,0,0,0
tiny-05392,absent,2,1,1,not sampled,0,0,0
tiny-05393,unresolved,2,1,1,not sampled,0,0,0
tiny-05394,unresolved,3,2,1,not sampled,0,0,0
tiny-05395,unresolved,3,1,1,not sampled,0,0,0
tiny-05396,absent,2,1,1,not sampled,0,0,0
tiny-05397,unresolved,2,2,1,not sampled,0,0,0
tiny-05398,unresolved,3,2,1,not sampled,0,0,0
tiny-05399,unresolved,3,2,1,not sampled,0,0,0
tiny-05400,absent,3,2,1,not sampled,0,0,0
tiny-05401,unresolved,3,2,1,not sampled,0,0,0
tiny-05402,absent,4,2,1,not sampled,0,0,0
tiny-05403,unresolved,4,2,1,not sampled,0,0,0
tiny-05404,absent,4,2,1,not sampled,0,0,0
tiny-05405,unresolved,4,1,1,not sampled,0,0,0
tiny-05406,absent,5,2,1,not sampled,0,0,0
tiny-05407,unresolved,5,1,1,not sampled,0,0,0
tiny-05408,absent,4,2,1,not sampled,0,0,0
tiny-05409,absent,4,3,1,not sampled,0,0,0
tiny-05410,absent,5,2,1,not sampled,0,0,0
tiny-05411,absent,5,3,1,not sampled,0,0,0
tiny-05412,unresolved,2,1,1,not sampled,0,0,0
tiny-05413,unresolved,2,1,1,not sampled,0,0,0
tiny-05414,unresolved,3,1,1,not sampled,0,0,0
tiny-05415,unresolved,3,1,1,not sampled,0,0,0
tiny-05416,unresolved,3,1,1,not sampled,0,0,0
tiny-05417,unresolved,3,1,1,not sampled,0,0,0
tiny-05418,unresolved,4,1,1,not sampled,0,0,0
tiny-05419,unresolved,4,1,1,not sampled,0,0,0
tiny-05420,unresolved,3,1,1,not sampled,0,0,0
tiny-05421,newly_justified,3,2,1,not sampled,0,0,0
tiny-05422,unresolved,4,1,1,not sampled,0,0,0
tiny-05423,newly_justified,4,2,1,not sampled,0,0,0
tiny-05424,unresolved,3,2,1,not sampled,0,0,0
tiny-05425,unresolved,3,2,1,not sampled,0,0,0
tiny-05426,unresolved,4,2,1,not sampled,0,0,0
tiny-05427,unresolved,4,2,1,not sampled,0,0,0
tiny-05428,unresolved,4,2,1,not sampled,0,0,0
tiny-05429,unresolved,4,1,1,not sampled,0,0,0
tiny-05430,unresolved,5,2,1,not sampled,0,0,0
tiny-05431,unresolved,5,1,1,not sampled,0,0,0
tiny-05432,unresolved,4,2,1,not sampled,0,0,0
tiny-05433,unresolved,4,3,1,not sampled,0,0,0
tiny-05434,unresolved,5,2,1,not sampled,0,0,0
tiny-05435,unresolved,5,3,1,not sampled,0,0,0
tiny-05436,absent,3,2,1,not sampled,0,0,0
tiny-05437,unresolved,3,2,1,not sampled,0,0,0
tiny-05438,absent,4,2,1,not sampled,0,0,0
tiny-05439,unresolved,4,2,1,not sampled,0,0,0
tiny-05440,absent,4,2,1,not sampled,0,0,0
tiny-05441,unresolved,4,1,1,not sampled,0,0,0
tiny-05442,absent,5,2,1,not sampled,0,0,0
tiny-05443,unresolved,5,1,1,not sampled,0,0,0
tiny-05444,absent,4,2,1,not sampled,0,0,0
tiny-05445,absent,4,3,1,not sampled,0,0,0
tiny-05446,absent,5,2,1,not sampled,0,0,0
tiny-05447,absent,5,3,1,not sampled,0,0,0
tiny-05448,unresolved,2,1,1,not sampled,0,0,0
tiny-05449,unresolved,2,1,1,not sampled,0,0,0
tiny-05450,unresolved,3,1,1,not sampled,0,0,0
tiny-05451,unresolved,3,1,1,not sampled,0,0,0
tiny-05452,unresolved,3,1,1,not sampled,0,0,0
tiny-05453,unresolved,3,1,1,not sampled,0,0,0
tiny-05454,unresolved,4,1,1,not sampled,0,0,0
tiny-05455,unresolved,4,1,1,not sampled,0,0,0
tiny-05456,unresolved,3,1,1,not sampled,0,0,0
tiny-05457,absent,3,2,1,not sampled,0,0,0
tiny-05458,unresolved,4,1,1,not sampled,0,0,0
tiny-05459,absent,4,2,1,not sampled,0,0,0
tiny-05460,unresolved,3,2,1,not sampled,0,0,0
tiny-05461,unresolved,3,2,1,not sampled,0,0,0
tiny-05462,unresolved,4,2,1,not sampled,0,0,0
tiny-05463,unresolved,4,2,1,not sampled,0,0,0
tiny-05464,unresolved,4,2,1,not sampled,0,0,0
tiny-05465,unresolved,4,1,1,not sampled,0,0,0
tiny-05466,unresolved,5,2,1,not sampled,0,0,0
tiny-05467,unresolved,5,1,1,not sampled,0,0,0
tiny-05468,unresolved,4,2,1,not sampled,0,0,0
tiny-05469,absent,4,3,1,not sampled,0,0,0
tiny-05470,unresolved,5,2,1,not sampled,0,0,0
tiny-05471,absent,5,3,1,not sampled,0,0,0
tiny-05472,absent,2,2,1,not sampled,0,0,0
tiny-05473,unresolved,2,1,1,not sampled,0,0,0
tiny-05474,absent,3,2,1,not sampled,0,0,0
tiny-05475,unresolved,3,1,1,not sampled,0,0,0
tiny-05476,absent,3,2,1,not sampled,0,0,0
tiny-05477,unresolved,3,1,1,not sampled,0,0,0
tiny-05478,absent,4,2,1,not sampled,0,0,0
tiny-05479,unresolved,4,1,1,not sampled,0,0,0
tiny-05480,absent,3,2,1,not sampled,0,0,0
tiny-05481,absent,3,2,1,not sampled,0,0,0
tiny-05482,absent,4,2,1,not sampled,0,0,0
tiny-05483,absent,4,2,1,not sampled,0,0,0
tiny-05484,unresolved,1,1,1,not sampled,0,0,0
tiny-05485,unresolved,1,0,1,not sampled,0,0,0
tiny-05486,unresolved,2,1,1,not sampled,0,0,0
tiny-05487,unresolved,2,0,1,not sampled,0,0,0
tiny-05488,unresolved,2,1,1,not sampled,0,0,0
tiny-05489,unresolved,2,1,1,not sampled,0,0,0
tiny-05490,unresolved,3,1,1,not sampled,0,0,0
tiny-05491,unresolved,3,1,1,not sampled,0,0,0
tiny-05492,unresolved,2,1,1,not sampled,0,0,0
tiny-05493,unresolved,2,1,1,not sampled,0,0,0
tiny-05494,unresolved,3,1,1,not sampled,0,0,0
tiny-05495,unresolved,3,1,1,not sampled,0,0,0
tiny-05496,unresolved,2,2,1,not sampled,0,0,0
tiny-05497,unresolved,2,1,1,not sampled,0,0,0
tiny-05498,unresolved,3,2,1,not sampled,0,0,0
tiny-05499,unresolved,3,1,1,not sampled,0,0,0
tiny-05500,unresolved,3,2,1,not sampled,0,0,0
tiny-05501,unresolved,3,1,1,not sampled,0,0,0
tiny-05502,unresolved,4,2,1,not sampled,0,0,0
tiny-05503,unresolved,4,1,1,not sampled,0,0,0
tiny-05504,unresolved,3,2,1,not sampled,0,0,0
tiny-05505,unresolved,3,2,1,not sampled,0,0,0
tiny-05506,unresolved,4,2,1,not sampled,0,0,0
tiny-05507,unresolved,4,2,1,not sampled,0,0,0
tiny-05508,absent,3,2,1,not sampled,0,0,0
tiny-05509,unresolved,3,2,1,not sampled,0,0,0
tiny-05510,absent,4,2,1,not sampled,0,0,0
tiny-05511,unresolved,4,2,1,not sampled,0,0,0
tiny-05512,absent,4,2,1,not sampled,0,0,0
tiny-05513,unresolved,4,1,1,not sampled,0,0,0
tiny-05514,absent,5,2,1,not sampled,0,0,0
tiny-05515,unresolved,5,1,1,not sampled,0,0,0
tiny-05516,absent,4,2,1,not sampled,0,0,0
tiny-05517,absent,4,3,1,not sampled,0,0,0
tiny-05518,absent,5,2,1,not sampled,0,0,0
tiny-05519,absent,5,3,1,not sampled,0,0,0
tiny-05520,newly_justified,3,2,1,not sampled,0,0,0
tiny-05521,unresolved,3,2,1,not sampled,0,0,0
tiny-05522,unresolved,4,2,1,not sampled,0,0,0
tiny-05523,unresolved,4,2,1,not sampled,0,0,0
tiny-05524,newly_justified,4,2,1,not sampled,0,0,0
tiny-05525,unresolved,4,1,1,not sampled,0,0,0
tiny-05526,unresolved,5,2,1,not sampled,0,0,0
tiny-05527,unresolved,5,1,1,not sampled,0,0,0
tiny-05528,newly_justified,4,2,1,not sampled,0,0,0
tiny-05529,newly_justified,4,3,1,not sampled,0,0,0
tiny-05530,unresolved,5,2,1,not sampled,0,0,0
tiny-05531,newly_justified,5,3,1,not sampled,0,0,0
tiny-05532,unresolved,2,1,1,not sampled,0,0,0
tiny-05533,unresolved,2,1,1,not sampled,0,0,0
tiny-05534,unresolved,3,1,1,not sampled,0,0,0
tiny-05535,unresolved,3,1,1,not sampled,0,0,0
tiny-05536,unresolved,3,1,1,not sampled,0,0,0
tiny-05537,unresolved,3,1,1,not sampled,0,0,0
tiny-05538,unresolved,4,1,1,not sampled,0,0,0
tiny-05539,unresolved,4,1,1,not sampled,0,0,0
tiny-05540,unresolved,3,1,1,not sampled,0,0,0
tiny-05541,unresolved,3,2,1,not sampled,0,0,0
tiny-05542,unresolved,4,1,1,not sampled,0,0,0
tiny-05543,unresolved,4,2,1,not sampled,0,0,0
tiny-05544,absent,3,2,1,not sampled,0,0,0
tiny-05545,unresolved,3,2,1,not sampled,0,0,0
tiny-05546,absent,4,2,1,not sampled,0,0,0
tiny-05547,unresolved,4,2,1,not sampled,0,0,0
tiny-05548,absent,4,2,1,not sampled,0,0,0
tiny-05549,unresolved,4,1,1,not sampled,0,0,0
tiny-05550,absent,5,2,1,not sampled,0,0,0
tiny-05551,unresolved,5,1,1,not sampled,0,0,0
tiny-05552,absent,4,2,1,not sampled,0,0,0
tiny-05553,absent,4,3,1,not sampled,0,0,0
tiny-05554,absent,5,2,1,not sampled,0,0,0
tiny-05555,absent,5,3,1,not sampled,0,0,0
tiny-05556,newly_justified,3,2,1,not sampled,0,0,0
tiny-05557,unresolved,3,2,1,not sampled,0,0,0
tiny-05558,unresolved,4,2,1,not sampled,0,0,0
tiny-05559,unresolved,4,2,1,not sampled,0,0,0
tiny-05560,newly_justified,4,2,1,not sampled,0,0,0
tiny-05561,unresolved,4,1,1,not sampled,0,0,0
tiny-05562,unresolved,5,2,1,not sampled,0,0,0
tiny-05563,unresolved,5,1,1,not sampled,0,0,0
tiny-05564,newly_justified,4,2,1,not sampled,0,0,0
tiny-05565,absent,4,3,1,not sampled,0,0,0
tiny-05566,unresolved,5,2,1,not sampled,0,0,0
tiny-05567,absent,5,3,1,not sampled,0,0,0
tiny-05568,unresolved,2,1,1,not sampled,0,0,0
tiny-05569,unresolved,2,1,1,not sampled,0,0,0
tiny-05570,unresolved,3,1,1,not sampled,0,0,0
tiny-05571,unresolved,3,1,1,not sampled,0,0,0
tiny-05572,unresolved,3,1,1,not sampled,0,0,0
tiny-05573,unresolved,3,1,1,not sampled,0,0,0
tiny-05574,unresolved,4,1,1,not sampled,0,0,0
tiny-05575,unresolved,4,1,1,not sampled,0,0,0
tiny-05576,unresolved,3,1,1,not sampled,0,0,0
tiny-05577,absent,3,2,1,not sampled,0,0,0
tiny-05578,unresolved,4,1,1,not sampled,0,0,0
tiny-05579,absent,4,2,1,not sampled,0,0,0
tiny-05580,absent,2,2,1,not sampled,0,0,0
tiny-05581,unresolved,2,1,1,not sampled,0,0,0
tiny-05582,absent,3,2,1,not sampled,0,0,0
tiny-05583,unresolved,3,1,1,not sampled,0,0,0
tiny-05584,absent,3,2,1,not sampled,0,0,0
tiny-05585,unresolved,3,1,1,not sampled,0,0,0
tiny-05586,absent,4,2,1,not sampled,0,0,0
tiny-05587,unresolved,4,1,1,not sampled,0,0,0
tiny-05588,absent,3,2,1,not sampled,0,0,0
tiny-05589,absent,3,2,1,not sampled,0,0,0
tiny-05590,absent,4,2,1,not sampled,0,0,0
tiny-05591,absent,4,2,1,not sampled,0,0,0
tiny-05592,newly_justified,2,2,1,not sampled,0,0,0
tiny-05593,unresolved,2,1,1,not sampled,0,0,0
tiny-05594,unresolved,3,2,1,not sampled,0,0,0
tiny-05595,unresolved,3,1,1,not sampled,0,0,0
tiny-05596,newly_justified,3,2,1,not sampled,0,0,0
tiny-05597,unresolved,3,1,1,not sampled,0,0,0
tiny-05598,unresolved,4,2,1,not sampled,0,0,0
tiny-05599,unresolved,4,1,1,not sampled,0,0,0
tiny-05600,newly_justified,3,2,1,not sampled,0,0,0
tiny-05601,unresolved,3,2,1,not sampled,0,0,0
tiny-05602,unresolved,4,2,1,not sampled,0,0,0
tiny-05603,unresolved,4,2,1,not sampled,0,0,0
tiny-05604,unresolved,1,1,1,not sampled,0,0,0
tiny-05605,unresolved,1,0,1,not sampled,0,0,0
tiny-05606,unresolved,2,1,1,not sampled,0,0,0
tiny-05607,unresolved,2,0,1,not sampled,0,0,0
tiny-05608,unresolved,2,1,1,not sampled,0,0,0
tiny-05609,unresolved,2,1,1,not sampled,0,0,0
tiny-05610,unresolved,3,1,1,not sampled,0,0,0
tiny-05611,unresolved,3,1,1,not sampled,0,0,0
tiny-05612,unresolved,2,1,1,not sampled,0,0,0
tiny-05613,unresolved,2,1,1,not sampled,0,0,0
tiny-05614,unresolved,3,1,1,not sampled,0,0,0
tiny-05615,unresolved,3,1,1,not sampled,0,0,0
tiny-05616,absent,2,1,1,not sampled,0,0,0
tiny-05617,unresolved,2,2,1,not sampled,0,0,0
tiny-05618,absent,3,2,1,not sampled,0,0,0
tiny-05619,unresolved,3,2,1,not sampled,0,0,0
tiny-05620,absent,3,1,1,not sampled,0,0,0
tiny-05621,unresolved,3,1,1,not sampled,0,0,0
tiny-05622,absent,4,2,1,not sampled,0,0,0
tiny-05623,unresolved,4,1,1,not sampled,0,0,0
tiny-05624,absent,3,1,1,not sampled,0,0,0
tiny-05625,absent,3,3,1,not sampled,0,0,0
tiny-05626,absent,4,2,1,not sampled,0,0,0
tiny-05627,absent,4,3,1,not sampled,0,0,0
tiny-05628,absent,2,1,1,not sampled,0,0,0
tiny-05629,unresolved,2,2,1,not sampled,0,0,0
tiny-05630,unresolved,3,2,1,not sampled,0,0,0
tiny-05631,unresolved,3,2,1,not sampled,0,0,0
tiny-05632,absent,3,1,1,not sampled,0,0,0
tiny-05633,unresolved,3,1,1,not sampled,0,0,0
tiny-05634,unresolved,4,2,1,not sampled,0,0,0
tiny-05635,unresolved,4,1,1,not sampled,0,0,0
tiny-05636,absent,3,1,1,not sampled,0,0,0
tiny-05637,newly_justified,3,3,1,not sampled,0,0,0
tiny-05638,unresolved,4,2,1,not sampled,0,0,0
tiny-05639,newly_justified,4,3,1,not sampled,0,0,0
tiny-05640,absent,1,0,1,not sampled,0,0,0
tiny-05641,unresolved,1,1,1,not sampled,0,0,0
tiny-05642,unresolved,2,1,1,not sampled,0,0,0
tiny-05643,unresolved,2,1,1,not sampled,0,0,0
tiny-05644,absent,2,0,1,not sampled,0,0,0
tiny-05645,unresolved,2,1,1,not sampled,0,0,0
tiny-05646,unresolved,3,1,1,not sampled,0,0,0
tiny-05647,unresolved,3,1,1,not sampled,0,0,0
tiny-05648,absent,2,0,1,not sampled,0,0,0
tiny-05649,unresolved,2,2,1,not sampled,0,0,0
tiny-05650,unresolved,3,1,1,not sampled,0,0,0
tiny-05651,unresolved,3,2,1,not sampled,0,0,0
tiny-05652,absent,2,1,1,not sampled,0,0,0
tiny-05653,unresolved,2,2,1,not sampled,0,0,0
tiny-05654,absent,3,2,1,not sampled,0,0,0
tiny-05655,unresolved,3,2,1,not sampled,0,0,0
tiny-05656,absent,3,1,1,not sampled,0,0,0
tiny-05657,unresolved,3,1,1,not sampled,0,0,0
tiny-05658,absent,4,2,1,not sampled,0,0,0
tiny-05659,unresolved,4,1,1,not sampled,0,0,0
tiny-05660,absent,3,1,1,not sampled,0,0,0
tiny-05661,absent,3,3,1,not sampled,0,0,0
tiny-05662,absent,4,2,1,not sampled,0,0,0
tiny-05663,absent,4,3,1,not sampled,0,0,0
tiny-05664,absent,2,1,1,not sampled,0,0,0
tiny-05665,unresolved,2,2,1,not sampled,0,0,0
tiny-05666,unresolved,3,2,1,not sampled,0,0,0
tiny-05667,unresolved,3,2,1,not sampled,0,0,0
tiny-05668,absent,3,1,1,not sampled,0,0,0
tiny-05669,unresolved,3,1,1,not sampled,0,0,0
tiny-05670,unresolved,4,2,1,not sampled,0,0,0
tiny-05671,unresolved,4,1,1,not sampled,0,0,0
tiny-05672,absent,3,1,1,not sampled,0,0,0
tiny-05673,absent,3,3,1,not sampled,0,0,0
tiny-05674,unresolved,4,2,1,not sampled,0,0,0
tiny-05675,absent,4,3,1,not sampled,0,0,0
tiny-05676,absent,1,0,1,not sampled,0,0,0
tiny-05677,unresolved,1,1,1,not sampled,0,0,0
tiny-05678,unresolved,2,1,1,not sampled,0,0,0
tiny-05679,unresolved,2,1,1,not sampled,0,0,0
tiny-05680,absent,2,0,1,not sampled,0,0,0
tiny-05681,unresolved,2,1,1,not sampled,0,0,0
tiny-05682,unresolved,3,1,1,not sampled,0,0,0
tiny-05683,unresolved,3,1,1,not sampled,0,0,0
tiny-05684,absent,2,0,1,not sampled,0,0,0
tiny-05685,absent,2,2,1,not sampled,0,0,0
tiny-05686,unresolved,3,1,1,not sampled,0,0,0
tiny-05687,absent,3,2,1,not sampled,0,0,0
tiny-05688,absent,1,1,1,not sampled,0,0,0
tiny-05689,unresolved,1,1,1,not sampled,0,0,0
tiny-05690,absent,2,2,1,not sampled,0,0,0
tiny-05691,unresolved,2,1,1,not sampled,0,0,0
tiny-05692,absent,2,1,1,not sampled,0,0,0
tiny-05693,unresolved,2,1,1,not sampled,0,0,0
tiny-05694,absent,3,2,1,not sampled,0,0,0
tiny-05695,unresolved,3,1,1,not sampled,0,0,0
tiny-05696,absent,2,1,1,not sampled,0,0,0
tiny-05697,absent,2,2,1,not sampled,0,0,0
tiny-05698,absent,3,2,1,not sampled,0,0,0
tiny-05699,absent,3,2,1,not sampled,0,0,0
tiny-05700,absent,1,1,1,not sampled,0,0,0
tiny-05701,unresolved,1,1,1,not sampled,0,0,0
tiny-05702,unresolved,2,2,1,not sampled,0,0,0
tiny-05703,unresolved,2,1,1,not sampled,0,0,0
tiny-05704,absent,2,1,1,not sampled,0,0,0
tiny-05705,unresolved,2,1,1,not sampled,0,0,0
tiny-05706,unresolved,3,2,1,not sampled,0,0,0
tiny-05707,unresolved,3,1,1,not sampled,0,0,0
tiny-05708,absent,2,1,1,not sampled,0,0,0
tiny-05709,unresolved,2,2,1,not sampled,0,0,0
tiny-05710,unresolved,3,2,1,not sampled,0,0,0
tiny-05711,unresolved,3,2,1,not sampled,0,0,0
tiny-05712,absent,0,0,1,not sampled,0,0,0
tiny-05713,unresolved,0,0,1,not sampled,0,0,0
tiny-05714,unresolved,1,1,1,not sampled,0,0,0
tiny-05715,unresolved,1,0,1,not sampled,0,0,0
tiny-05716,absent,1,0,1,not sampled,0,0,0
tiny-05717,unresolved,1,1,1,not sampled,0,0,0
tiny-05718,unresolved,2,1,1,not sampled,0,0,0
tiny-05719,unresolved,2,1,1,not sampled,0,0,0
tiny-05720,absent,1,0,1,not sampled,0,0,0
tiny-05721,unresolved,1,1,1,not sampled,0,0,0
tiny-05722,unresolved,2,1,1,not sampled,0,0,0
tiny-05723,unresolved,2,1,1,not sampled,0,0,0
tiny-05724,absent,3,2,1,not sampled,0,0,0
tiny-05725,unresolved,3,2,1,not sampled,0,0,0
tiny-05726,absent,4,2,1,not sampled,0,0,0
tiny-05727,unresolved,4,2,1,not sampled,0,0,0
tiny-05728,absent,4,2,1,not sampled,0,0,0
tiny-05729,unresolved,4,1,1,not sampled,0,0,0
tiny-05730,absent,5,2,1,not sampled,0,0,0
tiny-05731,unresolved,5,1,1,not sampled,0,0,0
tiny-05732,absent,4,2,1,not sampled,0,0,0
tiny-05733,absent,4,3,1,not sampled,0,0,0
tiny-05734,absent,5,2,1,not sampled,0,0,0
tiny-05735,absent,5,3,1,not sampled,0,0,0
tiny-05736,unresolved,3,2,1,not sampled,0,0,0
tiny-05737,unresolved,3,2,1,not sampled,0,0,0
tiny-05738,unresolved,4,2,1,not sampled,0,0,0
tiny-05739,unresolved,4,2,1,not sampled,0,0,0
tiny-05740,unresolved,4,2,1,not sampled,0,0,0
tiny-05741,unresolved,4,1,1,not sampled,0,0,0
tiny-05742,unresolved,5,2,1,not sampled,0,0,0
tiny-05743,unresolved,5,1,1,not sampled,0,0,0
tiny-05744,unresolved,4,2,1,not sampled,0,0,0
tiny-05745,newly_justified,4,3,1,not sampled,0,0,0
tiny-05746,unresolved,5,2,1,not sampled,0,0,0
tiny-05747,newly_justified,5,3,1,not sampled,0,0,0
tiny-05748,unresolved,2,1,1,not sampled,0,0,0
tiny-05749,unresolved,2,1,1,not sampled,0,0,0
tiny-05750,unresolved,3,1,1,not sampled,0,0,0
tiny-05751,unresolved,3,1,1,not sampled,0,0,0
tiny-05752,unresolved,3,1,1,not sampled,0,0,0
tiny-05753,unresolved,3,1,1,not sampled,0,0,0
tiny-05754,unresolved,4,1,1,not sampled,0,0,0
tiny-05755,unresolved,4,1,1,not sampled,0,0,0
tiny-05756,unresolved,3,1,1,not sampled,0,0,0
tiny-05757,unresolved,3,2,1,not sampled,0,0,0
tiny-05758,unresolved,4,1,1,not sampled,0,0,0
tiny-05759,unresolved,4,2,1,not sampled,0,0,0
tiny-05760,absent,3,2,1,not sampled,0,0,0
tiny-05761,unresolved,3,2,1,not sampled,0,0,0
tiny-05762,absent,4,2,1,not sampled,0,0,0
tiny-05763,unresolved,4,2,1,not sampled,0,0,0
tiny-05764,absent,4,2,1,not sampled,0,0,0
tiny-05765,unresolved,4,1,1,not sampled,0,0,0
tiny-05766,absent,5,2,1,not sampled,0,0,0
tiny-05767,unresolved,5,1,1,not sampled,0,0,0
tiny-05768,absent,4,2,1,not sampled,0,0,0
tiny-05769,absent,4,3,1,not sampled,0,0,0
tiny-05770,absent,5,2,1,not sampled,0,0,0
tiny-05771,absent,5,3,1,not sampled,0,0,0
tiny-05772,unresolved,3,2,1,not sampled,0,0,0
tiny-05773,unresolved,3,2,1,not sampled,0,0,0
tiny-05774,unresolved,4,2,1,not sampled,0,0,0
tiny-05775,unresolved,4,2,1,not sampled,0,0,0
tiny-05776,unresolved,4,2,1,not sampled,0,0,0
tiny-05777,unresolved,4,1,1,not sampled,0,0,0
tiny-05778,unresolved,5,2,1,not sampled,0,0,0
tiny-05779,unresolved,5,1,1,not sampled,0,0,0
tiny-05780,unresolved,4,2,1,not sampled,0,0,0
tiny-05781,absent,4,3,1,not sampled,0,0,0
tiny-05782,unresolved,5,2,1,not sampled,0,0,0
tiny-05783,absent,5,3,1,not sampled,0,0,0
tiny-05784,unresolved,2,1,1,not sampled,0,0,0
tiny-05785,unresolved,2,1,1,not sampled,0,0,0
tiny-05786,unresolved,3,1,1,not sampled,0,0,0
tiny-05787,unresolved,3,1,1,not sampled,0,0,0
tiny-05788,unresolved,3,1,1,not sampled,0,0,0
tiny-05789,unresolved,3,1,1,not sampled,0,0,0
tiny-05790,unresolved,4,1,1,not sampled,0,0,0
tiny-05791,unresolved,4,1,1,not sampled,0,0,0
tiny-05792,unresolved,3,1,1,not sampled,0,0,0
tiny-05793,absent,3,2,1,not sampled,0,0,0
tiny-05794,unresolved,4,1,1,not sampled,0,0,0
tiny-05795,absent,4,2,1,not sampled,0,0,0
tiny-05796,absent,2,2,1,not sampled,0,0,0
tiny-05797,unresolved,2,1,1,not sampled,0,0,0
tiny-05798,absent,3,2,1,not sampled,0,0,0
tiny-05799,unresolved,3,1,1,not sampled,0,0,0
tiny-05800,absent,3,2,1,not sampled,0,0,0
tiny-05801,unresolved,3,1,1,not sampled,0,0,0
tiny-05802,absent,4,2,1,not sampled,0,0,0
tiny-05803,unresolved,4,1,1,not sampled,0,0,0
tiny-05804,absent,3,2,1,not sampled,0,0,0
tiny-05805,absent,3,2,1,not sampled,0,0,0
tiny-05806,absent,4,2,1,not sampled,0,0,0
tiny-05807,absent,4,2,1,not sampled,0,0,0
tiny-05808,unresolved,2,2,1,not sampled,0,0,0
tiny-05809,unresolved,2,1,1,not sampled,0,0,0
tiny-05810,unresolved,3,2,1,not sampled,0,0,0
tiny-05811,unresolved,3,1,1,not sampled,0,0,0
tiny-05812,unresolved,3,2,1,not sampled,0,0,0
tiny-05813,unresolved,3,1,1,not sampled,0,0,0
tiny-05814,unresolved,4,2,1,not sampled,0,0,0
tiny-05815,unresolved,4,1,1,not sampled,0,0,0
tiny-05816,unresolved,3,2,1,not sampled,0,0,0
tiny-05817,unresolved,3,2,1,not sampled,0,0,0
tiny-05818,unresolved,4,2,1,not sampled,0,0,0
tiny-05819,unresolved,4,2,1,not sampled,0,0,0
tiny-05820,unresolved,1,1,1,not sampled,0,0,0
tiny-05821,unresolved,1,0,1,not sampled,0,0,0
tiny-05822,unresolved,2,1,1,not sampled,0,0,0
tiny-05823,unresolved,2,0,1,not sampled,0,0,0
tiny-05824,unresolved,2,1,1,not sampled,0,0,0
tiny-05825,unresolved,2,1,1,not sampled,0,0,0
tiny-05826,unresolved,3,1,1,not sampled,0,0,0
tiny-05827,unresolved,3,1,1,not sampled,0,0,0
tiny-05828,unresolved,2,1,1,not sampled,0,0,0
tiny-05829,unresolved,2,1,1,not sampled,0,0,0
tiny-05830,unresolved,3,1,1,not sampled,0,0,0
tiny-05831,unresolved,3,1,1,not sampled,0,0,0
tiny-05832,absent,1,1,1,not sampled,0,0,0
tiny-05833,absent,1,0,1,not sampled,0,0,0
tiny-05834,absent,2,1,1,not sampled,0,0,0
tiny-05835,absent,2,0,1,not sampled,0,0,0
tiny-05836,absent,2,1,1,not sampled,0,0,0
tiny-05837,absent,2,1,1,not sampled,0,0,0
tiny-05838,absent,3,1,1,not sampled,0,0,0
tiny-05839,absent,3,1,1,not sampled,0,0,0
tiny-05840,absent,2,1,1,not sampled,0,0,0
tiny-05841,absent,2,1,1,not sampled,0,0,0
tiny-05842,absent,3,1,1,not sampled,0,0,0
tiny-05843,absent,3,1,1,not sampled,0,0,0
tiny-05844,newly_justified,2,2,1,not sampled,0,0,0
tiny-05845,newly_justified,2,1,1,not sampled,0,0,0
tiny-05846,unresolved,3,2,1,not sampled,0,0,0
tiny-05847,newly_justified,3,1,1,not sampled,0,0,0
tiny-05848,newly_justified,3,2,1,not sampled,0,0,0
tiny-05849,absent,3,1,1,not sampled,0,0,0
tiny-05850,unresolved,4,2,1,not sampled,0,0,0
tiny-05851,absent,4,1,1,not sampled,0,0,0
tiny-05852,newly_justified,3,2,1,not sampled,0,0,0
tiny-05853,newly_justified,3,2,1,not sampled,0,0,0
tiny-05854,unresolved,4,2,1,not sampled,0,0,0
tiny-05855,newly_justified,4,2,1,not sampled,0,0,0
tiny-05856,unresolved,2,2,1,not sampled,0,0,0
tiny-05857,unresolved,2,1,1,not sampled,0,0,0
tiny-05858,unresolved,3,2,1,not sampled,0,0,0
tiny-05859,unresolved,3,1,1,not sampled,0,0,0
tiny-05860,unresolved,3,2,1,not sampled,0,0,0
tiny-05861,absent,3,1,1,not sampled,0,0,0
tiny-05862,unresolved,4,2,1,not sampled,0,0,0
tiny-05863,absent,4,1,1,not sampled,0,0,0
tiny-05864,unresolved,3,2,1,not sampled,0,0,0
tiny-05865,unresolved,3,2,1,not sampled,0,0,0
tiny-05866,unresolved,4,2,1,not sampled,0,0,0
tiny-05867,unresolved,4,2,1,not sampled,0,0,0
tiny-05868,absent,2,1,1,not sampled,0,0,0
tiny-05869,absent,2,1,1,not sampled,0,0,0
tiny-05870,absent,3,1,1,not sampled,0,0,0
tiny-05871,absent,3,1,1,not sampled,0,0,0
tiny-05872,absent,3,1,1,not sampled,0,0,0
tiny-05873,absent,3,1,1,not sampled,0,0,0
tiny-05874,absent,4,1,1,not sampled,0,0,0
tiny-05875,absent,4,1,1,not sampled,0,0,0
tiny-05876,absent,3,1,1,not sampled,0,0,0
tiny-05877,absent,3,2,1,not sampled,0,0,0
tiny-05878,absent,4,1,1,not sampled,0,0,0
tiny-05879,absent,4,2,1,not sampled,0,0,0
tiny-05880,newly_justified,3,2,1,not sampled,0,0,0
tiny-05881,absent,3,2,1,not sampled,0,0,0
tiny-05882,unresolved,4,2,1,not sampled,0,0,0
tiny-05883,absent,4,2,1,not sampled,0,0,0
tiny-05884,newly_justified,4,2,1,not sampled,0,0,0
tiny-05885,absent,4,1,1,not sampled,0,0,0
tiny-05886,unresolved,5,2,1,not sampled,0,0,0
tiny-05887,absent,5,1,1,not sampled,0,0,0
tiny-05888,newly_justified,4,2,1,not sampled,0,0,0
tiny-05889,absent,4,3,1,not sampled,0,0,0
tiny-05890,unresolved,5,2,1,not sampled,0,0,0
tiny-05891,absent,5,3,1,not sampled,0,0,0
tiny-05892,unresolved,3,2,1,not sampled,0,0,0
tiny-05893,absent,3,2,1,not sampled,0,0,0
tiny-05894,unresolved,4,2,1,not sampled,0,0,0
tiny-05895,absent,4,2,1,not sampled,0,0,0
tiny-05896,unresolved,4,2,1,not sampled,0,0,0
tiny-05897,absent,4,1,1,not sampled,0,0,0
tiny-05898,unresolved,5,2,1,not sampled,0,0,0
tiny-05899,absent,5,1,1,not sampled,0,0,0
tiny-05900,unresolved,4,2,1,not sampled,0,0,0
tiny-05901,absent,4,3,1,not sampled,0,0,0
tiny-05902,unresolved,5,2,1,not sampled,0,0,0
tiny-05903,absent,5,3,1,not sampled,0,0,0
tiny-05904,absent,2,1,1,not sampled,0,0,0
tiny-05905,absent,2,1,1,not sampled,0,0,0
tiny-05906,absent,3,1,1,not sampled,0,0,0
tiny-05907,absent,3,1,1,not sampled,0,0,0
tiny-05908,absent,3,1,1,not sampled,0,0,0
tiny-05909,absent,3,1,1,not sampled,0,0,0
tiny-05910,absent,4,1,1,not sampled,0,0,0
tiny-05911,absent,4,1,1,not sampled,0,0,0
tiny-05912,absent,3,1,1,not sampled,0,0,0
tiny-05913,absent,3,2,1,not sampled,0,0,0
tiny-05914,absent,4,1,1,not sampled,0,0,0
tiny-05915,absent,4,2,1,not sampled,0,0,0
tiny-05916,newly_justified,3,2,1,not sampled,0,0,0
tiny-05917,unresolved,3,2,1,not sampled,0,0,0
tiny-05918,unresolved,4,2,1,not sampled,0,0,0
tiny-05919,unresolved,4,2,1,not sampled,0,0,0
tiny-05920,newly_justified,4,2,1,not sampled,0,0,0
tiny-05921,absent,4,1,1,not sampled,0,0,0
tiny-05922,unresolved,5,2,1,not sampled,0,0,0
tiny-05923,absent,5,1,1,not sampled,0,0,0
tiny-05924,newly_justified,4,2,1,not sampled,0,0,0
tiny-05925,unresolved,4,3,1,not sampled,0,0,0
tiny-05926,unresolved,5,2,1,not sampled,0,0,0
tiny-05927,unresolved,5,3,1,not sampled,0,0,0
tiny-05928,unresolved,3,2,1,not sampled,0,0,0
tiny-05929,unresolved,3,2,1,not sampled,0,0,0
tiny-05930,unresolved,4,2,1,not sampled,0,0,0
tiny-05931,unresolved,4,2,1,not sampled,0,0,0
tiny-05932,unresolved,4,2,1,not sampled,0,0,0
tiny-05933,absent,4,1,1,not sampled,0,0,0
tiny-05934,unresolved,5,2,1,not sampled,0,0,0
tiny-05935,absent,5,1,1,not sampled,0,0,0
tiny-05936,unresolved,4,2,1,not sampled,0,0,0
tiny-05937,unresolved,4,3,1,not sampled,0,0,0
tiny-05938,unresolved,5,2,1,not sampled,0,0,0
tiny-05939,unresolved,5,3,1,not sampled,0,0,0
tiny-05940,absent,1,1,1,not sampled,0,0,0
tiny-05941,absent,1,0,1,not sampled,0,0,0
tiny-05942,absent,2,1,1,not sampled,0,0,0
tiny-05943,absent,2,0,1,not sampled,0,0,0
tiny-05944,absent,2,1,1,not sampled,0,0,0
tiny-05945,absent,2,1,1,not sampled,0,0,0
tiny-05946,absent,3,1,1,not sampled,0,0,0
tiny-05947,absent,3,1,1,not sampled,0,0,0
tiny-05948,absent,2,1,1,not sampled,0,0,0
tiny-05949,absent,2,1,1,not sampled,0,0,0
tiny-05950,absent,3,1,1,not sampled,0,0,0
tiny-05951,absent,3,1,1,not sampled,0,0,0
tiny-05952,absent,2,2,1,not sampled,0,0,0
tiny-05953,newly_justified,2,1,1,not sampled,0,0,0
tiny-05954,unresolved,3,2,1,not sampled,0,0,0
tiny-05955,newly_justified,3,1,1,not sampled,0,0,0
tiny-05956,absent,3,2,1,not sampled,0,0,0
tiny-05957,absent,3,1,1,not sampled,0,0,0
tiny-05958,unresolved,4,2,1,not sampled,0,0,0
tiny-05959,absent,4,1,1,not sampled,0,0,0
tiny-05960,absent,3,2,1,not sampled,0,0,0
tiny-05961,newly_justified,3,2,1,not sampled,0,0,0
tiny-05962,unresolved,4,2,1,not sampled,0,0,0
tiny-05963,newly_justified,4,2,1,not sampled,0,0,0
tiny-05964,absent,2,2,1,not sampled,0,0,0
tiny-05965,unresolved,2,1,1,not sampled,0,0,0
tiny-05966,unresolved,3,2,1,not sampled,0,0,0
tiny-05967,unresolved,3,1,1,not sampled,0,0,0
tiny-05968,absent,3,2,1,not sampled,0,0,0
tiny-05969,absent,3,1,1,not sampled,0,0,0
tiny-05970,unresolved,4,2,1,not sampled,0,0,0
tiny-05971,absent,4,1,1,not sampled,0,0,0
tiny-05972,absent,3,2,1,not sampled,0,0,0
tiny-05973,unresolved,3,2,1,not sampled,0,0,0
tiny-05974,unresolved,4,2,1,not sampled,0,0,0
tiny-05975,unresolved,4,2,1,not sampled,0,0,0
tiny-05976,absent,2,1,1,not sampled,0,0,0
tiny-05977,absent,2,1,1,not sampled,0,0,0
tiny-05978,absent,3,1,1,not sampled,0,0,0
tiny-05979,absent,3,1,1,not sampled,0,0,0
tiny-05980,absent,3,1,1,not sampled,0,0,0
tiny-05981,absent,3,1,1,not sampled,0,0,0
tiny-05982,absent,4,1,1,not sampled,0,0,0
tiny-05983,absent,4,1,1,not sampled,0,0,0
tiny-05984,absent,3,1,1,not sampled,0,0,0
tiny-05985,absent,3,2,1,not sampled,0,0,0
tiny-05986,absent,4,1,1,not sampled,0,0,0
tiny-05987,absent,4,2,1,not sampled,0,0,0
tiny-05988,absent,3,2,1,not sampled,0,0,0
tiny-05989,absent,3,2,1,not sampled,0,0,0
tiny-05990,unresolved,4,2,1,not sampled,0,0,0
tiny-05991,absent,4,2,1,not sampled,0,0,0
tiny-05992,absent,4,2,1,not sampled,0,0,0
tiny-05993,absent,4,1,1,not sampled,0,0,0
tiny-05994,unresolved,5,2,1,not sampled,0,0,0
tiny-05995,absent,5,1,1,not sampled,0,0,0
tiny-05996,absent,4,2,1,not sampled,0,0,0
tiny-05997,absent,4,3,1,not sampled,0,0,0
tiny-05998,unresolved,5,2,1,not sampled,0,0,0
tiny-05999,absent,5,3,1,not sampled,0,0,0
tiny-06000,absent,3,2,1,not sampled,0,0,0
tiny-06001,absent,3,2,1,not sampled,0,0,0
tiny-06002,unresolved,4,2,1,not sampled,0,0,0
tiny-06003,absent,4,2,1,not sampled,0,0,0
tiny-06004,absent,4,2,1,not sampled,0,0,0
tiny-06005,absent,4,1,1,not sampled,0,0,0
tiny-06006,unresolved,5,2,1,not sampled,0,0,0
tiny-06007,absent,5,1,1,not sampled,0,0,0
tiny-06008,absent,4,2,1,not sampled,0,0,0
tiny-06009,absent,4,3,1,not sampled,0,0,0
tiny-06010,unresolved,5,2,1,not sampled,0,0,0
tiny-06011,absent,5,3,1,not sampled,0,0,0
tiny-06012,absent,2,1,1,not sampled,0,0,0
tiny-06013,absent,2,1,1,not sampled,0,0,0
tiny-06014,absent,3,1,1,not sampled,0,0,0
tiny-06015,absent,3,1,1,not sampled,0,0,0
tiny-06016,absent,3,1,1,not sampled,0,0,0
tiny-06017,absent,3,1,1,not sampled,0,0,0
tiny-06018,absent,4,1,1,not sampled,0,0,0
tiny-06019,absent,4,1,1,not sampled,0,0,0
tiny-06020,absent,3,1,1,not sampled,0,0,0
tiny-06021,absent,3,2,1,not sampled,0,0,0
tiny-06022,absent,4,1,1,not sampled,0,0,0
tiny-06023,absent,4,2,1,not sampled,0,0,0
tiny-06024,absent,3,2,1,not sampled,0,0,0
tiny-06025,unresolved,3,2,1,not sampled,0,0,0
tiny-06026,unresolved,4,2,1,not sampled,0,0,0
tiny-06027,unresolved,4,2,1,not sampled,0,0,0
tiny-06028,absent,4,2,1,not sampled,0,0,0
tiny-06029,absent,4,1,1,not sampled,0,0,0
tiny-06030,unresolved,5,2,1,not sampled,0,0,0
tiny-06031,absent,5,1,1,not sampled,0,0,0
tiny-06032,absent,4,2,1,not sampled,0,0,0
tiny-06033,unresolved,4,3,1,not sampled,0,0,0
tiny-06034,unresolved,5,2,1,not sampled,0,0,0
tiny-06035,unresolved,5,3,1,not sampled,0,0,0
tiny-06036,absent,3,2,1,not sampled,0,0,0
tiny-06037,unresolved,3,2,1,not sampled,0,0,0
tiny-06038,unresolved,4,2,1,not sampled,0,0,0
tiny-06039,unresolved,4,2,1,not sampled,0,0,0
tiny-06040,absent,4,2,1,not sampled,0,0,0
tiny-06041,absent,4,1,1,not sampled,0,0,0
tiny-06042,unresolved,5,2,1,not sampled,0,0,0
tiny-06043,absent,5,1,1,not sampled,0,0,0
tiny-06044,absent,4,2,1,not sampled,0,0,0
tiny-06045,unresolved,4,3,1,not sampled,0,0,0
tiny-06046,unresolved,5,2,1,not sampled,0,0,0
tiny-06047,unresolved,5,3,1,not sampled,0,0,0
tiny-06048,absent,0,0,1,not sampled,0,0,0
tiny-06049,absent,0,0,1,not sampled,0,0,0
tiny-06050,absent,1,1,1,not sampled,0,0,0
tiny-06051,absent,1,0,1,not sampled,0,0,0
tiny-06052,absent,1,0,1,not sampled,0,0,0
tiny-06053,absent,1,1,1,not sampled,0,0,0
tiny-06054,absent,2,1,1,not sampled,0,0,0
tiny-06055,absent,2,1,1,not sampled,0,0,0
tiny-06056,absent,1,0,1,not sampled,0,0,0
tiny-06057,absent,1,1,1,not sampled,0,0,0
tiny-06058,absent,2,1,1,not sampled,0,0,0
tiny-06059,absent,2,1,1,not sampled,0,0,0
tiny-06060,unresolved,1,1,1,not sampled,0,0,0
tiny-06061,newly_justified,1,1,1,not sampled,0,0,0
tiny-06062,unresolved,2,2,1,not sampled,0,0,0
tiny-06063,newly_justified,2,1,1,not sampled,0,0,0
tiny-06064,unresolved,2,1,1,not sampled,0,0,0
tiny-06065,absent,2,1,1,not sampled,0,0,0
tiny-06066,unresolved,3,2,1,not sampled,0,0,0
tiny-06067,absent,3,1,1,not sampled,0,0,0
tiny-06068,unresolved,2,1,1,not sampled,0,0,0
tiny-06069,newly_justified,2,2,1,not sampled,0,0,0
tiny-06070,unresolved,3,2,1,not sampled,0,0,0
tiny-06071,newly_justified,3,2,1,not sampled,0,0,0
tiny-06072,unresolved,1,1,1,not sampled,0,0,0
tiny-06073,unresolved,1,1,1,not sampled,0,0,0
tiny-06074,unresolved,2,2,1,not sampled,0,0,0
tiny-06075,unresolved,2,1,1,not sampled,0,0,0
tiny-06076,unresolved,2,1,1,not sampled,0,0,0
tiny-06077,absent,2,1,1,not sampled,0,0,0
tiny-06078,unresolved,3,2,1,not sampled,0,0,0
tiny-06079,absent,3,1,1,not sampled,0,0,0
tiny-06080,unresolved,2,1,1,not sampled,0,0,0
tiny-06081,unresolved,2,2,1,not sampled,0,0,0
tiny-06082,unresolved,3,2,1,not sampled,0,0,0
tiny-06083,unresolved,3,2,1,not sampled,0,0,0
tiny-06084,absent,1,0,1,not sampled,0,0,0
tiny-06085,absent,1,1,1,not sampled,0,0,0
tiny-06086,absent,2,1,1,not sampled,0,0,0
tiny-06087,absent,2,1,1,not sampled,0,0,0
tiny-06088,absent,2,0,1,not sampled,0,0,0
tiny-06089,absent,2,1,1,not sampled,0,0,0
tiny-06090,absent,3,1,1,not sampled,0,0,0
tiny-06091,absent,3,1,1,not sampled,0,0,0
tiny-06092,absent,2,0,1,not sampled,0,0,0
tiny-06093,absent,2,2,1,not sampled,0,0,0
tiny-06094,absent,3,1,1,not sampled,0,0,0
tiny-06095,absent,3,2,1,not sampled,0,0,0
tiny-06096,unresolved,2,1,1,not sampled,0,0,0
tiny-06097,absent,2,2,1,not sampled,0,0,0
tiny-06098,unresolved,3,2,1,not sampled,0,0,0
tiny-06099,absent,3,2,1,not sampled,0,0,0
tiny-06100,unresolved,3,1,1,not sampled,0,0,0
tiny-06101,absent,3,1,1,not sampled,0,0,0
tiny-06102,unresolved,4,2,1,not sampled,0,0,0
tiny-06103,absent,4,1,1,not sampled,0,0,0
tiny-06104,unresolved,3,1,1,not sampled,0,0,0
tiny-06105,absent,3,3,1,not sampled,0,0,0
tiny-06106,unresolved,4,2,1,not sampled,0,0,0
tiny-06107,absent,4,3,1,not sampled,0,0,0
tiny-06108,unresolved,2,1,1,not sampled,0,0,0
tiny-06109,absent,2,2,1,not sampled,0,0,0
tiny-06110,unresolved,3,2,1,not sampled,0,0,0
tiny-06111,absent,3,2,1,not sampled,0,0,0
tiny-06112,unresolved,3,1,1,not sampled,0,0,0
tiny-06113,absent,3,1,1,not sampled,0,0,0
tiny-06114,unresolved,4,2,1,not sampled,0,0,0
tiny-06115,absent,4,1,1,not sampled,0,0,0
tiny-06116,unresolved,3,1,1,not sampled,0,0,0
tiny-06117,absent,3,3,1,not sampled,0,0,0
tiny-06118,unresolved,4,2,1,not sampled,0,0,0
tiny-06119,absent,4,3,1,not sampled,0,0,0
tiny-06120,absent,1,0,1,not sampled,0,0,0
tiny-06121,absent,1,1,1,not sampled,0,0,0
tiny-06122,absent,2,1,1,not sampled,0,0,0
tiny-06123,absent,2,1,1,not sampled,0,0,0
tiny-06124,absent,2,0,1,not sampled,0,0,0
tiny-06125,absent,2,1,1,not sampled,0,0,0
tiny-06126,absent,3,1,1,not sampled,0,0,0
tiny-06127,absent,3,1,1,not sampled,0,0,0
tiny-06128,absent,2,0,1,not sampled,0,0,0
tiny-06129,absent,2,2,1,not sampled,0,0,0
tiny-06130,absent,3,1,1,not sampled,0,0,0
tiny-06131,absent,3,2,1,not sampled,0,0,0
tiny-06132,unresolved,2,1,1,not sampled,0,0,0
tiny-06133,unresolved,2,2,1,not sampled,0,0,0
tiny-06134,unresolved,3,2,1,not sampled,0,0,0
tiny-06135,unresolved,3,2,1,not sampled,0,0,0
tiny-06136,unresolved,3,1,1,not sampled,0,0,0
tiny-06137,absent,3,1,1,not sampled,0,0,0
tiny-06138,unresolved,4,2,1,not sampled,0,0,0
tiny-06139,absent,4,1,1,not sampled,0,0,0
tiny-06140,unresolved,3,1,1,not sampled,0,0,0
tiny-06141,unresolved,3,3,1,not sampled,0,0,0
tiny-06142,unresolved,4,2,1,not sampled,0,0,0
tiny-06143,unresolved,4,3,1,not sampled,0,0,0
tiny-06144,unresolved,2,1,1,not sampled,0,0,0
tiny-06145,unresolved,2,2,1,not sampled,0,0,0
tiny-06146,unresolved,3,2,1,not sampled,0,0,0
tiny-06147,unresolved,3,2,1,not sampled,0,0,0
tiny-06148,unresolved,3,1,1,not sampled,0,0,0
tiny-06149,absent,3,1,1,not sampled,0,0,0
tiny-06150,unresolved,4,2,1,not sampled,0,0,0
tiny-06151,absent,4,1,1,not sampled,0,0,0
tiny-06152,unresolved,3,1,1,not sampled,0,0,0
tiny-06153,unresolved,3,3,1,not sampled,0,0,0
tiny-06154,unresolved,4,2,1,not sampled,0,0,0
tiny-06155,unresolved,4,3,1,not sampled,0,0,0
tiny-06156,unresolved,2,2,1,not sampled,0,0,0
tiny-06157,invalidated,2,1,1,not sampled,0,0,0
tiny-06158,unresolved,3,2,1,not sampled,0,0,0
tiny-06159,invalidated,3,1,1,not sampled,0,0,0
tiny-06160,unresolved,3,2,1,not sampled,0,0,0
tiny-06161,invalidated,3,1,1,not sampled,0,0,0
tiny-06162,unresolved,4,2,1,not sampled,0,0,0
tiny-06163,invalidated,4,1,1,not sampled,0,0,0
tiny-06164,unresolved,3,2,1,not sampled,0,0,0
tiny-06165,absent,3,2,1,not sampled,0,0,0
tiny-06166,unresolved,4,2,1,not sampled,0,0,0
tiny-06167,absent,4,2,1,not sampled,0,0,0
tiny-06168,unresolved,1,1,1,not sampled,0,0,0
tiny-06169,preserved,1,0,1,1,2,2,0
tiny-06170,unresolved,2,1,1,not sampled,0,0,0
tiny-06171,preserved,2,0,1,1,4,4,0
tiny-06172,unresolved,2,1,1,not sampled,0,0,0
tiny-06173,invalidated,2,1,1,not sampled,0,0,0
tiny-06174,unresolved,3,1,1,not sampled,0,0,0
tiny-06175,invalidated,3,1,1,not sampled,0,0,0
tiny-06176,unresolved,2,1,1,not sampled,0,0,0
tiny-06177,newly_justified,2,1,1,not sampled,0,0,0
tiny-06178,unresolved,3,1,1,not sampled,0,0,0
tiny-06179,newly_justified,3,1,1,not sampled,0,0,0
tiny-06180,unresolved,2,2,1,not sampled,0,0,0
tiny-06181,unresolved,2,1,1,not sampled,0,0,0
tiny-06182,unresolved,3,2,1,not sampled,0,0,0
tiny-06183,unresolved,3,1,1,not sampled,0,0,0
tiny-06184,unresolved,3,2,1,not sampled,0,0,0
tiny-06185,invalidated,3,1,1,not sampled,0,0,0
tiny-06186,unresolved,4,2,1,not sampled,0,0,0
tiny-06187,invalidated,4,1,1,not sampled,0,0,0
tiny-06188,unresolved,3,2,1,not sampled,0,0,0
tiny-06189,unresolved,3,2,1,not sampled,0,0,0
tiny-06190,unresolved,4,2,1,not sampled,0,0,0
tiny-06191,unresolved,4,2,1,not sampled,0,0,0
tiny-06192,unresolved,3,2,1,not sampled,0,0,0
tiny-06193,invalidated,3,2,1,not sampled,0,0,0
tiny-06194,unresolved,4,2,1,not sampled,0,0,0
tiny-06195,invalidated,4,2,1,not sampled,0,0,0
tiny-06196,unresolved,4,2,1,not sampled,0,0,0
tiny-06197,invalidated,4,1,1,not sampled,0,0,0
tiny-06198,unresolved,5,2,1,not sampled,0,0,0
tiny-06199,invalidated,5,1,1,not sampled,0,0,0
tiny-06200,unresolved,4,2,1,not sampled,0,0,0
tiny-06201,absent,4,3,1,not sampled,0,0,0
tiny-06202,unresolved,5,2,1,not sampled,0,0,0
tiny-06203,absent,5,3,1,not sampled,0,0,0
tiny-06204,unresolved,2,1,1,not sampled,0,0,0
tiny-06205,invalidated,2,1,1,not sampled,0,0,0
tiny-06206,unresolved,3,1,1,not sampled,0,0,0
tiny-06207,invalidated,3,1,1,not sampled,0,0,0
tiny-06208,unresolved,3,1,1,not sampled,0,0,0
tiny-06209,invalidated,3,1,1,not sampled,0,0,0
tiny-06210,unresolved,4,1,1,not sampled,0,0,0
tiny-06211,invalidated,4,1,1,not sampled,0,0,0
tiny-06212,unresolved,3,1,1,not sampled,0,0,0
tiny-06213,absent,3,2,1,not sampled,0,0,0
tiny-06214,unresolved,4,1,1,not sampled,0,0,0
tiny-06215,absent,4,2,1,not sampled,0,0,0
tiny-06216,unresolved,3,2,1,not sampled,0,0,0
tiny-06217,invalidated,3,2,1,not sampled,0,0,0
tiny-06218,unresolved,4,2,1,not sampled,0,0,0
tiny-06219,invalidated,4,2,1,not sampled,0,0,0
tiny-06220,unresolved,4,2,1,not sampled,0,0,0
tiny-06221,invalidated,4,1,1,not sampled,0,0,0
tiny-06222,unresolved,5,2,1,not sampled,0,0,0
tiny-06223,invalidated,5,1,1,not sampled,0,0,0
tiny-06224,unresolved,4,2,1,not sampled,0,0,0
tiny-06225,absent,4,3,1,not sampled,0,0,0
tiny-06226,unresolved,5,2,1,not sampled,0,0,0
tiny-06227,absent,5,3,1,not sampled,0,0,0
tiny-06228,unresolved,3,2,1,not sampled,0,0,0
tiny-06229,invalidated,3,2,1,not sampled,0,0,0
tiny-06230,unresolved,4,2,1,not sampled,0,0,0
tiny-06231,invalidated,4,2,1,not sampled,0,0,0
tiny-06232,unresolved,4,2,1,not sampled,0,0,0
tiny-06233,invalidated,4,1,1,not sampled,0,0,0
tiny-06234,unresolved,5,2,1,not sampled,0,0,0
tiny-06235,invalidated,5,1,1,not sampled,0,0,0
tiny-06236,unresolved,4,2,1,not sampled,0,0,0
tiny-06237,absent,4,3,1,not sampled,0,0,0
tiny-06238,unresolved,5,2,1,not sampled,0,0,0
tiny-06239,absent,5,3,1,not sampled,0,0,0
tiny-06240,unresolved,2,1,1,not sampled,0,0,0
tiny-06241,unresolved,2,1,1,not sampled,0,0,0
tiny-06242,unresolved,3,1,1,not sampled,0,0,0
tiny-06243,unresolved,3,1,1,not sampled,0,0,0
tiny-06244,unresolved,3,1,1,not sampled,0,0,0
tiny-06245,invalidated,3,1,1,not sampled,0,0,0
tiny-06246,unresolved,4,1,1,not sampled,0,0,0
tiny-06247,invalidated,4,1,1,not sampled,0,0,0
tiny-06248,unresolved,3,1,1,not sampled,0,0,0
tiny-06249,unresolved,3,2,1,not sampled,0,0,0
tiny-06250,unresolved,4,1,1,not sampled,0,0,0
tiny-06251,unresolved,4,2,1,not sampled,0,0,0
tiny-06252,unresolved,3,2,1,not sampled,0,0,0
tiny-06253,unresolved,3,2,1,not sampled,0,0,0
tiny-06254,unresolved,4,2,1,not sampled,0,0,0
tiny-06255,unresolved,4,2,1,not sampled,0,0,0
tiny-06256,unresolved,4,2,1,not sampled,0,0,0
tiny-06257,invalidated,4,1,1,not sampled,0,0,0
tiny-06258,unresolved,5,2,1,not sampled,0,0,0
tiny-06259,invalidated,5,1,1,not sampled,0,0,0
tiny-06260,unresolved,4,2,1,not sampled,0,0,0
tiny-06261,unresolved,4,3,1,not sampled,0,0,0
tiny-06262,unresolved,5,2,1,not sampled,0,0,0
tiny-06263,unresolved,5,3,1,not sampled,0,0,0
tiny-06264,unresolved,2,2,1,not sampled,0,0,0
tiny-06265,invalidated,2,1,1,not sampled,0,0,0
tiny-06266,unresolved,3,2,1,not sampled,0,0,0
tiny-06267,invalidated,3,1,1,not sampled,0,0,0
tiny-06268,unresolved,3,2,1,not sampled,0,0,0
tiny-06269,invalidated,3,1,1,not sampled,0,0,0
tiny-06270,unresolved,4,2,1,not sampled,0,0,0
tiny-06271,invalidated,4,1,1,not sampled,0,0,0
tiny-06272,unresolved,3,2,1,not sampled,0,0,0
tiny-06273,absent,3,2,1,not sampled,0,0,0
tiny-06274,unresolved,4,2,1,not sampled,0,0,0
tiny-06275,absent,4,2,1,not sampled,0,0,0
tiny-06276,unresolved,1,1,1,not sampled,0,0,0
tiny-06277,preserved,1,0,1,1,2,2,0
tiny-06278,unresolved,2,1,1,not sampled,0,0,0
tiny-06279,preserved,2,0,1,1,4,4,0
tiny-06280,unresolved,2,1,1,not sampled,0,0,0
tiny-06281,invalidated,2,1,1,not sampled,0,0,0
tiny-06282,unresolved,3,1,1,not sampled,0,0,0
tiny-06283,invalidated,3,1,1,not sampled,0,0,0
tiny-06284,unresolved,2,1,1,not sampled,0,0,0
tiny-06285,newly_justified,2,1,1,not sampled,0,0,0
tiny-06286,unresolved,3,1,1,not sampled,0,0,0
tiny-06287,newly_justified,3,1,1,not sampled,0,0,0
tiny-06288,unresolved,2,2,1,not sampled,0,0,0
tiny-06289,unresolved,2,1,1,not sampled,0,0,0
tiny-06290,unresolved,3,2,1,not sampled,0,0,0
tiny-06291,unresolved,3,1,1,not sampled,0,0,0
tiny-06292,unresolved,3,2,1,not sampled,0,0,0
tiny-06293,invalidated,3,1,1,not sampled,0,0,0
tiny-06294,unresolved,4,2,1,not sampled,0,0,0
tiny-06295,invalidated,4,1,1,not sampled,0,0,0
tiny-06296,unresolved,3,2,1,not sampled,0,0,0
tiny-06297,unresolved,3,2,1,not sampled,0,0,0
tiny-06298,unresolved,4,2,1,not sampled,0,0,0
tiny-06299,unresolved,4,2,1,not sampled,0,0,0
tiny-06300,unresolved,3,2,1,not sampled,0,0,0
tiny-06301,invalidated,3,2,1,not sampled,0,0,0
tiny-06302,unresolved,4,2,1,not sampled,0,0,0
tiny-06303,invalidated,4,2,1,not sampled,0,0,0
tiny-06304,unresolved,4,2,1,not sampled,0,0,0
tiny-06305,invalidated,4,1,1,not sampled,0,0,0
tiny-06306,unresolved,5,2,1,not sampled,0,0,0
tiny-06307,invalidated,5,1,1,not sampled,0,0,0
tiny-06308,unresolved,4,2,1,not sampled,0,0,0
tiny-06309,absent,4,3,1,not sampled,0,0,0
tiny-06310,unresolved,5,2,1,not sampled,0,0,0
tiny-06311,absent,5,3,1,not sampled,0,0,0
tiny-06312,unresolved,2,1,1,not sampled,0,0,0
tiny-06313,invalidated,2,1,1,not sampled,0,0,0
tiny-06314,unresolved,3,1,1,not sampled,0,0,0
tiny-06315,invalidated,3,1,1,not sampled,0,0,0
tiny-06316,unresolved,3,1,1,not sampled,0,0,0
tiny-06317,invalidated,3,1,1,not sampled,0,0,0
tiny-06318,unresolved,4,1,1,not sampled,0,0,0
tiny-06319,invalidated,4,1,1,not sampled,0,0,0
tiny-06320,unresolved,3,1,1,not sampled,0,0,0
tiny-06321,absent,3,2,1,not sampled,0,0,0
tiny-06322,unresolved,4,1,1,not sampled,0,0,0
tiny-06323,absent,4,2,1,not sampled,0,0,0
tiny-06324,unresolved,3,2,1,not sampled,0,0,0
tiny-06325,invalidated,3,2,1,not sampled,0,0,0
tiny-06326,unresolved,4,2,1,not sampled,0,0,0
tiny-06327,invalidated,4,2,1,not sampled,0,0,0
tiny-06328,unresolved,4,2,1,not sampled,0,0,0
tiny-06329,invalidated,4,1,1,not sampled,0,0,0
tiny-06330,unresolved,5,2,1,not sampled,0,0,0
tiny-06331,invalidated,5,1,1,not sampled,0,0,0
tiny-06332,unresolved,4,2,1,not sampled,0,0,0
tiny-06333,absent,4,3,1,not sampled,0,0,0
tiny-06334,unresolved,5,2,1,not sampled,0,0,0
tiny-06335,absent,5,3,1,not sampled,0,0,0
tiny-06336,unresolved,3,2,1,not sampled,0,0,0
tiny-06337,invalidated,3,2,1,not sampled,0,0,0
tiny-06338,unresolved,4,2,1,not sampled,0,0,0
tiny-06339,invalidated,4,2,1,not sampled,0,0,0
tiny-06340,unresolved,4,2,1,not sampled,0,0,0
tiny-06341,invalidated,4,1,1,not sampled,0,0,0
tiny-06342,unresolved,5,2,1,not sampled,0,0,0
tiny-06343,invalidated,5,1,1,not sampled,0,0,0
tiny-06344,unresolved,4,2,1,not sampled,0,0,0
tiny-06345,absent,4,3,1,not sampled,0,0,0
tiny-06346,unresolved,5,2,1,not sampled,0,0,0
tiny-06347,absent,5,3,1,not sampled,0,0,0
tiny-06348,unresolved,2,1,1,not sampled,0,0,0
tiny-06349,unresolved,2,1,1,not sampled,0,0,0
tiny-06350,unresolved,3,1,1,not sampled,0,0,0
tiny-06351,unresolved,3,1,1,not sampled,0,0,0
tiny-06352,unresolved,3,1,1,not sampled,0,0,0
tiny-06353,invalidated,3,1,1,not sampled,0,0,0
tiny-06354,unresolved,4,1,1,not sampled,0,0,0
tiny-06355,invalidated,4,1,1,not sampled,0,0,0
tiny-06356,unresolved,3,1,1,not sampled,0,0,0
tiny-06357,unresolved,3,2,1,not sampled,0,0,0
tiny-06358,unresolved,4,1,1,not sampled,0,0,0
tiny-06359,unresolved,4,2,1,not sampled,0,0,0
tiny-06360,unresolved,3,2,1,not sampled,0,0,0
tiny-06361,unresolved,3,2,1,not sampled,0,0,0
tiny-06362,unresolved,4,2,1,not sampled,0,0,0
tiny-06363,unresolved,4,2,1,not sampled,0,0,0
tiny-06364,unresolved,4,2,1,not sampled,0,0,0
tiny-06365,invalidated,4,1,1,not sampled,0,0,0
tiny-06366,unresolved,5,2,1,not sampled,0,0,0
tiny-06367,invalidated,5,1,1,not sampled,0,0,0
tiny-06368,unresolved,4,2,1,not sampled,0,0,0
tiny-06369,unresolved,4,3,1,not sampled,0,0,0
tiny-06370,unresolved,5,2,1,not sampled,0,0,0
tiny-06371,unresolved,5,3,1,not sampled,0,0,0
tiny-06372,unresolved,1,1,1,not sampled,0,0,0
tiny-06373,invalidated,1,1,1,not sampled,0,0,0
tiny-06374,unresolved,2,2,1,not sampled,0,0,0
tiny-06375,invalidated,2,1,1,not sampled,0,0,0
tiny-06376,unresolved,2,1,1,not sampled,0,0,0
tiny-06377,invalidated,2,1,1,not sampled,0,0,0
tiny-06378,unresolved,3,2,1,not sampled,0,0,0
tiny-06379,invalidated,3,1,1,not sampled,0,0,0
tiny-06380,unresolved,2,1,1,not sampled,0,0,0
tiny-06381,absent,2,2,1,not sampled,0,0,0
tiny-06382,unresolved,3,2,1,not sampled,0,0,0
tiny-06383,absent,3,2,1,not sampled,0,0,0
tiny-06384,unresolved,0,0,1,not sampled,0,0,0
tiny-06385,preserved,0,0,1,1,1,1,0
tiny-06386,unresolved,1,1,1,not sampled,0,0,0
tiny-06387,preserved,1,0,1,1,2,2,0
tiny-06388,unresolved,1,0,1,not sampled,0,0,0
tiny-06389,invalidated,1,1,1,not sampled,0,0,0
tiny-06390,unresolved,2,1,1,not sampled,0,0,0
tiny-06391,invalidated,2,1,1,not sampled,0,0,0
tiny-06392,unresolved,1,0,1,not sampled,0,0,0
tiny-06393,newly_justified,1,1,1,not sampled,0,0,0
tiny-06394,unresolved,2,1,1,not sampled,0,0,0
tiny-06395,newly_justified,2,1,1,not sampled,0,0,0
tiny-06396,unresolved,1,1,1,not sampled,0,0,0
tiny-06397,unresolved,1,1,1,not sampled,0,0,0
tiny-06398,unresolved,2,2,1,not sampled,0,0,0
tiny-06399,unresolved,2,1,1,not sampled,0,0,0
tiny-06400,unresolved,2,1,1,not sampled,0,0,0
tiny-06401,invalidated,2,1,1,not sampled,0,0,0
tiny-06402,unresolved,3,2,1,not sampled,0,0,0
tiny-06403,invalidated,3,1,1,not sampled,0,0,0
tiny-06404,unresolved,2,1,1,not sampled,0,0,0
tiny-06405,unresolved,2,2,1,not sampled,0,0,0
tiny-06406,unresolved,3,2,1,not sampled,0,0,0
tiny-06407,unresolved,3,2,1,not sampled,0,0,0
tiny-06408,unresolved,2,1,1,not sampled,0,0,0
tiny-06409,invalidated,2,2,1,not sampled,0,0,0
tiny-06410,unresolved,3,2,1,not sampled,0,0,0
tiny-06411,invalidated,3,2,1,not sampled,0,0,0
tiny-06412,unresolved,3,1,1,not sampled,0,0,0
tiny-06413,invalidated,3,1,1,not sampled,0,0,0
tiny-06414,unresolved,4,2,1,not sampled,0,0,0
tiny-06415,invalidated,4,1,1,not sampled,0,0,0
tiny-06416,unresolved,3,1,1,not sampled,0,0,0
tiny-06417,absent,3,3,1,not sampled,0,0,0
tiny-06418,unresolved,4,2,1,not sampled,0,0,0
tiny-06419,absent,4,3,1,not sampled,0,0,0
tiny-06420,unresolved,1,0,1,not sampled,0,0,0
tiny-06421,invalidated,1,1,1,not sampled,0,0,0
tiny-06422,unresolved,2,1,1,not sampled,0,0,0
tiny-06423,invalidated,2,1,1,not sampled,0,0,0
tiny-06424,unresolved,2,0,1,not sampled,0,0,0
tiny-06425,invalidated,2,1,1,not sampled,0,0,0
tiny-06426,unresolved,3,1,1,not sampled,0,0,0
tiny-06427,invalidated,3,1,1,not sampled,0,0,0
tiny-06428,unresolved,2,0,1,not sampled,0,0,0
tiny-06429,absent,2,2,1,not sampled,0,0,0
tiny-06430,unresolved,3,1,1,not sampled,0,0,0
tiny-06431,absent,3,2,1,not sampled,0,0,0
tiny-06432,unresolved,2,1,1,not sampled,0,0,0
tiny-06433,invalidated,2,2,1,not sampled,0,0,0
tiny-06434,unresolved,3,2,1,not sampled,0,0,0
tiny-06435,invalidated,3,2,1,not sampled,0,0,0
tiny-06436,unresolved,3,1,1,not sampled,0,0,0
tiny-06437,invalidated,3,1,1,not sampled,0,0,0
tiny-06438,unresolved,4,2,1,not sampled,0,0,0
tiny-06439,invalidated,4,1,1,not sampled,0,0,0
tiny-06440,unresolved,3,1,1,not sampled,0,0,0
tiny-06441,absent,3,3,1,not sampled,0,0,0
tiny-06442,unresolved,4,2,1,not sampled,0,0,0
tiny-06443,absent,4,3,1,not sampled,0,0,0
tiny-06444,unresolved,2,1,1,not sampled,0,0,0
tiny-06445,invalidated,2,2,1,not sampled,0,0,0
tiny-06446,unresolved,3,2,1,not sampled,0,0,0
tiny-06447,invalidated,3,2,1,not sampled,0,0,0
tiny-06448,unresolved,3,1,1,not sampled,0,0,0
tiny-06449,invalidated,3,1,1,not sampled,0,0,0
tiny-06450,unresolved,4,2,1,not sampled,0,0,0
tiny-06451,invalidated,4,1,1,not sampled,0,0,0
tiny-06452,unresolved,3,1,1,not sampled,0,0,0
tiny-06453,absent,3,3,1,not sampled,0,0,0
tiny-06454,unresolved,4,2,1,not sampled,0,0,0
tiny-06455,absent,4,3,1,not sampled,0,0,0
tiny-06456,unresolved,1,0,1,not sampled,0,0,0
tiny-06457,unresolved,1,1,1,not sampled,0,0,0
tiny-06458,unresolved,2,1,1,not sampled,0,0,0
tiny-06459,unresolved,2,1,1,not sampled,0,0,0
tiny-06460,unresolved,2,0,1,not sampled,0,0,0
tiny-06461,invalidated,2,1,1,not sampled,0,0,0
tiny-06462,unresolved,3,1,1,not sampled,0,0,0
tiny-06463,invalidated,3,1,1,not sampled,0,0,0
tiny-06464,unresolved,2,0,1,not sampled,0,0,0
tiny-06465,unresolved,2,2,1,not sampled,0,0,0
tiny-06466,unresolved,3,1,1,not sampled,0,0,0
tiny-06467,unresolved,3,2,1,not sampled,0,0,0
tiny-06468,unresolved,2,1,1,not sampled,0,0,0
tiny-06469,unresolved,2,2,1,not sampled,0,0,0
tiny-06470,unresolved,3,2,1,not sampled,0,0,0
tiny-06471,unresolved,3,2,1,not sampled,0,0,0
tiny-06472,unresolved,3,1,1,not sampled,0,0,0
tiny-06473,invalidated,3,1,1,not sampled,0,0,0
tiny-06474,unresolved,4,2,1,not sampled,0,0,0
tiny-06475,invalidated,4,1,1,not sampled,0,0,0
tiny-06476,unresolved,3,1,1,not sampled,0,0,0
tiny-06477,unresolved,3,3,1,not sampled,0,0,0
tiny-06478,unresolved,4,2,1,not sampled,0,0,0
tiny-06479,unresolved,4,3,1,not sampled,0,0,0
tiny-06480,unresolved,2,2,1,not sampled,0,0,0
tiny-06481,unresolved,2,1,1,not sampled,0,0,0
tiny-06482,unresolved,3,2,1,not sampled,0,0,0
tiny-06483,unresolved,3,1,1,not sampled,0,0,0
tiny-06484,unresolved,3,2,1,not sampled,0,0,0
tiny-06485,unresolved,3,1,1,not sampled,0,0,0
tiny-06486,unresolved,4,2,1,not sampled,0,0,0
tiny-06487,unresolved,4,1,1,not sampled,0,0,0
tiny-06488,unresolved,3,2,1,not sampled,0,0,0
tiny-06489,absent,3,2,1,not sampled,0,0,0
tiny-06490,unresolved,4,2,1,not sampled,0,0,0
tiny-06491,absent,4,2,1,not sampled,0,0,0
tiny-06492,unresolved,2,2,1,not sampled,0,0,0
tiny-06493,unresolved,2,1,1,not sampled,0,0,0
tiny-06494,unresolved,3,2,1,not sampled,0,0,0
tiny-06495,unresolved,3,1,1,not sampled,0,0,0
tiny-06496,unresolved,3,2,1,not sampled,0,0,0
tiny-06497,unresolved,3,1,1,not sampled,0,0,0
tiny-06498,unresolved,4,2,1,not sampled,0,0,0
tiny-06499,unresolved,4,1,1,not sampled,0,0,0
tiny-06500,unresolved,3,2,1,not sampled,0,0,0
tiny-06501,newly_justified,3,2,1,not sampled,0,0,0
tiny-06502,unresolved,4,2,1,not sampled,0,0,0
tiny-06503,newly_justified,4,2,1,not sampled,0,0,0
tiny-06504,unresolved,1,1,1,not sampled,0,0,0
tiny-06505,unresolved,1,0,1,not sampled,0,0,0
tiny-06506,unresolved,2,1,1,not sampled,0,0,0
tiny-06507,unresolved,2,0,1,not sampled,0,0,0
tiny-06508,unresolved,2,1,1,not sampled,0,0,0
tiny-06509,unresolved,2,1,1,not sampled,0,0,0
tiny-06510,unresolved,3,1,1,not sampled,0,0,0
tiny-06511,unresolved,3,1,1,not sampled,0,0,0
tiny-06512,unresolved,2,1,1,not sampled,0,0,0
tiny-06513,unresolved,2,1,1,not sampled,0,0,0
tiny-06514,unresolved,3,1,1,not sampled,0,0,0
tiny-06515,unresolved,3,1,1,not sampled,0,0,0
tiny-06516,unresolved,3,2,1,not sampled,0,0,0
tiny-06517,unresolved,3,2,1,not sampled,0,0,0
tiny-06518,unresolved,4,2,1,not sampled,0,0,0
tiny-06519,unresolved,4,2,1,not sampled,0,0,0
tiny-06520,unresolved,4,2,1,not sampled,0,0,0
tiny-06521,unresolved,4,1,1,not sampled,0,0,0
tiny-06522,unresolved,5,2,1,not sampled,0,0,0
tiny-06523,unresolved,5,1,1,not sampled,0,0,0
tiny-06524,unresolved,4,2,1,not sampled,0,0,0
tiny-06525,absent,4,3,1,not sampled,0,0,0
tiny-06526,unresolved,5,2,1,not sampled,0,0,0
tiny-06527,absent,5,3,1,not sampled,0,0,0
tiny-06528,unresolved,3,2,1,not sampled,0,0,0
tiny-06529,unresolved,3,2,1,not sampled,0,0,0
tiny-06530,unresolved,4,2,1,not sampled,0,0,0
tiny-06531,unresolved,4,2,1,not sampled,0,0,0
tiny-06532,unresolved,4,2,1,not sampled,0,0,0
tiny-06533,unresolved,4,1,1,not sampled,0,0,0
tiny-06534,unresolved,5,2,1,not sampled,0,0,0
tiny-06535,unresolved,5,1,1,not sampled,0,0,0
tiny-06536,unresolved,4,2,1,not sampled,0,0,0
tiny-06537,absent,4,3,1,not sampled,0,0,0
tiny-06538,unresolved,5,2,1,not sampled,0,0,0
tiny-06539,absent,5,3,1,not sampled,0,0,0
tiny-06540,unresolved,2,1,1,not sampled,0,0,0
tiny-06541,unresolved,2,1,1,not sampled,0,0,0
tiny-06542,unresolved,3,1,1,not sampled,0,0,0
tiny-06543,unresolved,3,1,1,not sampled,0,0,0
tiny-06544,unresolved,3,1,1,not sampled,0,0,0
tiny-06545,unresolved,3,1,1,not sampled,0,0,0
tiny-06546,unresolved,4,1,1,not sampled,0,0,0
tiny-06547,unresolved,4,1,1,not sampled,0,0,0
tiny-06548,unresolved,3,1,1,not sampled,0,0,0
tiny-06549,absent,3,2,1,not sampled,0,0,0
tiny-06550,unresolved,4,1,1,not sampled,0,0,0
tiny-06551,absent,4,2,1,not sampled,0,0,0
tiny-06552,unresolved,3,2,1,not sampled,0,0,0
tiny-06553,unresolved,3,2,1,not sampled,0,0,0
tiny-06554,unresolved,4,2,1,not sampled,0,0,0
tiny-06555,unresolved,4,2,1,not sampled,0,0,0
tiny-06556,unresolved,4,2,1,not sampled,0,0,0
tiny-06557,unresolved,4,1,1,not sampled,0,0,0
tiny-06558,unresolved,5,2,1,not sampled,0,0,0
tiny-06559,unresolved,5,1,1,not sampled,0,0,0
tiny-06560,unresolved,4,2,1,not sampled,0,0,0
tiny-06561,absent,4,3,1,not sampled,0,0,0
tiny-06562,unresolved,5,2,1,not sampled,0,0,0
tiny-06563,absent,5,3,1,not sampled,0,0,0
tiny-06564,unresolved,3,2,1,not sampled,0,0,0
tiny-06565,unresolved,3,2,1,not sampled,0,0,0
tiny-06566,unresolved,4,2,1,not sampled,0,0,0
tiny-06567,unresolved,4,2,1,not sampled,0,0,0
tiny-06568,unresolved,4,2,1,not sampled,0,0,0
tiny-06569,unresolved,4,1,1,not sampled,0,0,0
tiny-06570,unresolved,5,2,1,not sampled,0,0,0
tiny-06571,unresolved,5,1,1,not sampled,0,0,0
tiny-06572,unresolved,4,2,1,not sampled,0,0,0
tiny-06573,unresolved,4,3,1,not sampled,0,0,0
tiny-06574,unresolved,5,2,1,not sampled,0,0,0
tiny-06575,unresolved,5,3,1,not sampled,0,0,0
tiny-06576,unresolved,2,1,1,not sampled,0,0,0
tiny-06577,unresolved,2,1,1,not sampled,0,0,0
tiny-06578,unresolved,3,1,1,not sampled,0,0,0
tiny-06579,unresolved,3,1,1,not sampled,0,0,0
tiny-06580,unresolved,3,1,1,not sampled,0,0,0
tiny-06581,unresolved,3,1,1,not sampled,0,0,0
tiny-06582,unresolved,4,1,1,not sampled,0,0,0
tiny-06583,unresolved,4,1,1,not sampled,0,0,0
tiny-06584,unresolved,3,1,1,not sampled,0,0,0
tiny-06585,unresolved,3,2,1,not sampled,0,0,0
tiny-06586,unresolved,4,1,1,not sampled,0,0,0
tiny-06587,unresolved,4,2,1,not sampled,0,0,0
tiny-06588,unresolved,2,2,1,not sampled,0,0,0
tiny-06589,unresolved,2,1,1,not sampled,0,0,0
tiny-06590,unresolved,3,2,1,not sampled,0,0,0
tiny-06591,unresolved,3,1,1,not sampled,0,0,0
tiny-06592,unresolved,3,2,1,not sampled,0,0,0
tiny-06593,unresolved,3,1,1,not sampled,0,0,0
tiny-06594,unresolved,4,2,1,not sampled,0,0,0
tiny-06595,unresolved,4,1,1,not sampled,0,0,0
tiny-06596,unresolved,3,2,1,not sampled,0,0,0
tiny-06597,absent,3,2,1,not sampled,0,0,0
tiny-06598,unresolved,4,2,1,not sampled,0,0,0
tiny-06599,absent,4,2,1,not sampled,0,0,0
tiny-06600,unresolved,2,2,1,not sampled,0,0,0
tiny-06601,unresolved,2,1,1,not sampled,0,0,0
tiny-06602,unresolved,3,2,1,not sampled,0,0,0
tiny-06603,unresolved,3,1,1,not sampled,0,0,0
tiny-06604,unresolved,3,2,1,not sampled,0,0,0
tiny-06605,unresolved,3,1,1,not sampled,0,0,0
tiny-06606,unresolved,4,2,1,not sampled,0,0,0
tiny-06607,unresolved,4,1,1,not sampled,0,0,0
tiny-06608,unresolved,3,2,1,not sampled,0,0,0
tiny-06609,newly_justified,3,2,1,not sampled,0,0,0
tiny-06610,unresolved,4,2,1,not sampled,0,0,0
tiny-06611,newly_justified,4,2,1,not sampled,0,0,0
tiny-06612,unresolved,1,1,1,not sampled,0,0,0
tiny-06613,unresolved,1,0,1,not sampled,0,0,0
tiny-06614,unresolved,2,1,1,not sampled,0,0,0
tiny-06615,unresolved,2,0,1,not sampled,0,0,0
tiny-06616,unresolved,2,1,1,not sampled,0,0,0
tiny-06617,unresolved,2,1,1,not sampled,0,0,0
tiny-06618,unresolved,3,1,1,not sampled,0,0,0
tiny-06619,unresolved,3,1,1,not sampled,0,0,0
tiny-06620,unresolved,2,1,1,not sampled,0,0,0
tiny-06621,unresolved,2,1,1,not sampled,0,0,0
tiny-06622,unresolved,3,1,1,not sampled,0,0,0
tiny-06623,unresolved,3,1,1,not sampled,0,0,0
tiny-06624,unresolved,3,2,1,not sampled,0,0,0
tiny-06625,unresolved,3,2,1,not sampled,0,0,0
tiny-06626,unresolved,4,2,1,not sampled,0,0,0
tiny-06627,unresolved,4,2,1,not sampled,0,0,0
tiny-06628,unresolved,4,2,1,not sampled,0,0,0
tiny-06629,unresolved,4,1,1,not sampled,0,0,0
tiny-06630,unresolved,5,2,1,not sampled,0,0,0
tiny-06631,unresolved,5,1,1,not sampled,0,0,0
tiny-06632,unresolved,4,2,1,not sampled,0,0,0
tiny-06633,absent,4,3,1,not sampled,0,0,0
tiny-06634,unresolved,5,2,1,not sampled,0,0,0
tiny-06635,absent,5,3,1,not sampled,0,0,0
tiny-06636,unresolved,3,2,1,not sampled,0,0,0
tiny-06637,unresolved,3,2,1,not sampled,0,0,0
tiny-06638,unresolved,4,2,1,not sampled,0,0,0
tiny-06639,unresolved,4,2,1,not sampled,0,0,0
tiny-06640,unresolved,4,2,1,not sampled,0,0,0
tiny-06641,unresolved,4,1,1,not sampled,0,0,0
tiny-06642,unresolved,5,2,1,not sampled,0,0,0
tiny-06643,unresolved,5,1,1,not sampled,0,0,0
tiny-06644,unresolved,4,2,1,not sampled,0,0,0
tiny-06645,absent,4,3,1,not sampled,0,0,0
tiny-06646,unresolved,5,2,1,not sampled,0,0,0
tiny-06647,absent,5,3,1,not sampled,0,0,0
tiny-06648,unresolved,2,1,1,not sampled,0,0,0
tiny-06649,unresolved,2,1,1,not sampled,0,0,0
tiny-06650,unresolved,3,1,1,not sampled,0,0,0
tiny-06651,unresolved,3,1,1,not sampled,0,0,0
tiny-06652,unresolved,3,1,1,not sampled,0,0,0
tiny-06653,unresolved,3,1,1,not sampled,0,0,0
tiny-06654,unresolved,4,1,1,not sampled,0,0,0
tiny-06655,unresolved,4,1,1,not sampled,0,0,0
tiny-06656,unresolved,3,1,1,not sampled,0,0,0
tiny-06657,absent,3,2,1,not sampled,0,0,0
tiny-06658,unresolved,4,1,1,not sampled,0,0,0
tiny-06659,absent,4,2,1,not sampled,0,0,0
tiny-06660,unresolved,3,2,1,not sampled,0,0,0
tiny-06661,unresolved,3,2,1,not sampled,0,0,0
tiny-06662,unresolved,4,2,1,not sampled,0,0,0
tiny-06663,unresolved,4,2,1,not sampled,0,0,0
tiny-06664,unresolved,4,2,1,not sampled,0,0,0
tiny-06665,unresolved,4,1,1,not sampled,0,0,0
tiny-06666,unresolved,5,2,1,not sampled,0,0,0
tiny-06667,unresolved,5,1,1,not sampled,0,0,0
tiny-06668,unresolved,4,2,1,not sampled,0,0,0
tiny-06669,absent,4,3,1,not sampled,0,0,0
tiny-06670,unresolved,5,2,1,not sampled,0,0,0
tiny-06671,absent,5,3,1,not sampled,0,0,0
tiny-06672,unresolved,3,2,1,not sampled,0,0,0
tiny-06673,unresolved,3,2,1,not sampled,0,0,0
tiny-06674,unresolved,4,2,1,not sampled,0,0,0
tiny-06675,unresolved,4,2,1,not sampled,0,0,0
tiny-06676,unresolved,4,2,1,not sampled,0,0,0
tiny-06677,unresolved,4,1,1,not sampled,0,0,0
tiny-06678,unresolved,5,2,1,not sampled,0,0,0
tiny-06679,unresolved,5,1,1,not sampled,0,0,0
tiny-06680,unresolved,4,2,1,not sampled,0,0,0
tiny-06681,unresolved,4,3,1,not sampled,0,0,0
tiny-06682,unresolved,5,2,1,not sampled,0,0,0
tiny-06683,unresolved,5,3,1,not sampled,0,0,0
tiny-06684,unresolved,2,1,1,not sampled,0,0,0
tiny-06685,unresolved,2,1,1,not sampled,0,0,0
tiny-06686,unresolved,3,1,1,not sampled,0,0,0
tiny-06687,unresolved,3,1,1,not sampled,0,0,0
tiny-06688,unresolved,3,1,1,not sampled,0,0,0
tiny-06689,unresolved,3,1,1,not sampled,0,0,0
tiny-06690,unresolved,4,1,1,not sampled,0,0,0
tiny-06691,unresolved,4,1,1,not sampled,0,0,0
tiny-06692,unresolved,3,1,1,not sampled,0,0,0
tiny-06693,unresolved,3,2,1,not sampled,0,0,0
tiny-06694,unresolved,4,1,1,not sampled,0,0,0
tiny-06695,unresolved,4,2,1,not sampled,0,0,0
tiny-06696,unresolved,1,1,1,not sampled,0,0,0
tiny-06697,unresolved,1,1,1,not sampled,0,0,0
tiny-06698,unresolved,2,2,1,not sampled,0,0,0
tiny-06699,unresolved,2,1,1,not sampled,0,0,0
tiny-06700,unresolved,2,1,1,not sampled,0,0,0
tiny-06701,unresolved,2,1,1,not sampled,0,0,0
tiny-06702,unresolved,3,2,1,not sampled,0,0,0
tiny-06703,unresolved,3,1,1,not sampled,0,0,0
tiny-06704,unresolved,2,1,1,not sampled,0,0,0
tiny-06705,absent,2,2,1,not sampled,0,0,0
tiny-06706,unresolved,3,2,1,not sampled,0,0,0
tiny-06707,absent,3,2,1,not sampled,0,0,0
tiny-06708,unresolved,1,1,1,not sampled,0,0,0
tiny-06709,unresolved,1,1,1,not sampled,0,0,0
tiny-06710,unresolved,2,2,1,not sampled,0,0,0
tiny-06711,unresolved,2,1,1,not sampled,0,0,0
tiny-06712,unresolved,2,1,1,not sampled,0,0,0
tiny-06713,unresolved,2,1,1,not sampled,0,0,0
tiny-06714,unresolved,3,2,1,not sampled,0,0,0
tiny-06715,unresolved,3,1,1,not sampled,0,0,0
tiny-06716,unresolved,2,1,1,not sampled,0,0,0
tiny-06717,newly_justified,2,2,1,not sampled,0,0,0
tiny-06718,unresolved,3,2,1,not sampled,0,0,0
tiny-06719,newly_justified,3,2,1,not sampled,0,0,0
tiny-06720,unresolved,0,0,1,not sampled,0,0,0
tiny-06721,unresolved,0,0,1,not sampled,0,0,0
tiny-06722,unresolved,1,1,1,not sampled,0,0,0
tiny-06723,unresolved,1,0,1,not sampled,0,0,0
tiny-06724,unresolved,1,0,1,not sampled,0,0,0
tiny-06725,unresolved,1,1,1,not sampled,0,0,0
tiny-06726,unresolved,2,1,1,not sampled,0,0,0
tiny-06727,unresolved,2,1,1,not sampled,0,0,0
tiny-06728,unresolved,1,0,1,not sampled,0,0,0
tiny-06729,unresolved,1,1,1,not sampled,0,0,0
tiny-06730,unresolved,2,1,1,not sampled,0,0,0
tiny-06731,unresolved,2,1,1,not sampled,0,0,0
tiny-06732,unresolved,2,1,1,not sampled,0,0,0
tiny-06733,unresolved,2,2,1,not sampled,0,0,0
tiny-06734,unresolved,3,2,1,not sampled,0,0,0
tiny-06735,unresolved,3,2,1,not sampled,0,0,0
tiny-06736,unresolved,3,1,1,not sampled,0,0,0
tiny-06737,unresolved,3,1,1,not sampled,0,0,0
tiny-06738,unresolved,4,2,1,not sampled,0,0,0
tiny-06739,unresolved,4,1,1,not sampled,0,0,0
tiny-06740,unresolved,3,1,1,not sampled,0,0,0
tiny-06741,absent,3,3,1,not sampled,0,0,0
tiny-06742,unresolved,4,2,1,not sampled,0,0,0
tiny-06743,absent,4,3,1,not sampled,0,0,0
tiny-06744,unresolved,2,1,1,not sampled,0,0,0
tiny-06745,unresolved,2,2,1,not sampled,0,0,0
tiny-06746,unresolved,3,2,1,not sampled,0,0,0
tiny-06747,unresolved,3,2,1,not sampled,0,0,0
tiny-06748,unresolved,3,1,1,not sampled,0,0,0
tiny-06749,unresolved,3,1,1,not sampled,0,0,0
tiny-06750,unresolved,4,2,1,not sampled,0,0,0
tiny-06751,unresolved,4,1,1,not sampled,0,0,0
tiny-06752,unresolved,3,1,1,not sampled,0,0,0
tiny-06753,absent,3,3,1,not sampled,0,0,0
tiny-06754,unresolved,4,2,1,not sampled,0,0,0
tiny-06755,absent,4,3,1,not sampled,0,0,0
tiny-06756,unresolved,1,0,1,not sampled,0,0,0
tiny-06757,unresolved,1,1,1,not sampled,0,0,0
tiny-06758,unresolved,2,1,1,not sampled,0,0,0
tiny-06759,unresolved,2,1,1,not sampled,0,0,0
tiny-06760,unresolved,2,0,1,not sampled,0,0,0
tiny-06761,unresolved,2,1,1,not sampled,0,0,0
tiny-06762,unresolved,3,1,1,not sampled,0,0,0
tiny-06763,unresolved,3,1,1,not sampled,0,0,0
tiny-06764,unresolved,2,0,1,not sampled,0,0,0
tiny-06765,absent,2,2,1,not sampled,0,0,0
tiny-06766,unresolved,3,1,1,not sampled,0,0,0
tiny-06767,absent,3,2,1,not sampled,0,0,0
tiny-06768,unresolved,2,1,1,not sampled,0,0,0
tiny-06769,unresolved,2,2,1,not sampled,0,0,0
tiny-06770,unresolved,3,2,1,not sampled,0,0,0
tiny-06771,unresolved,3,2,1,not sampled,0,0,0
tiny-06772,unresolved,3,1,1,not sampled,0,0,0
tiny-06773,unresolved,3,1,1,not sampled,0,0,0
tiny-06774,unresolved,4,2,1,not sampled,0,0,0
tiny-06775,unresolved,4,1,1,not sampled,0,0,0
tiny-06776,unresolved,3,1,1,not sampled,0,0,0
tiny-06777,absent,3,3,1,not sampled,0,0,0
tiny-06778,unresolved,4,2,1,not sampled,0,0,0
tiny-06779,absent,4,3,1,not sampled,0,0,0
tiny-06780,unresolved,2,1,1,not sampled,0,0,0
tiny-06781,unresolved,2,2,1,not sampled,0,0,0
tiny-06782,unresolved,3,2,1,not sampled,0,0,0
tiny-06783,unresolved,3,2,1,not sampled,0,0,0
tiny-06784,unresolved,3,1,1,not sampled,0,0,0
tiny-06785,unresolved,3,1,1,not sampled,0,0,0
tiny-06786,unresolved,4,2,1,not sampled,0,0,0
tiny-06787,unresolved,4,1,1,not sampled,0,0,0
tiny-06788,unresolved,3,1,1,not sampled,0,0,0
tiny-06789,unresolved,3,3,1,not sampled,0,0,0
tiny-06790,unresolved,4,2,1,not sampled,0,0,0
tiny-06791,unresolved,4,3,1,not sampled,0,0,0
tiny-06792,unresolved,1,0,1,not sampled,0,0,0
tiny-06793,unresolved,1,1,1,not sampled,0,0,0
tiny-06794,unresolved,2,1,1,not sampled,0,0,0
tiny-06795,unresolved,2,1,1,not sampled,0,0,0
tiny-06796,unresolved,2,0,1,not sampled,0,0,0
tiny-06797,unresolved,2,1,1,not sampled,0,0,0
tiny-06798,unresolved,3,1,1,not sampled,0,0,0
tiny-06799,unresolved,3,1,1,not sampled,0,0,0
tiny-06800,unresolved,2,0,1,not sampled,0,0,0
tiny-06801,unresolved,2,2,1,not sampled,0,0,0
tiny-06802,unresolved,3,1,1,not sampled,0,0,0
tiny-06803,unresolved,3,2,1,not sampled,0,0,0
tiny-06804,absent,2,1,1,not sampled,0,0,0
tiny-06805,absent,2,1,1,not sampled,0,0,0
tiny-06806,absent,3,1,1,not sampled,0,0,0
tiny-06807,absent,3,1,1,not sampled,0,0,0
tiny-06808,absent,3,1,1,not sampled,0,0,0
tiny-06809,absent,3,1,1,not sampled,0,0,0
tiny-06810,absent,4,1,1,not sampled,0,0,0
tiny-06811,absent,4,1,1,not sampled,0,0,0
tiny-06812,absent,3,1,1,not sampled,0,0,0
tiny-06813,absent,3,2,1,not sampled,0,0,0
tiny-06814,absent,4,1,1,not sampled,0,0,0
tiny-06815,absent,4,2,1,not sampled,0,0,0
tiny-06816,newly_justified,3,2,1,not sampled,0,0,0
tiny-06817,newly_justified,3,2,1,not sampled,0,0,0
tiny-06818,unresolved,4,2,1,not sampled,0,0,0
tiny-06819,newly_justified,4,2,1,not sampled,0,0,0
tiny-06820,newly_justified,4,2,1,not sampled,0,0,0
tiny-06821,absent,4,1,1,not sampled,0,0,0
tiny-06822,unresolved,5,2,1,not sampled,0,0,0
tiny-06823,absent,5,1,1,not sampled,0,0,0
tiny-06824,newly_justified,4,2,1,not sampled,0,0,0
tiny-06825,newly_justified,4,3,1,not sampled,0,0,0
tiny-06826,unresolved,5,2,1,not sampled,0,0,0
tiny-06827,newly_justified,5,3,1,not sampled,0,0,0
tiny-06828,unresolved,3,2,1,not sampled,0,0,0
tiny-06829,unresolved,3,2,1,not sampled,0,0,0
tiny-06830,unresolved,4,2,1,not sampled,0,0,0
tiny-06831,unresolved,4,2,1,not sampled,0,0,0
tiny-06832,unresolved,4,2,1,not sampled,0,0,0
tiny-06833,absent,4,1,1,not sampled,0,0,0
tiny-06834,unresolved,5,2,1,not sampled,0,0,0
tiny-06835,absent,5,1,1,not sampled,0,0,0
tiny-06836,unresolved,4,2,1,not sampled,0,0,0
tiny-06837,unresolved,4,3,1,not sampled,0,0,0
tiny-06838,unresolved,5,2,1,not sampled,0,0,0
tiny-06839,unresolved,5,3,1,not sampled,0,0,0
tiny-06840,absent,1,1,1,not sampled,0,0,0
tiny-06841,absent,1,0,1,not sampled,0,0,0
tiny-06842,absent,2,1,1,not sampled,0,0,0
tiny-06843,absent,2,0,1,not sampled,0,0,0
tiny-06844,absent,2,1,1,not sampled,0,0,0
tiny-06845,absent,2,1,1,not sampled,0,0,0
tiny-06846,absent,3,1,1,not sampled,0,0,0
tiny-06847,absent,3,1,1,not sampled,0,0,0
tiny-06848,absent,2,1,1,not sampled,0,0,0
tiny-06849,absent,2,1,1,not sampled,0,0,0
tiny-06850,absent,3,1,1,not sampled,0,0,0
tiny-06851,absent,3,1,1,not sampled,0,0,0
tiny-06852,newly_justified,2,2,1,not sampled,0,0,0
tiny-06853,absent,2,1,1,not sampled,0,0,0
tiny-06854,unresolved,3,2,1,not sampled,0,0,0
tiny-06855,absent,3,1,1,not sampled,0,0,0
tiny-06856,newly_justified,3,2,1,not sampled,0,0,0
tiny-06857,absent,3,1,1,not sampled,0,0,0
tiny-06858,unresolved,4,2,1,not sampled,0,0,0
tiny-06859,absent,4,1,1,not sampled,0,0,0
tiny-06860,newly_justified,3,2,1,not sampled,0,0,0
tiny-06861,absent,3,2,1,not sampled,0,0,0
tiny-06862,unresolved,4,2,1,not sampled,0,0,0
tiny-06863,absent,4,2,1,not sampled,0,0,0
tiny-06864,unresolved,2,2,1,not sampled,0,0,0
tiny-06865,absent,2,1,1,not sampled,0,0,0
tiny-06866,unresolved,3,2,1,not sampled,0,0,0
tiny-06867,absent,3,1,1,not sampled,0,0,0
tiny-06868,unresolved,3,2,1,not sampled,0,0,0
tiny-06869,absent,3,1,1,not sampled,0,0,0
tiny-06870,unresolved,4,2,1,not sampled,0,0,0
tiny-06871,absent,4,1,1,not sampled,0,0,0
tiny-06872,unresolved,3,2,1,not sampled,0,0,0
tiny-06873,absent,3,2,1,not sampled,0,0,0
tiny-06874,unresolved,4,2,1,not sampled,0,0,0
tiny-06875,absent,4,2,1,not sampled,0,0,0
tiny-06876,absent,2,1,1,not sampled,0,0,0
tiny-06877,absent,2,1,1,not sampled,0,0,0
tiny-06878,absent,3,1,1,not sampled,0,0,0
tiny-06879,absent,3,1,1,not sampled,0,0,0
tiny-06880,absent,3,1,1,not sampled,0,0,0
tiny-06881,absent,3,1,1,not sampled,0,0,0
tiny-06882,absent,4,1,1,not sampled,0,0,0
tiny-06883,absent,4,1,1,not sampled,0,0,0
tiny-06884,absent,3,1,1,not sampled,0,0,0
tiny-06885,absent,3,2,1,not sampled,0,0,0
tiny-06886,absent,4,1,1,not sampled,0,0,0
tiny-06887,absent,4,2,1,not sampled,0,0,0
tiny-06888,newly_justified,3,2,1,not sampled,0,0,0
tiny-06889,unresolved,3,2,1,not sampled,0,0,0
tiny-06890,unresolved,4,2,1,not sampled,0,0,0
tiny-06891,unresolved,4,2,1,not sampled,0,0,0
tiny-06892,newly_justified,4,2,1,not sampled,0,0,0
tiny-06893,absent,4,1,1,not sampled,0,0,0
tiny-06894,unresolved,5,2,1,not sampled,0,0,0
tiny-06895,absent,5,1,1,not sampled,0,0,0
tiny-06896,newly_justified,4,2,1,not sampled,0,0,0
tiny-06897,unresolved,4,3,1,not sampled,0,0,0
tiny-06898,unresolved,5,2,1,not sampled,0,0,0
tiny-06899,unresolved,5,3,1,not sampled,0,0,0
tiny-06900,unresolved,3,2,1,not sampled,0,0,0
tiny-06901,unresolved,3,2,1,not sampled,0,0,0
tiny-06902,unresolved,4,2,1,not sampled,0,0,0
tiny-06903,unresolved,4,2,1,not sampled,0,0,0
tiny-06904,unresolved,4,2,1,not sampled,0,0,0
tiny-06905,absent,4,1,1,not sampled,0,0,0
tiny-06906,unresolved,5,2,1,not sampled,0,0,0
tiny-06907,absent,5,1,1,not sampled,0,0,0
tiny-06908,unresolved,4,2,1,not sampled,0,0,0
tiny-06909,unresolved,4,3,1,not sampled,0,0,0
tiny-06910,unresolved,5,2,1,not sampled,0,0,0
tiny-06911,unresolved,5,3,1,not sampled,0,0,0
tiny-06912,absent,2,1,1,not sampled,0,0,0
tiny-06913,absent,2,1,1,not sampled,0,0,0
tiny-06914,absent,3,1,1,not sampled,0,0,0
tiny-06915,absent,3,1,1,not sampled,0,0,0
tiny-06916,absent,3,1,1,not sampled,0,0,0
tiny-06917,absent,3,1,1,not sampled,0,0,0
tiny-06918,absent,4,1,1,not sampled,0,0,0
tiny-06919,absent,4,1,1,not sampled,0,0,0
tiny-06920,absent,3,1,1,not sampled,0,0,0
tiny-06921,absent,3,2,1,not sampled,0,0,0
tiny-06922,absent,4,1,1,not sampled,0,0,0
tiny-06923,absent,4,2,1,not sampled,0,0,0
tiny-06924,absent,3,2,1,not sampled,0,0,0
tiny-06925,newly_justified,3,2,1,not sampled,0,0,0
tiny-06926,unresolved,4,2,1,not sampled,0,0,0
tiny-06927,newly_justified,4,2,1,not sampled,0,0,0
tiny-06928,absent,4,2,1,not sampled,0,0,0
tiny-06929,absent,4,1,1,not sampled,0,0,0
tiny-06930,unresolved,5,2,1,not sampled,0,0,0
tiny-06931,absent,5,1,1,not sampled,0,0,0
tiny-06932,absent,4,2,1,not sampled,0,0,0
tiny-06933,newly_justified,4,3,1,not sampled,0,0,0
tiny-06934,unresolved,5,2,1,not sampled,0,0,0
tiny-06935,newly_justified,5,3,1,not sampled,0,0,0
tiny-06936,absent,3,2,1,not sampled,0,0,0
tiny-06937,unresolved,3,2,1,not sampled,0,0,0
tiny-06938,unresolved,4,2,1,not sampled,0,0,0
tiny-06939,unresolved,4,2,1,not sampled,0,0,0
tiny-06940,absent,4,2,1,not sampled,0,0,0
tiny-06941,absent,4,1,1,not sampled,0,0,0
tiny-06942,unresolved,5,2,1,not sampled,0,0,0
tiny-06943,absent,5,1,1,not sampled,0,0,0
tiny-06944,absent,4,2,1,not sampled,0,0,0
tiny-06945,unresolved,4,3,1,not sampled,0,0,0
tiny-06946,unresolved,5,2,1,not sampled,0,0,0
tiny-06947,unresolved,5,3,1,not sampled,0,0,0
tiny-06948,absent,1,1,1,not sampled,0,0,0
tiny-06949,absent,1,0,1,not sampled,0,0,0
tiny-06950,absent,2,1,1,not sampled,0,0,0
tiny-06951,absent,2,0,1,not sampled,0,0,0
tiny-06952,absent,2,1,1,not sampled,0,0,0
tiny-06953,absent,2,1,1,not sampled,0,0,0
tiny-06954,absent,3,1,1,not sampled,0,0,0
tiny-06955,absent,3,1,1,not sampled,0,0,0
tiny-06956,absent,2,1,1,not sampled,0,0,0
tiny-06957,absent,2,1,1,not sampled,0,0,0
tiny-06958,absent,3,1,1,not sampled,0,0,0
tiny-06959,absent,3,1,1,not sampled,0,0,0
tiny-06960,absent,2,2,1,not sampled,0,0,0
tiny-06961,absent,2,1,1,not sampled,0,0,0
tiny-06962,unresolved,3,2,1,not sampled,0,0,0
tiny-06963,absent,3,1,1,not sampled,0,0,0
tiny-06964,absent,3,2,1,not sampled,0,0,0
tiny-06965,absent,3,1,1,not sampled,0,0,0
tiny-06966,unresolved,4,2,1,not sampled,0,0,0
tiny-06967,absent,4,1,1,not sampled,0,0,0
tiny-06968,absent,3,2,1,not sampled,0,0,0
tiny-06969,absent,3,2,1,not sampled,0,0,0
tiny-06970,unresolved,4,2,1,not sampled,0,0,0
tiny-06971,absent,4,2,1,not sampled,0,0,0
tiny-06972,absent,2,2,1,not sampled,0,0,0
tiny-06973,absent,2,1,1,not sampled,0,0,0
tiny-06974,unresolved,3,2,1,not sampled,0,0,0
tiny-06975,absent,3,1,1,not sampled,0,0,0
tiny-06976,absent,3,2,1,not sampled,0,0,0
tiny-06977,absent,3,1,1,not sampled,0,0,0
tiny-06978,unresolved,4,2,1,not sampled,0,0,0
tiny-06979,absent,4,1,1,not sampled,0,0,0
tiny-06980,absent,3,2,1,not sampled,0,0,0
tiny-06981,absent,3,2,1,not sampled,0,0,0
tiny-06982,unresolved,4,2,1,not sampled,0,0,0
tiny-06983,absent,4,2,1,not sampled,0,0,0
tiny-06984,absent,2,1,1,not sampled,0,0,0
tiny-06985,absent,2,1,1,not sampled,0,0,0
tiny-06986,absent,3,1,1,not sampled,0,0,0
tiny-06987,absent,3,1,1,not sampled,0,0,0
tiny-06988,absent,3,1,1,not sampled,0,0,0
tiny-06989,absent,3,1,1,not sampled,0,0,0
tiny-06990,absent,4,1,1,not sampled,0,0,0
tiny-06991,absent,4,1,1,not sampled,0,0,0
tiny-06992,absent,3,1,1,not sampled,0,0,0
tiny-06993,absent,3,2,1,not sampled,0,0,0
tiny-06994,absent,4,1,1,not sampled,0,0,0
tiny-06995,absent,4,2,1,not sampled,0,0,0
tiny-06996,absent,3,2,1,not sampled,0,0,0
tiny-06997,unresolved,3,2,1,not sampled,0,0,0
tiny-06998,unresolved,4,2,1,not sampled,0,0,0
tiny-06999,unresolved,4,2,1,not sampled,0,0,0
tiny-07000,absent,4,2,1,not sampled,0,0,0
tiny-07001,absent,4,1,1,not sampled,0,0,0
tiny-07002,unresolved,5,2,1,not sampled,0,0,0
tiny-07003,absent,5,1,1,not sampled,0,0,0
tiny-07004,absent,4,2,1,not sampled,0,0,0
tiny-07005,unresolved,4,3,1,not sampled,0,0,0
tiny-07006,unresolved,5,2,1,not sampled,0,0,0
tiny-07007,unresolved,5,3,1,not sampled,0,0,0
tiny-07008,absent,3,2,1,not sampled,0,0,0
tiny-07009,unresolved,3,2,1,not sampled,0,0,0
tiny-07010,unresolved,4,2,1,not sampled,0,0,0
tiny-07011,unresolved,4,2,1,not sampled,0,0,0
tiny-07012,absent,4,2,1,not sampled,0,0,0
tiny-07013,absent,4,1,1,not sampled,0,0,0
tiny-07014,unresolved,5,2,1,not sampled,0,0,0
tiny-07015,absent,5,1,1,not sampled,0,0,0
tiny-07016,absent,4,2,1,not sampled,0,0,0
tiny-07017,unresolved,4,3,1,not sampled,0,0,0
tiny-07018,unresolved,5,2,1,not sampled,0,0,0
tiny-07019,unresolved,5,3,1,not sampled,0,0,0
tiny-07020,absent,1,0,1,not sampled,0,0,0
tiny-07021,absent,1,1,1,not sampled,0,0,0
tiny-07022,absent,2,1,1,not sampled,0,0,0
tiny-07023,absent,2,1,1,not sampled,0,0,0
tiny-07024,absent,2,0,1,not sampled,0,0,0
tiny-07025,absent,2,1,1,not sampled,0,0,0
tiny-07026,absent,3,1,1,not sampled,0,0,0
tiny-07027,absent,3,1,1,not sampled,0,0,0
tiny-07028,absent,2,0,1,not sampled,0,0,0
tiny-07029,absent,2,2,1,not sampled,0,0,0
tiny-07030,absent,3,1,1,not sampled,0,0,0
tiny-07031,absent,3,2,1,not sampled,0,0,0
tiny-07032,unresolved,2,1,1,not sampled,0,0,0
tiny-07033,newly_justified,2,2,1,not sampled,0,0,0
tiny-07034,unresolved,3,2,1,not sampled,0,0,0
tiny-07035,newly_justified,3,2,1,not sampled,0,0,0
tiny-07036,unresolved,3,1,1,not sampled,0,0,0
tiny-07037,absent,3,1,1,not sampled,0,0,0
tiny-07038,unresolved,4,2,1,not sampled,0,0,0
tiny-07039,absent,4,1,1,not sampled,0,0,0
tiny-07040,unresolved,3,1,1,not sampled,0,0,0
tiny-07041,newly_justified,3,3,1,not sampled,0,0,0
tiny-07042,unresolved,4,2,1,not sampled,0,0,0
tiny-07043,newly_justified,4,3,1,not sampled,0,0,0
tiny-07044,unresolved,2,1,1,not sampled,0,0,0
tiny-07045,unresolved,2,2,1,not sampled,0,0,0
tiny-07046,unresolved,3,2,1,not sampled,0,0,0
tiny-07047,unresolved,3,2,1,not sampled,0,0,0
tiny-07048,unresolved,3,1,1,not sampled,0,0,0
tiny-07049,absent,3,1,1,not sampled,0,0,0
tiny-07050,unresolved,4,2,1,not sampled,0,0,0
tiny-07051,absent,4,1,1,not sampled,0,0,0
tiny-07052,unresolved,3,1,1,not sampled,0,0,0
tiny-07053,unresolved,3,3,1,not sampled,0,0,0
tiny-07054,unresolved,4,2,1,not sampled,0,0,0
tiny-07055,unresolved,4,3,1,not sampled,0,0,0
tiny-07056,absent,0,0,1,not sampled,0,0,0
tiny-07057,absent,0,0,1,not sampled,0,0,0
tiny-07058,absent,1,1,1,not sampled,0,0,0
tiny-07059,absent,1,0,1,not sampled,0,0,0
tiny-07060,absent,1,0,1,not sampled,0,0,0
tiny-07061,absent,1,1,1,not sampled,0,0,0
tiny-07062,absent,2,1,1,not sampled,0,0,0
tiny-07063,absent,2,1,1,not sampled,0,0,0
tiny-07064,absent,1,0,1,not sampled,0,0,0
tiny-07065,absent,1,1,1,not sampled,0,0,0
tiny-07066,absent,2,1,1,not sampled,0,0,0
tiny-07067,absent,2,1,1,not sampled,0,0,0
tiny-07068,unresolved,1,1,1,not sampled,0,0,0
tiny-07069,absent,1,1,1,not sampled,0,0,0
tiny-07070,unresolved,2,2,1,not sampled,0,0,0
tiny-07071,absent,2,1,1,not sampled,0,0,0
tiny-07072,unresolved,2,1,1,not sampled,0,0,0
tiny-07073,absent,2,1,1,not sampled,0,0,0
tiny-07074,unresolved,3,2,1,not sampled,0,0,0
tiny-07075,absent,3,1,1,not sampled,0,0,0
tiny-07076,unresolved,2,1,1,not sampled,0,0,0
tiny-07077,absent,2,2,1,not sampled,0,0,0
tiny-07078,unresolved,3,2,1,not sampled,0,0,0
tiny-07079,absent,3,2,1,not sampled,0,0,0
tiny-07080,unresolved,1,1,1,not sampled,0,0,0
tiny-07081,absent,1,1,1,not sampled,0,0,0
tiny-07082,unresolved,2,2,1,not sampled,0,0,0
tiny-07083,absent,2,1,1,not sampled,0,0,0
tiny-07084,unresolved,2,1,1,not sampled,0,0,0
tiny-07085,absent,2,1,1,not sampled,0,0,0
tiny-07086,unresolved,3,2,1,not sampled,0,0,0
tiny-07087,absent,3,1,1,not sampled,0,0,0
tiny-07088,unresolved,2,1,1,not sampled,0,0,0
tiny-07089,absent,2,2,1,not sampled,0,0,0
tiny-07090,unresolved,3,2,1,not sampled,0,0,0
tiny-07091,absent,3,2,1,not sampled,0,0,0
tiny-07092,absent,1,0,1,not sampled,0,0,0
tiny-07093,absent,1,1,1,not sampled,0,0,0
tiny-07094,absent,2,1,1,not sampled,0,0,0
tiny-07095,absent,2,1,1,not sampled,0,0,0
tiny-07096,absent,2,0,1,not sampled,0,0,0
tiny-07097,absent,2,1,1,not sampled,0,0,0
tiny-07098,absent,3,1,1,not sampled,0,0,0
tiny-07099,absent,3,1,1,not sampled,0,0,0
tiny-07100,absent,2,0,1,not sampled,0,0,0
tiny-07101,absent,2,2,1,not sampled,0,0,0
tiny-07102,absent,3,1,1,not sampled,0,0,0
tiny-07103,absent,3,2,1,not sampled,0,0,0
tiny-07104,unresolved,2,1,1,not sampled,0,0,0
tiny-07105,unresolved,2,2,1,not sampled,0,0,0
tiny-07106,unresolved,3,2,1,not sampled,0,0,0
tiny-07107,unresolved,3,2,1,not sampled,0,0,0
tiny-07108,unresolved,3,1,1,not sampled,0,0,0
tiny-07109,absent,3,1,1,not sampled,0,0,0
tiny-07110,unresolved,4,2,1,not sampled,0,0,0
tiny-07111,absent,4,1,1,not sampled,0,0,0
tiny-07112,unresolved,3,1,1,not sampled,0,0,0
tiny-07113,unresolved,3,3,1,not sampled,0,0,0
tiny-07114,unresolved,4,2,1,not sampled,0,0,0
tiny-07115,unresolved,4,3,1,not sampled,0,0,0
tiny-07116,unresolved,2,1,1,not sampled,0,0,0
tiny-07117,unresolved,2,2,1,not sampled,0,0,0
tiny-07118,unresolved,3,2,1,not sampled,0,0,0
tiny-07119,unresolved,3,2,1,not sampled,0,0,0
tiny-07120,unresolved,3,1,1,not sampled,0,0,0
tiny-07121,absent,3,1,1,not sampled,0,0,0
tiny-07122,unresolved,4,2,1,not sampled,0,0,0
tiny-07123,absent,4,1,1,not sampled,0,0,0
tiny-07124,unresolved,3,1,1,not sampled,0,0,0
tiny-07125,unresolved,3,3,1,not sampled,0,0,0
tiny-07126,unresolved,4,2,1,not sampled,0,0,0
tiny-07127,unresolved,4,3,1,not sampled,0,0,0
tiny-07128,unresolved,3,2,1,not sampled,0,0,0
tiny-07129,absent,3,2,1,not sampled,0,0,0
tiny-07130,unresolved,4,2,1,not sampled,0,0,0
tiny-07131,absent,4,2,1,not sampled,0,0,0
tiny-07132,unresolved,4,2,1,not sampled,0,0,0
tiny-07133,absent,4,1,1,not sampled,0,0,0
tiny-07134,unresolved,5,2,1,not sampled,0,0,0
tiny-07135,absent,5,1,1,not sampled,0,0,0
tiny-07136,unresolved,4,2,1,not sampled,0,0,0
tiny-07137,absent,4,3,1,not sampled,0,0,0
tiny-07138,unresolved,5,2,1,not sampled,0,0,0
tiny-07139,absent,5,3,1,not sampled,0,0,0
tiny-07140,unresolved,2,1,1,not sampled,0,0,0
tiny-07141,newly_justified,2,1,1,not sampled,0,0,0
tiny-07142,unresolved,3,1,1,not sampled,0,0,0
tiny-07143,newly_justified,3,1,1,not sampled,0,0,0
tiny-07144,unresolved,3,1,1,not sampled,0,0,0
tiny-07145,absent,3,1,1,not sampled,0,0,0
tiny-07146,unresolved,4,1,1,not sampled,0,0,0
tiny-07147,absent,4,1,1,not sampled,0,0,0
tiny-07148,unresolved,3,1,1,not sampled,0,0,0
tiny-07149,newly_justified,3,2,1,not sampled,0,0,0
tiny-07150,unresolved,4,1,1,not sampled,0,0,0
tiny-07151,newly_justified,4,2,1,not sampled,0,0,0
tiny-07152,unresolved,3,2,1,not sampled,0,0,0
tiny-07153,unresolved,3,2,1,not sampled,0,0,0
tiny-07154,unresolved,4,2,1,not sampled,0,0,0
tiny-07155,unresolved,4,2,1,not sampled,0,0,0
tiny-07156,unresolved,4,2,1,not sampled,0,0,0
tiny-07157,absent,4,1,1,not sampled,0,0,0
tiny-07158,unresolved,5,2,1,not sampled,0,0,0
tiny-07159,absent,5,1,1,not sampled,0,0,0
tiny-07160,unresolved,4,2,1,not sampled,0,0,0
tiny-07161,unresolved,4,3,1,not sampled,0,0,0
tiny-07162,unresolved,5,2,1,not sampled,0,0,0
tiny-07163,unresolved,5,3,1,not sampled,0,0,0
tiny-07164,unresolved,2,2,1,not sampled,0,0,0
tiny-07165,absent,2,1,1,not sampled,0,0,0
tiny-07166,unresolved,3,2,1,not sampled,0,0,0
tiny-07167,absent,3,1,1,not sampled,0,0,0
tiny-07168,unresolved,3,2,1,not sampled,0,0,0
tiny-07169,absent,3,1,1,not sampled,0,0,0
tiny-07170,unresolved,4,2,1,not sampled,0,0,0
tiny-07171,absent,4,1,1,not sampled,0,0,0
tiny-07172,unresolved,3,2,1,not sampled,0,0,0
tiny-07173,absent,3,2,1,not sampled,0,0,0
tiny-07174,unresolved,4,2,1,not sampled,0,0,0
tiny-07175,absent,4,2,1,not sampled,0,0,0
tiny-07176,unresolved,1,1,1,not sampled,0,0,0
tiny-07177,absent,1,0,1,not sampled,0,0,0
tiny-07178,unresolved,2,1,1,not sampled,0,0,0
tiny-07179,absent,2,0,1,not sampled,0,0,0
tiny-07180,unresolved,2,1,1,not sampled,0,0,0
tiny-07181,absent,2,1,1,not sampled,0,0,0
tiny-07182,unresolved,3,1,1,not sampled,0,0,0
tiny-07183,absent,3,1,1,not sampled,0,0,0
tiny-07184,unresolved,2,1,1,not sampled,0,0,0
tiny-07185,absent,2,1,1,not sampled,0,0,0
tiny-07186,unresolved,3,1,1,not sampled,0,0,0
tiny-07187,absent,3,1,1,not sampled,0,0,0
tiny-07188,unresolved,2,2,1,not sampled,0,0,0
tiny-07189,absent,2,1,1,not sampled,0,0,0
tiny-07190,unresolved,3,2,1,not sampled,0,0,0
tiny-07191,absent,3,1,1,not sampled,0,0,0
tiny-07192,unresolved,3,2,1,not sampled,0,0,0
tiny-07193,absent,3,1,1,not sampled,0,0,0
tiny-07194,unresolved,4,2,1,not sampled,0,0,0
tiny-07195,absent,4,1,1,not sampled,0,0,0
tiny-07196,unresolved,3,2,1,not sampled,0,0,0
tiny-07197,absent,3,2,1,not sampled,0,0,0
tiny-07198,unresolved,4,2,1,not sampled,0,0,0
tiny-07199,absent,4,2,1,not sampled,0,0,0
tiny-07200,unresolved,3,2,1,not sampled,0,0,0
tiny-07201,absent,3,2,1,not sampled,0,0,0
tiny-07202,unresolved,4,2,1,not sampled,0,0,0
tiny-07203,absent,4,2,1,not sampled,0,0,0
tiny-07204,unresolved,4,2,1,not sampled,0,0,0
tiny-07205,absent,4,1,1,not sampled,0,0,0
tiny-07206,unresolved,5,2,1,not sampled,0,0,0
tiny-07207,absent,5,1,1,not sampled,0,0,0
tiny-07208,unresolved,4,2,1,not sampled,0,0,0
tiny-07209,absent,4,3,1,not sampled,0,0,0
tiny-07210,unresolved,5,2,1,not sampled,0,0,0
tiny-07211,absent,5,3,1,not sampled,0,0,0
tiny-07212,unresolved,2,1,1,not sampled,0,0,0
tiny-07213,unresolved,2,1,1,not sampled,0,0,0
tiny-07214,unresolved,3,1,1,not sampled,0,0,0
tiny-07215,unresolved,3,1,1,not sampled,0,0,0
tiny-07216,unresolved,3,1,1,not sampled,0,0,0
tiny-07217,absent,3,1,1,not sampled,0,0,0
tiny-07218,unresolved,4,1,1,not sampled,0,0,0
tiny-07219,absent,4,1,1,not sampled,0,0,0
tiny-07220,unresolved,3,1,1,not sampled,0,0,0
tiny-07221,unresolved,3,2,1,not sampled,0,0,0
tiny-07222,unresolved,4,1,1,not sampled,0,0,0
tiny-07223,unresolved,4,2,1,not sampled,0,0,0
tiny-07224,unresolved,3,2,1,not sampled,0,0,0
tiny-07225,unresolved,3,2,1,not sampled,0,0,0
tiny-07226,unresolved,4,2,1,not sampled,0,0,0
tiny-07227,unresolved,4,2,1,not sampled,0,0,0
tiny-07228,unresolved,4,2,1,not sampled,0,0,0
tiny-07229,absent,4,1,1,not sampled,0,0,0
tiny-07230,unresolved,5,2,1,not sampled,0,0,0
tiny-07231,absent,5,1,1,not sampled,0,0,0
tiny-07232,unresolved,4,2,1,not sampled,0,0,0
tiny-07233,unresolved,4,3,1,not sampled,0,0,0
tiny-07234,unresolved,5,2,1,not sampled,0,0,0
tiny-07235,unresolved,5,3,1,not sampled,0,0,0
tiny-07236,unresolved,3,2,1,not sampled,0,0,0
tiny-07237,absent,3,2,1,not sampled,0,0,0
tiny-07238,unresolved,4,2,1,not sampled,0,0,0
tiny-07239,absent,4,2,1,not sampled,0,0,0
tiny-07240,unresolved,4,2,1,not sampled,0,0,0
tiny-07241,absent,4,1,1,not sampled,0,0,0
tiny-07242,unresolved,5,2,1,not sampled,0,0,0
tiny-07243,absent,5,1,1,not sampled,0,0,0
tiny-07244,unresolved,4,2,1,not sampled,0,0,0
tiny-07245,absent,4,3,1,not sampled,0,0,0
tiny-07246,unresolved,5,2,1,not sampled,0,0,0
tiny-07247,absent,5,3,1,not sampled,0,0,0
tiny-07248,unresolved,2,1,1,not sampled,0,0,0
tiny-07249,newly_justified,2,1,1,not sampled,0,0,0
tiny-07250,unresolved,3,1,1,not sampled,0,0,0
tiny-07251,newly_justified,3,1,1,not sampled,0,0,0
tiny-07252,unresolved,3,1,1,not sampled,0,0,0
tiny-07253,absent,3,1,1,not sampled,0,0,0
tiny-07254,unresolved,4,1,1,not sampled,0,0,0
tiny-07255,absent,4,1,1,not sampled,0,0,0
tiny-07256,unresolved,3,1,1,not sampled,0,0,0
tiny-07257,newly_justified,3,2,1,not sampled,0,0,0
tiny-07258,unresolved,4,1,1,not sampled,0,0,0
tiny-07259,newly_justified,4,2,1,not sampled,0,0,0
tiny-07260,unresolved,3,2,1,not sampled,0,0,0
tiny-07261,unresolved,3,2,1,not sampled,0,0,0
tiny-07262,unresolved,4,2,1,not sampled,0,0,0
tiny-07263,unresolved,4,2,1,not sampled,0,0,0
tiny-07264,unresolved,4,2,1,not sampled,0,0,0
tiny-07265,absent,4,1,1,not sampled,0,0,0
tiny-07266,unresolved,5,2,1,not sampled,0,0,0
tiny-07267,absent,5,1,1,not sampled,0,0,0
tiny-07268,unresolved,4,2,1,not sampled,0,0,0
tiny-07269,unresolved,4,3,1,not sampled,0,0,0
tiny-07270,unresolved,5,2,1,not sampled,0,0,0
tiny-07271,unresolved,5,3,1,not sampled,0,0,0
tiny-07272,unresolved,2,2,1,not sampled,0,0,0
tiny-07273,absent,2,1,1,not sampled,0,0,0
tiny-07274,unresolved,3,2,1,not sampled,0,0,0
tiny-07275,absent,3,1,1,not sampled,0,0,0
tiny-07276,unresolved,3,2,1,not sampled,0,0,0
tiny-07277,absent,3,1,1,not sampled,0,0,0
tiny-07278,unresolved,4,2,1,not sampled,0,0,0
tiny-07279,absent,4,1,1,not sampled,0,0,0
tiny-07280,unresolved,3,2,1,not sampled,0,0,0
tiny-07281,absent,3,2,1,not sampled,0,0,0
tiny-07282,unresolved,4,2,1,not sampled,0,0,0
tiny-07283,absent,4,2,1,not sampled,0,0,0
tiny-07284,unresolved,1,1,1,not sampled,0,0,0
tiny-07285,absent,1,0,1,not sampled,0,0,0
tiny-07286,unresolved,2,1,1,not sampled,0,0,0
tiny-07287,absent,2,0,1,not sampled,0,0,0
tiny-07288,unresolved,2,1,1,not sampled,0,0,0
tiny-07289,absent,2,1,1,not sampled,0,0,0
tiny-07290,unresolved,3,1,1,not sampled,0,0,0
tiny-07291,absent,3,1,1,not sampled,0,0,0
tiny-07292,unresolved,2,1,1,not sampled,0,0,0
tiny-07293,absent,2,1,1,not sampled,0,0,0
tiny-07294,unresolved,3,1,1,not sampled,0,0,0
tiny-07295,absent,3,1,1,not sampled,0,0,0
tiny-07296,unresolved,2,2,1,not sampled,0,0,0
tiny-07297,absent,2,1,1,not sampled,0,0,0
tiny-07298,unresolved,3,2,1,not sampled,0,0,0
tiny-07299,absent,3,1,1,not sampled,0,0,0
tiny-07300,unresolved,3,2,1,not sampled,0,0,0
tiny-07301,absent,3,1,1,not sampled,0,0,0
tiny-07302,unresolved,4,2,1,not sampled,0,0,0
tiny-07303,absent,4,1,1,not sampled,0,0,0
tiny-07304,unresolved,3,2,1,not sampled,0,0,0
tiny-07305,absent,3,2,1,not sampled,0,0,0
tiny-07306,unresolved,4,2,1,not sampled,0,0,0
tiny-07307,absent,4,2,1,not sampled,0,0,0
tiny-07308,unresolved,3,2,1,not sampled,0,0,0
tiny-07309,absent,3,2,1,not sampled,0,0,0
tiny-07310,unresolved,4,2,1,not sampled,0,0,0
tiny-07311,absent,4,2,1,not sampled,0,0,0
tiny-07312,unresolved,4,2,1,not sampled,0,0,0
tiny-07313,absent,4,1,1,not sampled,0,0,0
tiny-07314,unresolved,5,2,1,not sampled,0,0,0
tiny-07315,absent,5,1,1,not sampled,0,0,0
tiny-07316,unresolved,4,2,1,not sampled,0,0,0
tiny-07317,absent,4,3,1,not sampled,0,0,0
tiny-07318,unresolved,5,2,1,not sampled,0,0,0
tiny-07319,absent,5,3,1,not sampled,0,0,0
tiny-07320,unresolved,2,1,1,not sampled,0,0,0
tiny-07321,unresolved,2,1,1,not sampled,0,0,0
tiny-07322,unresolved,3,1,1,not sampled,0,0,0
tiny-07323,unresolved,3,1,1,not sampled,0,0,0
tiny-07324,unresolved,3,1,1,not sampled,0,0,0
tiny-07325,absent,3,1,1,not sampled,0,0,0
tiny-07326,unresolved,4,1,1,not sampled,0,0,0
tiny-07327,absent,4,1,1,not sampled,0,0,0
tiny-07328,unresolved,3,1,1,not sampled,0,0,0
tiny-07329,unresolved,3,2,1,not sampled,0,0,0
tiny-07330,unresolved,4,1,1,not sampled,0,0,0
tiny-07331,unresolved,4,2,1,not sampled,0,0,0
tiny-07332,unresolved,3,2,1,not sampled,0,0,0
tiny-07333,unresolved,3,2,1,not sampled,0,0,0
tiny-07334,unresolved,4,2,1,not sampled,0,0,0
tiny-07335,unresolved,4,2,1,not sampled,0,0,0
tiny-07336,unresolved,4,2,1,not sampled,0,0,0
tiny-07337,absent,4,1,1,not sampled,0,0,0
tiny-07338,unresolved,5,2,1,not sampled,0,0,0
tiny-07339,absent,5,1,1,not sampled,0,0,0
tiny-07340,unresolved,4,2,1,not sampled,0,0,0
tiny-07341,unresolved,4,3,1,not sampled,0,0,0
tiny-07342,unresolved,5,2,1,not sampled,0,0,0
tiny-07343,unresolved,5,3,1,not sampled,0,0,0
tiny-07344,unresolved,2,1,1,not sampled,0,0,0
tiny-07345,absent,2,2,1,not sampled,0,0,0
tiny-07346,unresolved,3,2,1,not sampled,0,0,0
tiny-07347,absent,3,2,1,not sampled,0,0,0
tiny-07348,unresolved,3,1,1,not sampled,0,0,0
tiny-07349,absent,3,1,1,not sampled,0,0,0
tiny-07350,unresolved,4,2,1,not sampled,0,0,0
tiny-07351,absent,4,1,1,not sampled,0,0,0
tiny-07352,unresolved,3,1,1,not sampled,0,0,0
tiny-07353,absent,3,3,1,not sampled,0,0,0
tiny-07354,unresolved,4,2,1,not sampled,0,0,0
tiny-07355,absent,4,3,1,not sampled,0,0,0
tiny-07356,unresolved,1,0,1,not sampled,0,0,0
tiny-07357,newly_justified,1,1,1,not sampled,0,0,0
tiny-07358,unresolved,2,1,1,not sampled,0,0,0
tiny-07359,newly_justified,2,1,1,not sampled,0,0,0
tiny-07360,unresolved,2,0,1,not sampled,0,0,0
tiny-07361,absent,2,1,1,not sampled,0,0,0
tiny-07362,unresolved,3,1,1,not sampled,0,0,0
tiny-07363,absent,3,1,1,not sampled,0,0,0
tiny-07364,unresolved,2,0,1,not sampled,0,0,0
tiny-07365,newly_justified,2,2,1,not sampled,0,0,0
tiny-07366,unresolved,3,1,1,not sampled,0,0,0
tiny-07367,newly_justified,3,2,1,not sampled,0,0,0
tiny-07368,unresolved,2,1,1,not sampled,0,0,0
tiny-07369,unresolved,2,2,1,not sampled,0,0,0
tiny-07370,unresolved,3,2,1,not sampled,0,0,0
tiny-07371,unresolved,3,2,1,not sampled,0,0,0
tiny-07372,unresolved,3,1,1,not sampled,0,0,0
tiny-07373,absent,3,1,1,not sampled,0,0,0
tiny-07374,unresolved,4,2,1,not sampled,0,0,0
tiny-07375,absent,4,1,1,not sampled,0,0,0
tiny-07376,unresolved,3,1,1,not sampled,0,0,0
tiny-07377,unresolved,3,3,1,not sampled,0,0,0
tiny-07378,unresolved,4,2,1,not sampled,0,0,0
tiny-07379,unresolved,4,3,1,not sampled,0,0,0
tiny-07380,unresolved,1,1,1,not sampled,0,0,0
tiny-07381,absent,1,1,1,not sampled,0,0,0
tiny-07382,unresolved,2,2,1,not sampled,0,0,0
tiny-07383,absent,2,1,1,not sampled,0,0,0
tiny-07384,unresolved,2,1,1,not sampled,0,0,0
tiny-07385,absent,2,1,1,not sampled,0,0,0
tiny-07386,unresolved,3,2,1,not sampled,0,0,0
tiny-07387,absent,3,1,1,not sampled,0,0,0
tiny-07388,unresolved,2,1,1,not sampled,0,0,0
tiny-07389,absent,2,2,1,not sampled,0,0,0
tiny-07390,unresolved,3,2,1,not sampled,0,0,0
tiny-07391,absent,3,2,1,not sampled,0,0,0
tiny-07392,unresolved,0,0,1,not sampled,0,0,0
tiny-07393,absent,0,0,1,not sampled,0,0,0
tiny-07394,unresolved,1,1,1,not sampled,0,0,0
tiny-07395,absent,1,0,1,not sampled,0,0,0
tiny-07396,unresolved,1,0,1,not sampled,0,0,0
tiny-07397,absent,1,1,1,not sampled,0,0,0
tiny-07398,unresolved,2,1,1,not sampled,0,0,0
tiny-07399,absent,2,1,1,not sampled,0,0,0
tiny-07400,unresolved,1,0,1,not sampled,0,0,0
tiny-07401,absent,1,1,1,not sampled,0,0,0
tiny-07402,unresolved,2,1,1,not sampled,0,0,0
tiny-07403,absent,2,1,1,not sampled,0,0,0
tiny-07404,unresolved,1,1,1,not sampled,0,0,0
tiny-07405,absent,1,1,1,not sampled,0,0,0
tiny-07406,unresolved,2,2,1,not sampled,0,0,0
tiny-07407,absent,2,1,1,not sampled,0,0,0
tiny-07408,unresolved,2,1,1,not sampled,0,0,0
tiny-07409,absent,2,1,1,not sampled,0,0,0
tiny-07410,unresolved,3,2,1,not sampled,0,0,0
tiny-07411,absent,3,1,1,not sampled,0,0,0
tiny-07412,unresolved,2,1,1,not sampled,0,0,0
tiny-07413,absent,2,2,1,not sampled,0,0,0
tiny-07414,unresolved,3,2,1,not sampled,0,0,0
tiny-07415,absent,3,2,1,not sampled,0,0,0
tiny-07416,unresolved,2,1,1,not sampled,0,0,0
tiny-07417,absent,2,2,1,not sampled,0,0,0
tiny-07418,unresolved,3,2,1,not sampled,0,0,0
tiny-07419,absent,3,2,1,not sampled,0,0,0
tiny-07420,unresolved,3,1,1,not sampled,0,0,0
tiny-07421,absent,3,1,1,not sampled,0,0,0
tiny-07422,unresolved,4,2,1,not sampled,0,0,0
tiny-07423,absent,4,1,1,not sampled,0,0,0
tiny-07424,unresolved,3,1,1,not sampled,0,0,0
tiny-07425,absent,3,3,1,not sampled,0,0,0
tiny-07426,unresolved,4,2,1,not sampled,0,0,0
tiny-07427,absent,4,3,1,not sampled,0,0,0
tiny-07428,unresolved,1,0,1,not sampled,0,0,0
tiny-07429,unresolved,1,1,1,not sampled,0,0,0
tiny-07430,unresolved,2,1,1,not sampled,0,0,0
tiny-07431,unresolved,2,1,1,not sampled,0,0,0
tiny-07432,unresolved,2,0,1,not sampled,0,0,0
tiny-07433,absent,2,1,1,not sampled,0,0,0
tiny-07434,unresolved,3,1,1,not sampled,0,0,0
tiny-07435,absent,3,1,1,not sampled,0,0,0
tiny-07436,unresolved,2,0,1,not sampled,0,0,0
tiny-07437,unresolved,2,2,1,not sampled,0,0,0
tiny-07438,unresolved,3,1,1,not sampled,0,0,0
tiny-07439,unresolved,3,2,1,not sampled,0,0,0
tiny-07440,unresolved,2,1,1,not sampled,0,0,0
tiny-07441,unresolved,2,2,1,not sampled,0,0,0
tiny-07442,unresolved,3,2,1,not sampled,0,0,0
tiny-07443,unresolved,3,2,1,not sampled,0,0,0
tiny-07444,unresolved,3,1,1,not sampled,0,0,0
tiny-07445,absent,3,1,1,not sampled,0,0,0
tiny-07446,unresolved,4,2,1,not sampled,0,0,0
tiny-07447,absent,4,1,1,not sampled,0,0,0
tiny-07448,unresolved,3,1,1,not sampled,0,0,0
tiny-07449,unresolved,3,3,1,not sampled,0,0,0
tiny-07450,unresolved,4,2,1,not sampled,0,0,0
tiny-07451,unresolved,4,3,1,not sampled,0,0,0
tiny-07452,unresolved,3,2,1,not sampled,0,0,0
tiny-07453,absent,3,2,1,not sampled,0,0,0
tiny-07454,unresolved,4,2,1,not sampled,0,0,0
tiny-07455,absent,4,2,1,not sampled,0,0,0
tiny-07456,unresolved,4,2,1,not sampled,0,0,0
tiny-07457,absent,4,1,1,not sampled,0,0,0
tiny-07458,unresolved,5,2,1,not sampled,0,0,0
tiny-07459,absent,5,1,1,not sampled,0,0,0
tiny-07460,unresolved,4,2,1,not sampled,0,0,0
tiny-07461,absent,4,3,1,not sampled,0,0,0
tiny-07462,unresolved,5,2,1,not sampled,0,0,0
tiny-07463,absent,5,3,1,not sampled,0,0,0
tiny-07464,unresolved,3,2,1,not sampled,0,0,0
tiny-07465,newly_justified,3,2,1,not sampled,0,0,0
tiny-07466,unresolved,4,2,1,not sampled,0,0,0
tiny-07467,newly_justified,4,2,1,not sampled,0,0,0
tiny-07468,unresolved,4,2,1,not sampled,0,0,0
tiny-07469,absent,4,1,1,not sampled,0,0,0
tiny-07470,unresolved,5,2,1,not sampled,0,0,0
tiny-07471,absent,5,1,1,not sampled,0,0,0
tiny-07472,unresolved,4,2,1,not sampled,0,0,0
tiny-07473,newly_justified,4,3,1,not sampled,0,0,0
tiny-07474,unresolved,5,2,1,not sampled,0,0,0
tiny-07475,newly_justified,5,3,1,not sampled,0,0,0
tiny-07476,unresolved,2,1,1,not sampled,0,0,0
tiny-07477,unresolved,2,1,1,not sampled,0,0,0
tiny-07478,unresolved,3,1,1,not sampled,0,0,0
tiny-07479,unresolved,3,1,1,not sampled,0,0,0
tiny-07480,unresolved,3,1,1,not sampled,0,0,0
tiny-07481,absent,3,1,1,not sampled,0,0,0
tiny-07482,unresolved,4,1,1,not sampled,0,0,0
tiny-07483,absent,4,1,1,not sampled,0,0,0
tiny-07484,unresolved,3,1,1,not sampled,0,0,0
tiny-07485,unresolved,3,2,1,not sampled,0,0,0
tiny-07486,unresolved,4,1,1,not sampled,0,0,0
tiny-07487,unresolved,4,2,1,not sampled,0,0,0
tiny-07488,unresolved,2,2,1,not sampled,0,0,0
tiny-07489,absent,2,1,1,not sampled,0,0,0
tiny-07490,unresolved,3,2,1,not sampled,0,0,0
tiny-07491,absent,3,1,1,not sampled,0,0,0
tiny-07492,unresolved,3,2,1,not sampled,0,0,0
tiny-07493,absent,3,1,1,not sampled,0,0,0
tiny-07494,unresolved,4,2,1,not sampled,0,0,0
tiny-07495,absent,4,1,1,not sampled,0,0,0
tiny-07496,unresolved,3,2,1,not sampled,0,0,0
tiny-07497,absent,3,2,1,not sampled,0,0,0
tiny-07498,unresolved,4,2,1,not sampled,0,0,0
tiny-07499,absent,4,2,1,not sampled,0,0,0
tiny-07500,unresolved,2,2,1,not sampled,0,0,0
tiny-07501,absent,2,1,1,not sampled,0,0,0
tiny-07502,unresolved,3,2,1,not sampled,0,0,0
tiny-07503,absent,3,1,1,not sampled,0,0,0
tiny-07504,unresolved,3,2,1,not sampled,0,0,0
tiny-07505,absent,3,1,1,not sampled,0,0,0
tiny-07506,unresolved,4,2,1,not sampled,0,0,0
tiny-07507,absent,4,1,1,not sampled,0,0,0
tiny-07508,unresolved,3,2,1,not sampled,0,0,0
tiny-07509,absent,3,2,1,not sampled,0,0,0
tiny-07510,unresolved,4,2,1,not sampled,0,0,0
tiny-07511,absent,4,2,1,not sampled,0,0,0
tiny-07512,unresolved,1,1,1,not sampled,0,0,0
tiny-07513,absent,1,0,1,not sampled,0,0,0
tiny-07514,unresolved,2,1,1,not sampled,0,0,0
tiny-07515,absent,2,0,1,not sampled,0,0,0
tiny-07516,unresolved,2,1,1,not sampled,0,0,0
tiny-07517,absent,2,1,1,not sampled,0,0,0
tiny-07518,unresolved,3,1,1,not sampled,0,0,0
tiny-07519,absent,3,1,1,not sampled,0,0,0
tiny-07520,unresolved,2,1,1,not sampled,0,0,0
tiny-07521,absent,2,1,1,not sampled,0,0,0
tiny-07522,unresolved,3,1,1,not sampled,0,0,0
tiny-07523,absent,3,1,1,not sampled,0,0,0
tiny-07524,unresolved,3,2,1,not sampled,0,0,0
tiny-07525,absent,3,2,1,not sampled,0,0,0
tiny-07526,unresolved,4,2,1,not sampled,0,0,0
tiny-07527,absent,4,2,1,not sampled,0,0,0
tiny-07528,unresolved,4,2,1,not sampled,0,0,0
tiny-07529,absent,4,1,1,not sampled,0,0,0
tiny-07530,unresolved,5,2,1,not sampled,0,0,0
tiny-07531,absent,5,1,1,not sampled,0,0,0
tiny-07532,unresolved,4,2,1,not sampled,0,0,0
tiny-07533,absent,4,3,1,not sampled,0,0,0
tiny-07534,unresolved,5,2,1,not sampled,0,0,0
tiny-07535,absent,5,3,1,not sampled,0,0,0
tiny-07536,unresolved,3,2,1,not sampled,0,0,0
tiny-07537,unresolved,3,2,1,not sampled,0,0,0
tiny-07538,unresolved,4,2,1,not sampled,0,0,0
tiny-07539,unresolved,4,2,1,not sampled,0,0,0
tiny-07540,unresolved,4,2,1,not sampled,0,0,0
tiny-07541,absent,4,1,1,not sampled,0,0,0
tiny-07542,unresolved,5,2,1,not sampled,0,0,0
tiny-07543,absent,5,1,1,not sampled,0,0,0
tiny-07544,unresolved,4,2,1,not sampled,0,0,0
tiny-07545,unresolved,4,3,1,not sampled,0,0,0
tiny-07546,unresolved,5,2,1,not sampled,0,0,0
tiny-07547,unresolved,5,3,1,not sampled,0,0,0
tiny-07548,unresolved,2,1,1,not sampled,0,0,0
tiny-07549,unresolved,2,1,1,not sampled,0,0,0
tiny-07550,unresolved,3,1,1,not sampled,0,0,0
tiny-07551,unresolved,3,1,1,not sampled,0,0,0
tiny-07552,unresolved,3,1,1,not sampled,0,0,0
tiny-07553,absent,3,1,1,not sampled,0,0,0
tiny-07554,unresolved,4,1,1,not sampled,0,0,0
tiny-07555,absent,4,1,1,not sampled,0,0,0
tiny-07556,unresolved,3,1,1,not sampled,0,0,0
tiny-07557,unresolved,3,2,1,not sampled,0,0,0
tiny-07558,unresolved,4,1,1,not sampled,0,0,0
tiny-07559,unresolved,4,2,1,not sampled,0,0,0
tiny-07560,unresolved,3,2,1,not sampled,0,0,0
tiny-07561,absent,3,2,1,not sampled,0,0,0
tiny-07562,unresolved,4,2,1,not sampled,0,0,0
tiny-07563,absent,4,2,1,not sampled,0,0,0
tiny-07564,unresolved,4,2,1,not sampled,0,0,0
tiny-07565,absent,4,1,1,not sampled,0,0,0
tiny-07566,unresolved,5,2,1,not sampled,0,0,0
tiny-07567,absent,5,1,1,not sampled,0,0,0
tiny-07568,unresolved,4,2,1,not sampled,0,0,0
tiny-07569,absent,4,3,1,not sampled,0,0,0
tiny-07570,unresolved,5,2,1,not sampled,0,0,0
tiny-07571,absent,5,3,1,not sampled,0,0,0
tiny-07572,unresolved,3,2,1,not sampled,0,0,0
tiny-07573,newly_justified,3,2,1,not sampled,0,0,0
tiny-07574,unresolved,4,2,1,not sampled,0,0,0
tiny-07575,newly_justified,4,2,1,not sampled,0,0,0
tiny-07576,unresolved,4,2,1,not sampled,0,0,0
tiny-07577,absent,4,1,1,not sampled,0,0,0
tiny-07578,unresolved,5,2,1,not sampled,0,0,0
tiny-07579,absent,5,1,1,not sampled,0,0,0
tiny-07580,unresolved,4,2,1,not sampled,0,0,0
tiny-07581,newly_justified,4,3,1,not sampled,0,0,0
tiny-07582,unresolved,5,2,1,not sampled,0,0,0
tiny-07583,newly_justified,5,3,1,not sampled,0,0,0
tiny-07584,unresolved,2,1,1,not sampled,0,0,0
tiny-07585,unresolved,2,1,1,not sampled,0,0,0
tiny-07586,unresolved,3,1,1,not sampled,0,0,0
tiny-07587,unresolved,3,1,1,not sampled,0,0,0
tiny-07588,unresolved,3,1,1,not sampled,0,0,0
tiny-07589,absent,3,1,1,not sampled,0,0,0
tiny-07590,unresolved,4,1,1,not sampled,0,0,0
tiny-07591,absent,4,1,1,not sampled,0,0,0
tiny-07592,unresolved,3,1,1,not sampled,0,0,0
tiny-07593,unresolved,3,2,1,not sampled,0,0,0
tiny-07594,unresolved,4,1,1,not sampled,0,0,0
tiny-07595,unresolved,4,2,1,not sampled,0,0,0
tiny-07596,unresolved,2,2,1,not sampled,0,0,0
tiny-07597,absent,2,1,1,not sampled,0,0,0
tiny-07598,unresolved,3,2,1,not sampled,0,0,0
tiny-07599,absent,3,1,1,not sampled,0,0,0
tiny-07600,unresolved,3,2,1,not sampled,0,0,0
tiny-07601,absent,3,1,1,not sampled,0,0,0
tiny-07602,unresolved,4,2,1,not sampled,0,0,0
tiny-07603,absent,4,1,1,not sampled,0,0,0
tiny-07604,unresolved,3,2,1,not sampled,0,0,0
tiny-07605,absent,3,2,1,not sampled,0,0,0
tiny-07606,unresolved,4,2,1,not sampled,0,0,0
tiny-07607,absent,4,2,1,not sampled,0,0,0
tiny-07608,unresolved,2,2,1,not sampled,0,0,0
tiny-07609,absent,2,1,1,not sampled,0,0,0
tiny-07610,unresolved,3,2,1,not sampled,0,0,0
tiny-07611,absent,3,1,1,not sampled,0,0,0
tiny-07612,unresolved,3,2,1,not sampled,0,0,0
tiny-07613,absent,3,1,1,not sampled,0,0,0
tiny-07614,unresolved,4,2,1,not sampled,0,0,0
tiny-07615,absent,4,1,1,not sampled,0,0,0
tiny-07616,unresolved,3,2,1,not sampled,0,0,0
tiny-07617,absent,3,2,1,not sampled,0,0,0
tiny-07618,unresolved,4,2,1,not sampled,0,0,0
tiny-07619,absent,4,2,1,not sampled,0,0,0
tiny-07620,unresolved,1,1,1,not sampled,0,0,0
tiny-07621,absent,1,0,1,not sampled,0,0,0
tiny-07622,unresolved,2,1,1,not sampled,0,0,0
tiny-07623,absent,2,0,1,not sampled,0,0,0
tiny-07624,unresolved,2,1,1,not sampled,0,0,0
tiny-07625,absent,2,1,1,not sampled,0,0,0
tiny-07626,unresolved,3,1,1,not sampled,0,0,0
tiny-07627,absent,3,1,1,not sampled,0,0,0
tiny-07628,unresolved,2,1,1,not sampled,0,0,0
tiny-07629,absent,2,1,1,not sampled,0,0,0
tiny-07630,unresolved,3,1,1,not sampled,0,0,0
tiny-07631,absent,3,1,1,not sampled,0,0,0
tiny-07632,unresolved,3,2,1,not sampled,0,0,0
tiny-07633,absent,3,2,1,not sampled,0,0,0
tiny-07634,unresolved,4,2,1,not sampled,0,0,0
tiny-07635,absent,4,2,1,not sampled,0,0,0
tiny-07636,unresolved,4,2,1,not sampled,0,0,0
tiny-07637,absent,4,1,1,not sampled,0,0,0
tiny-07638,unresolved,5,2,1,not sampled,0,0,0
tiny-07639,absent,5,1,1,not sampled,0,0,0
tiny-07640,unresolved,4,2,1,not sampled,0,0,0
tiny-07641,absent,4,3,1,not sampled,0,0,0
tiny-07642,unresolved,5,2,1,not sampled,0,0,0
tiny-07643,absent,5,3,1,not sampled,0,0,0
tiny-07644,unresolved,3,2,1,not sampled,0,0,0
tiny-07645,unresolved,3,2,1,not sampled,0,0,0
tiny-07646,unresolved,4,2,1,not sampled,0,0,0
tiny-07647,unresolved,4,2,1,not sampled,0,0,0
tiny-07648,unresolved,4,2,1,not sampled,0,0,0
tiny-07649,absent,4,1,1,not sampled,0,0,0
tiny-07650,unresolved,5,2,1,not sampled,0,0,0
tiny-07651,absent,5,1,1,not sampled,0,0,0
tiny-07652,unresolved,4,2,1,not sampled,0,0,0
tiny-07653,unresolved,4,3,1,not sampled,0,0,0
tiny-07654,unresolved,5,2,1,not sampled,0,0,0
tiny-07655,unresolved,5,3,1,not sampled,0,0,0
tiny-07656,unresolved,2,1,1,not sampled,0,0,0
tiny-07657,unresolved,2,1,1,not sampled,0,0,0
tiny-07658,unresolved,3,1,1,not sampled,0,0,0
tiny-07659,unresolved,3,1,1,not sampled,0,0,0
tiny-07660,unresolved,3,1,1,not sampled,0,0,0
tiny-07661,absent,3,1,1,not sampled,0,0,0
tiny-07662,unresolved,4,1,1,not sampled,0,0,0
tiny-07663,absent,4,1,1,not sampled,0,0,0
tiny-07664,unresolved,3,1,1,not sampled,0,0,0
tiny-07665,unresolved,3,2,1,not sampled,0,0,0
tiny-07666,unresolved,4,1,1,not sampled,0,0,0
tiny-07667,unresolved,4,2,1,not sampled,0,0,0
tiny-07668,unresolved,2,1,1,not sampled,0,0,0
tiny-07669,absent,2,2,1,not sampled,0,0,0
tiny-07670,unresolved,3,2,1,not sampled,0,0,0
tiny-07671,absent,3,2,1,not sampled,0,0,0
tiny-07672,unresolved,3,1,1,not sampled,0,0,0
tiny-07673,absent,3,1,1,not sampled,0,0,0
tiny-07674,unresolved,4,2,1,not sampled,0,0,0
tiny-07675,absent,4,1,1,not sampled,0,0,0
tiny-07676,unresolved,3,1,1,not sampled,0,0,0
tiny-07677,absent,3,3,1,not sampled,0,0,0
tiny-07678,unresolved,4,2,1,not sampled,0,0,0
tiny-07679,absent,4,3,1,not sampled,0,0,0
tiny-07680,unresolved,2,1,1,not sampled,0,0,0
tiny-07681,newly_justified,2,2,1,not sampled,0,0,0
tiny-07682,unresolved,3,2,1,not sampled,0,0,0
tiny-07683,newly_justified,3,2,1,not sampled,0,0,0
tiny-07684,unresolved,3,1,1,not sampled,0,0,0
tiny-07685,absent,3,1,1,not sampled,0,0,0
tiny-07686,unresolved,4,2,1,not sampled,0,0,0
tiny-07687,absent,4,1,1,not sampled,0,0,0
tiny-07688,unresolved,3,1,1,not sampled,0,0,0
tiny-07689,newly_justified,3,3,1,not sampled,0,0,0
tiny-07690,unresolved,4,2,1,not sampled,0,0,0
tiny-07691,newly_justified,4,3,1,not sampled,0,0,0
tiny-07692,unresolved,1,0,1,not sampled,0,0,0
tiny-07693,unresolved,1,1,1,not sampled,0,0,0
tiny-07694,unresolved,2,1,1,not sampled,0,0,0
tiny-07695,unresolved,2,1,1,not sampled,0,0,0
tiny-07696,unresolved,2,0,1,not sampled,0,0,0
tiny-07697,absent,2,1,1,not sampled,0,0,0
tiny-07698,unresolved,3,1,1,not sampled,0,0,0
tiny-07699,absent,3,1,1,not sampled,0,0,0
tiny-07700,unresolved,2,0,1,not sampled,0,0,0
tiny-07701,unresolved,2,2,1,not sampled,0,0,0
tiny-07702,unresolved,3,1,1,not sampled,0,0,0
tiny-07703,unresolved,3,2,1,not sampled,0,0,0
tiny-07704,unresolved,1,1,1,not sampled,0,0,0
tiny-07705,absent,1,1,1,not sampled,0,0,0
tiny-07706,unresolved,2,2,1,not sampled,0,0,0
tiny-07707,absent,2,1,1,not sampled,0,0,0
tiny-07708,unresolved,2,1,1,not sampled,0,0,0
tiny-07709,absent,2,1,1,not sampled,0,0,0
tiny-07710,unresolved,3,2,1,not sampled,0,0,0
tiny-07711,absent,3,1,1,not sampled,0,0,0
tiny-07712,unresolved,2,1,1,not sampled,0,0,0
tiny-07713,absent,2,2,1,not sampled,0,0,0
tiny-07714,unresolved,3,2,1,not sampled,0,0,0
tiny-07715,absent,3,2,1,not sampled,0,0,0
tiny-07716,unresolved,1,1,1,not sampled,0,0,0
tiny-07717,absent,1,1,1,not sampled,0,0,0
tiny-07718,unresolved,2,2,1,not sampled,0,0,0
tiny-07719,absent,2,1,1,not sampled,0,0,0
tiny-07720,unresolved,2,1,1,not sampled,0,0,0
tiny-07721,absent,2,1,1,not sampled,0,0,0
tiny-07722,unresolved,3,2,1,not sampled,0,0,0
tiny-07723,absent,3,1,1,not sampled,0,0,0
tiny-07724,unresolved,2,1,1,not sampled,0,0,0
tiny-07725,absent,2,2,1,not sampled,0,0,0
tiny-07726,unresolved,3,2,1,not sampled,0,0,0
tiny-07727,absent,3,2,1,not sampled,0,0,0
tiny-07728,unresolved,0,0,1,not sampled,0,0,0
tiny-07729,absent,0,0,1,not sampled,0,0,0
tiny-07730,unresolved,1,1,1,not sampled,0,0,0
tiny-07731,absent,1,0,1,not sampled,0,0,0
tiny-07732,unresolved,1,0,1,not sampled,0,0,0
tiny-07733,absent,1,1,1,not sampled,0,0,0
tiny-07734,unresolved,2,1,1,not sampled,0,0,0
tiny-07735,absent,2,1,1,not sampled,0,0,0
tiny-07736,unresolved,1,0,1,not sampled,0,0,0
tiny-07737,absent,1,1,1,not sampled,0,0,0
tiny-07738,unresolved,2,1,1,not sampled,0,0,0
tiny-07739,absent,2,1,1,not sampled,0,0,0
tiny-07740,unresolved,2,1,1,not sampled,0,0,0
tiny-07741,absent,2,2,1,not sampled,0,0,0
tiny-07742,unresolved,3,2,1,not sampled,0,0,0
tiny-07743,absent,3,2,1,not sampled,0,0,0
tiny-07744,unresolved,3,1,1,not sampled,0,0,0
tiny-07745,absent,3,1,1,not sampled,0,0,0
tiny-07746,unresolved,4,2,1,not sampled,0,0,0
tiny-07747,absent,4,1,1,not sampled,0,0,0
tiny-07748,unresolved,3,1,1,not sampled,0,0,0
tiny-07749,absent,3,3,1,not sampled,0,0,0
tiny-07750,unresolved,4,2,1,not sampled,0,0,0
tiny-07751,absent,4,3,1,not sampled,0,0,0
tiny-07752,unresolved,2,1,1,not sampled,0,0,0
tiny-07753,unresolved,2,2,1,not sampled,0,0,0
tiny-07754,unresolved,3,2,1,not sampled,0,0,0
tiny-07755,unresolved,3,2,1,not sampled,0,0,0
tiny-07756,unresolved,3,1,1,not sampled,0,0,0
tiny-07757,absent,3,1,1,not sampled,0,0,0
tiny-07758,unresolved,4,2,1,not sampled,0,0,0
tiny-07759,absent,4,1,1,not sampled,0,0,0
tiny-07760,unresolved,3,1,1,not sampled,0,0,0
tiny-07761,unresolved,3,3,1,not sampled,0,0,0
tiny-07762,unresolved,4,2,1,not sampled,0,0,0
tiny-07763,unresolved,4,3,1,not sampled,0,0,0
tiny-07764,unresolved,1,0,1,not sampled,0,0,0
tiny-07765,unresolved,1,1,1,not sampled,0,0,0
tiny-07766,unresolved,2,1,1,not sampled,0,0,0
tiny-07767,unresolved,2,1,1,not sampled,0,0,0
tiny-07768,unresolved,2,0,1,not sampled,0,0,0
tiny-07769,absent,2,1,1,not sampled,0,0,0
tiny-07770,unresolved,3,1,1,not sampled,0,0,0
tiny-07771,absent,3,1,1,not sampled,0,0,0
tiny-07772,unresolved,2,0,1,not sampled,0,0,0
tiny-07773,unresolved,2,2,1,not sampled,0,0,0
tiny-07774,unresolved,3,1,1,not sampled,0,0,0
tiny-07775,unresolved,3,2,1,not sampled,0,0,0
tiny-07776,absent,2,1,1,not sampled,0,0,0
tiny-07777,absent,2,1,1,not sampled,0,0,0
tiny-07778,absent,3,1,1,not sampled,0,0,0
tiny-07779,absent,3,1,1,not sampled,0,0,0
tiny-07780,absent,3,1,1,not sampled,0,0,0
tiny-07781,absent,3,1,1,not sampled,0,0,0
tiny-07782,absent,4,1,1,not sampled,0,0,0
tiny-07783,absent,4,1,1,not sampled,0,0,0
tiny-07784,absent,3,1,1,not sampled,0,0,0
tiny-07785,absent,3,2,1,not sampled,0,0,0
tiny-07786,absent,4,1,1,not sampled,0,0,0
tiny-07787,absent,4,2,1,not sampled,0,0,0
tiny-07788,newly_justified,3,2,1,not sampled,0,0,0
tiny-07789,newly_justified,3,2,1,not sampled,0,0,0
tiny-07790,unresolved,4,2,1,not sampled,0,0,0
tiny-07791,newly_justified,4,2,1,not sampled,0,0,0
tiny-07792,newly_justified,4,2,1,not sampled,0,0,0
tiny-07793,absent,4,1,1,not sampled,0,0,0
tiny-07794,unresolved,5,2,1,not sampled,0,0,0
tiny-07795,absent,5,1,1,not sampled,0,0,0
tiny-07796,newly_justified,4,2,1,not sampled,0,0,0
tiny-07797,newly_justified,4,3,1,not sampled,0,0,0
tiny-07798,unresolved,5,2,1,not sampled,0,0,0
tiny-07799,newly_justified,5,3,1,not sampled,0,0,0
tiny-07800,unresolved,3,2,1,not sampled,0,0,0
tiny-07801,unresolved,3,2,1,not sampled,0,0,0
tiny-07802,unresolved,4,2,1,not sampled,0,0,0
tiny-07803,unresolved,4,2,1,not sampled,0,0,0
tiny-07804,unresolved,4,2,1,not sampled,0,0,0
tiny-07805,absent,4,1,1,not sampled,0,0,0
tiny-07806,unresolved,5,2,1,not sampled,0,0,0
tiny-07807,absent,5,1,1,not sampled,0,0,0
tiny-07808,unresolved,4,2,1,not sampled,0,0,0
tiny-07809,unresolved,4,3,1,not sampled,0,0,0
tiny-07810,unresolved,5,2,1,not sampled,0,0,0
tiny-07811,unresolved,5,3,1,not sampled,0,0,0
tiny-07812,absent,2,1,1,not sampled,0,0,0
tiny-07813,absent,2,1,1,not sampled,0,0,0
tiny-07814,absent,3,1,1,not sampled,0,0,0
tiny-07815,absent,3,1,1,not sampled,0,0,0
tiny-07816,absent,3,1,1,not sampled,0,0,0
tiny-07817,absent,3,1,1,not sampled,0,0,0
tiny-07818,absent,4,1,1,not sampled,0,0,0
tiny-07819,absent,4,1,1,not sampled,0,0,0
tiny-07820,absent,3,1,1,not sampled,0,0,0
tiny-07821,absent,3,2,1,not sampled,0,0,0
tiny-07822,absent,4,1,1,not sampled,0,0,0
tiny-07823,absent,4,2,1,not sampled,0,0,0
tiny-07824,newly_justified,3,2,1,not sampled,0,0,0
tiny-07825,absent,3,2,1,not sampled,0,0,0
tiny-07826,unresolved,4,2,1,not sampled,0,0,0
tiny-07827,absent,4,2,1,not sampled,0,0,0
tiny-07828,newly_justified,4,2,1,not sampled,0,0,0
tiny-07829,absent,4,1,1,not sampled,0,0,0
tiny-07830,unresolved,5,2,1,not sampled,0,0,0
tiny-07831,absent,5,1,1,not sampled,0,0,0
tiny-07832,newly_justified,4,2,1,not sampled,0,0,0
tiny-07833,absent,4,3,1,not sampled,0,0,0
tiny-07834,unresolved,5,2,1,not sampled,0,0,0
tiny-07835,absent,5,3,1,not sampled,0,0,0
tiny-07836,unresolved,3,2,1,not sampled,0,0,0
tiny-07837,absent,3,2,1,not sampled,0,0,0
tiny-07838,unresolved,4,2,1,not sampled,0,0,0
tiny-07839,absent,4,2,1,not sampled,0,0,0
tiny-07840,unresolved,4,2,1,not sampled,0,0,0
tiny-07841,absent,4,1,1,not sampled,0,0,0
tiny-07842,unresolved,5,2,1,not sampled,0,0,0
tiny-07843,absent,5,1,1,not sampled,0,0,0
tiny-07844,unresolved,4,2,1,not sampled,0,0,0
tiny-07845,absent,4,3,1,not sampled,0,0,0
tiny-07846,unresolved,5,2,1,not sampled,0,0,0
tiny-07847,absent,5,3,1,not sampled,0,0,0
tiny-07848,absent,1,1,1,not sampled,0,0,0
tiny-07849,absent,1,0,1,not sampled,0,0,0
tiny-07850,absent,2,1,1,not sampled,0,0,0
tiny-07851,absent,2,0,1,not sampled,0,0,0
tiny-07852,absent,2,1,1,not sampled,0,0,0
tiny-07853,absent,2,1,1,not sampled,0,0,0
tiny-07854,absent,3,1,1,not sampled,0,0,0
tiny-07855,absent,3,1,1,not sampled,0,0,0
tiny-07856,absent,2,1,1,not sampled,0,0,0
tiny-07857,absent,2,1,1,not sampled,0,0,0
tiny-07858,absent,3,1,1,not sampled,0,0,0
tiny-07859,absent,3,1,1,not sampled,0,0,0
tiny-07860,newly_justified,2,2,1,not sampled,0,0,0
tiny-07861,unresolved,2,1,1,not sampled,0,0,0
tiny-07862,unresolved,3,2,1,not sampled,0,0,0
tiny-07863,unresolved,3,1,1,not sampled,0,0,0
tiny-07864,newly_justified,3,2,1,not sampled,0,0,0
tiny-07865,absent,3,1,1,not sampled,0,0,0
tiny-07866,unresolved,4,2,1,not sampled,0,0,0
tiny-07867,absent,4,1,1,not sampled,0,0,0
tiny-07868,newly_justified,3,2,1,not sampled,0,0,0
tiny-07869,unresolved,3,2,1,not sampled,0,0,0
tiny-07870,unresolved,4,2,1,not sampled,0,0,0
tiny-07871,unresolved,4,2,1,not sampled,0,0,0
tiny-07872,unresolved,2,2,1,not sampled,0,0,0
tiny-07873,unresolved,2,1,1,not sampled,0,0,0
tiny-07874,unresolved,3,2,1,not sampled,0,0,0
tiny-07875,unresolved,3,1,1,not sampled,0,0,0
tiny-07876,unresolved,3,2,1,not sampled,0,0,0
tiny-07877,absent,3,1,1,not sampled,0,0,0
tiny-07878,unresolved,4,2,1,not sampled,0,0,0
tiny-07879,absent,4,1,1,not sampled,0,0,0
tiny-07880,unresolved,3,2,1,not sampled,0,0,0
tiny-07881,unresolved,3,2,1,not sampled,0,0,0
tiny-07882,unresolved,4,2,1,not sampled,0,0,0
tiny-07883,unresolved,4,2,1,not sampled,0,0,0
tiny-07884,absent,2,1,1,not sampled,0,0,0
tiny-07885,absent,2,1,1,not sampled,0,0,0
tiny-07886,absent,3,1,1,not sampled,0,0,0
tiny-07887,absent,3,1,1,not sampled,0,0,0
tiny-07888,absent,3,1,1,not sampled,0,0,0
tiny-07889,absent,3,1,1,not sampled,0,0,0
tiny-07890,absent,4,1,1,not sampled,0,0,0
tiny-07891,absent,4,1,1,not sampled,0,0,0
tiny-07892,absent,3,1,1,not sampled,0,0,0
tiny-07893,absent,3,2,1,not sampled,0,0,0
tiny-07894,absent,4,1,1,not sampled,0,0,0
tiny-07895,absent,4,2,1,not sampled,0,0,0
tiny-07896,absent,3,2,1,not sampled,0,0,0
tiny-07897,newly_justified,3,2,1,not sampled,0,0,0
tiny-07898,unresolved,4,2,1,not sampled,0,0,0
tiny-07899,newly_justified,4,2,1,not sampled,0,0,0
tiny-07900,absent,4,2,1,not sampled,0,0,0
tiny-07901,absent,4,1,1,not sampled,0,0,0
tiny-07902,unresolved,5,2,1,not sampled,0,0,0
tiny-07903,absent,5,1,1,not sampled,0,0,0
tiny-07904,absent,4,2,1,not sampled,0,0,0
tiny-07905,newly_justified,4,3,1,not sampled,0,0,0
tiny-07906,unresolved,5,2,1,not sampled,0,0,0
tiny-07907,newly_justified,5,3,1,not sampled,0,0,0
tiny-07908,absent,3,2,1,not sampled,0,0,0
tiny-07909,unresolved,3,2,1,not sampled,0,0,0
tiny-07910,unresolved,4,2,1,not sampled,0,0,0
tiny-07911,unresolved,4,2,1,not sampled,0,0,0
tiny-07912,absent,4,2,1,not sampled,0,0,0
tiny-07913,absent,4,1,1,not sampled,0,0,0
tiny-07914,unresolved,5,2,1,not sampled,0,0,0
tiny-07915,absent,5,1,1,not sampled,0,0,0
tiny-07916,absent,4,2,1,not sampled,0,0,0
tiny-07917,unresolved,4,3,1,not sampled,0,0,0
tiny-07918,unresolved,5,2,1,not sampled,0,0,0
tiny-07919,unresolved,5,3,1,not sampled,0,0,0
tiny-07920,absent,2,1,1,not sampled,0,0,0
tiny-07921,absent,2,1,1,not sampled,0,0,0
tiny-07922,absent,3,1,1,not sampled,0,0,0
tiny-07923,absent,3,1,1,not sampled,0,0,0
tiny-07924,absent,3,1,1,not sampled,0,0,0
tiny-07925,absent,3,1,1,not sampled,0,0,0
tiny-07926,absent,4,1,1,not sampled,0,0,0
tiny-07927,absent,4,1,1,not sampled,0,0,0
tiny-07928,absent,3,1,1,not sampled,0,0,0
tiny-07929,absent,3,2,1,not sampled,0,0,0
tiny-07930,absent,4,1,1,not sampled,0,0,0
tiny-07931,absent,4,2,1,not sampled,0,0,0
tiny-07932,absent,3,2,1,not sampled,0,0,0
tiny-07933,absent,3,2,1,not sampled,0,0,0
tiny-07934,unresolved,4,2,1,not sampled,0,0,0
tiny-07935,absent,4,2,1,not sampled,0,0,0
tiny-07936,absent,4,2,1,not sampled,0,0,0
tiny-07937,absent,4,1,1,not sampled,0,0,0
tiny-07938,unresolved,5,2,1,not sampled,0,0,0
tiny-07939,absent,5,1,1,not sampled,0,0,0
tiny-07940,absent,4,2,1,not sampled,0,0,0
tiny-07941,absent,4,3,1,not sampled,0,0,0
tiny-07942,unresolved,5,2,1,not sampled,0,0,0
tiny-07943,absent,5,3,1,not sampled,0,0,0
tiny-07944,absent,3,2,1,not sampled,0,0,0
tiny-07945,absent,3,2,1,not sampled,0,0,0
tiny-07946,unresolved,4,2,1,not sampled,0,0,0
tiny-07947,absent,4,2,1,not sampled,0,0,0
tiny-07948,absent,4,2,1,not sampled,0,0,0
tiny-07949,absent,4,1,1,not sampled,0,0,0
tiny-07950,unresolved,5,2,1,not sampled,0,0,0
tiny-07951,absent,5,1,1,not sampled,0,0,0
tiny-07952,absent,4,2,1,not sampled,0,0,0
tiny-07953,absent,4,3,1,not sampled,0,0,0
tiny-07954,unresolved,5,2,1,not sampled,0,0,0
tiny-07955,absent,5,3,1,not sampled,0,0,0
tiny-07956,absent,1,1,1,not sampled,0,0,0
tiny-07957,absent,1,0,1,not sampled,0,0,0
tiny-07958,absent,2,1,1,not sampled,0,0,0
tiny-07959,absent,2,0,1,not sampled,0,0,0
tiny-07960,absent,2,1,1,not sampled,0,0,0
tiny-07961,absent,2,1,1,not sampled,0,0,0
tiny-07962,absent,3,1,1,not sampled,0,0,0
tiny-07963,absent,3,1,1,not sampled,0,0,0
tiny-07964,absent,2,1,1,not sampled,0,0,0
tiny-07965,absent,2,1,1,not sampled,0,0,0
tiny-07966,absent,3,1,1,not sampled,0,0,0
tiny-07967,absent,3,1,1,not sampled,0,0,0
tiny-07968,absent,2,2,1,not sampled,0,0,0
tiny-07969,unresolved,2,1,1,not sampled,0,0,0
tiny-07970,unresolved,3,2,1,not sampled,0,0,0
tiny-07971,unresolved,3,1,1,not sampled,0,0,0
tiny-07972,absent,3,2,1,not sampled,0,0,0
tiny-07973,absent,3,1,1,not sampled,0,0,0
tiny-07974,unresolved,4,2,1,not sampled,0,0,0
tiny-07975,absent,4,1,1,not sampled,0,0,0
tiny-07976,absent,3,2,1,not sampled,0,0,0
tiny-07977,unresolved,3,2,1,not sampled,0,0,0
tiny-07978,unresolved,4,2,1,not sampled,0,0,0
tiny-07979,unresolved,4,2,1,not sampled,0,0,0
tiny-07980,absent,2,2,1,not sampled,0,0,0
tiny-07981,unresolved,2,1,1,not sampled,0,0,0
tiny-07982,unresolved,3,2,1,not sampled,0,0,0
tiny-07983,unresolved,3,1,1,not sampled,0,0,0
tiny-07984,absent,3,2,1,not sampled,0,0,0
tiny-07985,absent,3,1,1,not sampled,0,0,0
tiny-07986,unresolved,4,2,1,not sampled,0,0,0
tiny-07987,absent,4,1,1,not sampled,0,0,0
tiny-07988,absent,3,2,1,not sampled,0,0,0
tiny-07989,unresolved,3,2,1,not sampled,0,0,0
tiny-07990,unresolved,4,2,1,not sampled,0,0,0
tiny-07991,unresolved,4,2,1,not sampled,0,0,0
tiny-07992,absent,1,0,1,not sampled,0,0,0
tiny-07993,absent,1,1,1,not sampled,0,0,0
tiny-07994,absent,2,1,1,not sampled,0,0,0
tiny-07995,absent,2,1,1,not sampled,0,0,0
tiny-07996,absent,2,0,1,not sampled,0,0,0
tiny-07997,absent,2,1,1,not sampled,0,0,0
tiny-07998,absent,3,1,1,not sampled,0,0,0
tiny-07999,absent,3,1,1,not sampled,0,0,0
tiny-08000,absent,2,0,1,not sampled,0,0,0
tiny-08001,absent,2,2,1,not sampled,0,0,0
tiny-08002,absent,3,1,1,not sampled,0,0,0
tiny-08003,absent,3,2,1,not sampled,0,0,0
tiny-08004,unresolved,2,1,1,not sampled,0,0,0
tiny-08005,newly_justified,2,2,1,not sampled,0,0,0
tiny-08006,unresolved,3,2,1,not sampled,0,0,0
tiny-08007,newly_justified,3,2,1,not sampled,0,0,0
tiny-08008,unresolved,3,1,1,not sampled,0,0,0
tiny-08009,absent,3,1,1,not sampled,0,0,0
tiny-08010,unresolved,4,2,1,not sampled,0,0,0
tiny-08011,absent,4,1,1,not sampled,0,0,0
tiny-08012,unresolved,3,1,1,not sampled,0,0,0
tiny-08013,newly_justified,3,3,1,not sampled,0,0,0
tiny-08014,unresolved,4,2,1,not sampled,0,0,0
tiny-08015,newly_justified,4,3,1,not sampled,0,0,0
tiny-08016,unresolved,2,1,1,not sampled,0,0,0
tiny-08017,unresolved,2,2,1,not sampled,0,0,0
tiny-08018,unresolved,3,2,1,not sampled,0,0,0
tiny-08019,unresolved,3,2,1,not sampled,0,0,0
tiny-08020,unresolved,3,1,1,not sampled,0,0,0
tiny-08021,absent,3,1,1,not sampled,0,0,0
tiny-08022,unresolved,4,2,1,not sampled,0,0,0
tiny-08023,absent,4,1,1,not sampled,0,0,0
tiny-08024,unresolved,3,1,1,not sampled,0,0,0
tiny-08025,unresolved,3,3,1,not sampled,0,0,0
tiny-08026,unresolved,4,2,1,not sampled,0,0,0
tiny-08027,unresolved,4,3,1,not sampled,0,0,0
tiny-08028,absent,1,0,1,not sampled,0,0,0
tiny-08029,absent,1,1,1,not sampled,0,0,0
tiny-08030,absent,2,1,1,not sampled,0,0,0
tiny-08031,absent,2,1,1,not sampled,0,0,0
tiny-08032,absent,2,0,1,not sampled,0,0,0
tiny-08033,absent,2,1,1,not sampled,0,0,0
tiny-08034,absent,3,1,1,not sampled,0,0,0
tiny-08035,absent,3,1,1,not sampled,0,0,0
tiny-08036,absent,2,0,1,not sampled,0,0,0
tiny-08037,absent,2,2,1,not sampled,0,0,0
tiny-08038,absent,3,1,1,not sampled,0,0,0
tiny-08039,absent,3,2,1,not sampled,0,0,0
tiny-08040,unresolved,2,1,1,not sampled,0,0,0
tiny-08041,absent,2,2,1,not sampled,0,0,0
tiny-08042,unresolved,3,2,1,not sampled,0,0,0
tiny-08043,absent,3,2,1,not sampled,0,0,0
tiny-08044,unresolved,3,1,1,not sampled,0,0,0
tiny-08045,absent,3,1,1,not sampled,0,0,0
tiny-08046,unresolved,4,2,1,not sampled,0,0,0
tiny-08047,absent,4,1,1,not sampled,0,0,0
tiny-08048,unresolved,3,1,1,not sampled,0,0,0
tiny-08049,absent,3,3,1,not sampled,0,0,0
tiny-08050,unresolved,4,2,1,not sampled,0,0,0
tiny-08051,absent,4,3,1,not sampled,0,0,0
tiny-08052,unresolved,2,1,1,not sampled,0,0,0
tiny-08053,absent,2,2,1,not sampled,0,0,0
tiny-08054,unresolved,3,2,1,not sampled,0,0,0
tiny-08055,absent,3,2,1,not sampled,0,0,0
tiny-08056,unresolved,3,1,1,not sampled,0,0,0
tiny-08057,absent,3,1,1,not sampled,0,0,0
tiny-08058,unresolved,4,2,1,not sampled,0,0,0
tiny-08059,absent,4,1,1,not sampled,0,0,0
tiny-08060,unresolved,3,1,1,not sampled,0,0,0
tiny-08061,absent,3,3,1,not sampled,0,0,0
tiny-08062,unresolved,4,2,1,not sampled,0,0,0
tiny-08063,absent,4,3,1,not sampled,0,0,0
tiny-08064,absent,0,0,1,not sampled,0,0,0
tiny-08065,absent,0,0,1,not sampled,0,0,0
tiny-08066,absent,1,1,1,not sampled,0,0,0
tiny-08067,absent,1,0,1,not sampled,0,0,0
tiny-08068,absent,1,0,1,not sampled,0,0,0
tiny-08069,absent,1,1,1,not sampled,0,0,0
tiny-08070,absent,2,1,1,not sampled,0,0,0
tiny-08071,absent,2,1,1,not sampled,0,0,0
tiny-08072,absent,1,0,1,not sampled,0,0,0
tiny-08073,absent,1,1,1,not sampled,0,0,0
tiny-08074,absent,2,1,1,not sampled,0,0,0
tiny-08075,absent,2,1,1,not sampled,0,0,0
tiny-08076,unresolved,1,1,1,not sampled,0,0,0
tiny-08077,unresolved,1,1,1,not sampled,0,0,0
tiny-08078,unresolved,2,2,1,not sampled,0,0,0
tiny-08079,unresolved,2,1,1,not sampled,0,0,0
tiny-08080,unresolved,2,1,1,not sampled,0,0,0
tiny-08081,absent,2,1,1,not sampled,0,0,0
tiny-08082,unresolved,3,2,1,not sampled,0,0,0
tiny-08083,absent,3,1,1,not sampled,0,0,0
tiny-08084,unresolved,2,1,1,not sampled,0,0,0
tiny-08085,unresolved,2,2,1,not sampled,0,0,0
tiny-08086,unresolved,3,2,1,not sampled,0,0,0
tiny-08087,unresolved,3,2,1,not sampled,0,0,0
tiny-08088,unresolved,1,1,1,not sampled,0,0,0
tiny-08089,unresolved,1,1,1,not sampled,0,0,0
tiny-08090,unresolved,2,2,1,not sampled,0,0,0
tiny-08091,unresolved,2,1,1,not sampled,0,0,0
tiny-08092,unresolved,2,1,1,not sampled,0,0,0
tiny-08093,absent,2,1,1,not sampled,0,0,0
tiny-08094,unresolved,3,2,1,not sampled,0,0,0
tiny-08095,absent,3,1,1,not sampled,0,0,0
tiny-08096,unresolved,2,1,1,not sampled,0,0,0
tiny-08097,unresolved,2,2,1,not sampled,0,0,0
tiny-08098,unresolved,3,2,1,not sampled,0,0,0
tiny-08099,unresolved,3,2,1,not sampled,0,0,0
tiny-08100,unresolved,3,2,1,not sampled,0,0,0
tiny-08101,unresolved,3,2,1,not sampled,0,0,0
tiny-08102,unresolved,4,2,1,not sampled,0,0,0
tiny-08103,unresolved,4,2,1,not sampled,0,0,0
tiny-08104,unresolved,4,2,1,not sampled,0,0,0
tiny-08105,unresolved,4,1,1,not sampled,0,0,0
tiny-08106,unresolved,5,2,1,not sampled,0,0,0
tiny-08107,unresolved,5,1,1,not sampled,0,0,0
tiny-08108,unresolved,4,2,1,not sampled,0,0,0
tiny-08109,absent,4,3,1,not sampled,0,0,0
tiny-08110,unresolved,5,2,1,not sampled,0,0,0
tiny-08111,absent,5,3,1,not sampled,0,0,0
tiny-08112,unresolved,2,1,1,not sampled,0,0,0
tiny-08113,unresolved,2,1,1,not sampled,0,0,0
tiny-08114,unresolved,3,1,1,not sampled,0,0,0
tiny-08115,unresolved,3,1,1,not sampled,0,0,0
tiny-08116,unresolved,3,1,1,not sampled,0,0,0
tiny-08117,unresolved,3,1,1,not sampled,0,0,0
tiny-08118,unresolved,4,1,1,not sampled,0,0,0
tiny-08119,unresolved,4,1,1,not sampled,0,0,0
tiny-08120,unresolved,3,1,1,not sampled,0,0,0
tiny-08121,newly_justified,3,2,1,not sampled,0,0,0
tiny-08122,unresolved,4,1,1,not sampled,0,0,0
tiny-08123,newly_justified,4,2,1,not sampled,0,0,0
tiny-08124,unresolved,3,2,1,not sampled,0,0,0
tiny-08125,unresolved,3,2,1,not sampled,0,0,0
tiny-08126,unresolved,4,2,1,not sampled,0,0,0
tiny-08127,unresolved,4,2,1,not sampled,0,0,0
tiny-08128,unresolved,4,2,1,not sampled,0,0,0
tiny-08129,unresolved,4,1,1,not sampled,0,0,0
tiny-08130,unresolved,5,2,1,not sampled,0,0,0
tiny-08131,unresolved,5,1,1,not sampled,0,0,0
tiny-08132,unresolved,4,2,1,not sampled,0,0,0
tiny-08133,unresolved,4,3,1,not sampled,0,0,0
tiny-08134,unresolved,5,2,1,not sampled,0,0,0
tiny-08135,unresolved,5,3,1,not sampled,0,0,0
tiny-08136,unresolved,3,2,1,not sampled,0,0,0
tiny-08137,unresolved,3,2,1,not sampled,0,0,0
tiny-08138,unresolved,4,2,1,not sampled,0,0,0
tiny-08139,unresolved,4,2,1,not sampled,0,0,0
tiny-08140,unresolved,4,2,1,not sampled,0,0,0
tiny-08141,unresolved,4,1,1,not sampled,0,0,0
tiny-08142,unresolved,5,2,1,not sampled,0,0,0
tiny-08143,unresolved,5,1,1,not sampled,0,0,0
tiny-08144,unresolved,4,2,1,not sampled,0,0,0
tiny-08145,absent,4,3,1,not sampled,0,0,0
tiny-08146,unresolved,5,2,1,not sampled,0,0,0
tiny-08147,absent,5,3,1,not sampled,0,0,0
tiny-08148,unresolved,2,1,1,not sampled,0,0,0
tiny-08149,unresolved,2,1,1,not sampled,0,0,0
tiny-08150,unresolved,3,1,1,not sampled,0,0,0
tiny-08151,unresolved,3,1,1,not sampled,0,0,0
tiny-08152,unresolved,3,1,1,not sampled,0,0,0
tiny-08153,unresolved,3,1,1,not sampled,0,0,0
tiny-08154,unresolved,4,1,1,not sampled,0,0,0
tiny-08155,unresolved,4,1,1,not sampled,0,0,0
tiny-08156,unresolved,3,1,1,not sampled,0,0,0
tiny-08157,absent,3,2,1,not sampled,0,0,0
tiny-08158,unresolved,4,1,1,not sampled,0,0,0
tiny-08159,absent,4,2,1,not sampled,0,0,0
tiny-08160,unresolved,3,2,1,not sampled,0,0,0
tiny-08161,unresolved,3,2,1,not sampled,0,0,0
tiny-08162,unresolved,4,2,1,not sampled,0,0,0
tiny-08163,unresolved,4,2,1,not sampled,0,0,0
tiny-08164,unresolved,4,2,1,not sampled,0,0,0
tiny-08165,unresolved,4,1,1,not sampled,0,0,0
tiny-08166,unresolved,5,2,1,not sampled,0,0,0
tiny-08167,unresolved,5,1,1,not sampled,0,0,0
tiny-08168,unresolved,4,2,1,not sampled,0,0,0
tiny-08169,absent,4,3,1,not sampled,0,0,0
tiny-08170,unresolved,5,2,1,not sampled,0,0,0
tiny-08171,absent,5,3,1,not sampled,0,0,0
tiny-08172,unresolved,2,2,1,not sampled,0,0,0
tiny-08173,unresolved,2,1,1,not sampled,0,0,0
tiny-08174,unresolved,3,2,1,not sampled,0,0,0
tiny-08175,unresolved,3,1,1,not sampled,0,0,0
tiny-08176,unresolved,3,2,1,not sampled,0,0,0
tiny-08177,unresolved,3,1,1,not sampled,0,0,0
tiny-08178,unresolved,4,2,1,not sampled,0,0,0
tiny-08179,unresolved,4,1,1,not sampled,0,0,0
tiny-08180,unresolved,3,2,1,not sampled,0,0,0
tiny-08181,absent,3,2,1,not sampled,0,0,0
tiny-08182,unresolved,4,2,1,not sampled,0,0,0
tiny-08183,absent,4,2,1,not sampled,0,0,0
tiny-08184,unresolved,1,1,1,not sampled,0,0,0
tiny-08185,unresolved,1,0,1,not sampled,0,0,0
tiny-08186,unresolved,2,1,1,not sampled,0,0,0
tiny-08187,unresolved,2,0,1,not sampled,0,0,0
tiny-08188,unresolved,2,1,1,not sampled,0,0,0
tiny-08189,unresolved,2,1,1,not sampled,0,0,0
tiny-08190,unresolved,3,1,1,not sampled,0,0,0
tiny-08191,unresolved,3,1,1,not sampled,0,0,0
tiny-08192,unresolved,2,1,1,not sampled,0,0,0
tiny-08193,unresolved,2,1,1,not sampled,0,0,0
tiny-08194,unresolved,3,1,1,not sampled,0,0,0
tiny-08195,unresolved,3,1,1,not sampled,0,0,0
tiny-08196,unresolved,2,2,1,not sampled,0,0,0
tiny-08197,unresolved,2,1,1,not sampled,0,0,0
tiny-08198,unresolved,3,2,1,not sampled,0,0,0
tiny-08199,unresolved,3,1,1,not sampled,0,0,0
tiny-08200,unresolved,3,2,1,not sampled,0,0,0
tiny-08201,unresolved,3,1,1,not sampled,0,0,0
tiny-08202,unresolved,4,2,1,not sampled,0,0,0
tiny-08203,unresolved,4,1,1,not sampled,0,0,0
tiny-08204,unresolved,3,2,1,not sampled,0,0,0
tiny-08205,unresolved,3,2,1,not sampled,0,0,0
tiny-08206,unresolved,4,2,1,not sampled,0,0,0
tiny-08207,unresolved,4,2,1,not sampled,0,0,0
tiny-08208,unresolved,3,2,1,not sampled,0,0,0
tiny-08209,unresolved,3,2,1,not sampled,0,0,0
tiny-08210,unresolved,4,2,1,not sampled,0,0,0
tiny-08211,unresolved,4,2,1,not sampled,0,0,0
tiny-08212,unresolved,4,2,1,not sampled,0,0,0
tiny-08213,unresolved,4,1,1,not sampled,0,0,0
tiny-08214,unresolved,5,2,1,not sampled,0,0,0
tiny-08215,unresolved,5,1,1,not sampled,0,0,0
tiny-08216,unresolved,4,2,1,not sampled,0,0,0
tiny-08217,absent,4,3,1,not sampled,0,0,0
tiny-08218,unresolved,5,2,1,not sampled,0,0,0
tiny-08219,absent,5,3,1,not sampled,0,0,0
tiny-08220,unresolved,2,1,1,not sampled,0,0,0
tiny-08221,unresolved,2,1,1,not sampled,0,0,0
tiny-08222,unresolved,3,1,1,not sampled,0,0,0
tiny-08223,unresolved,3,1,1,not sampled,0,0,0
tiny-08224,unresolved,3,1,1,not sampled,0,0,0
tiny-08225,unresolved,3,1,1,not sampled,0,0,0
tiny-08226,unresolved,4,1,1,not sampled,0,0,0
tiny-08227,unresolved,4,1,1,not sampled,0,0,0
tiny-08228,unresolved,3,1,1,not sampled,0,0,0
tiny-08229,newly_justified,3,2,1,not sampled,0,0,0
tiny-08230,unresolved,4,1,1,not sampled,0,0,0
tiny-08231,newly_justified,4,2,1,not sampled,0,0,0
tiny-08232,unresolved,3,2,1,not sampled,0,0,0
tiny-08233,unresolved,3,2,1,not sampled,0,0,0
tiny-08234,unresolved,4,2,1,not sampled,0,0,0
tiny-08235,unresolved,4,2,1,not sampled,0,0,0
tiny-08236,unresolved,4,2,1,not sampled,0,0,0
tiny-08237,unresolved,4,1,1,not sampled,0,0,0
tiny-08238,unresolved,5,2,1,not sampled,0,0,0
tiny-08239,unresolved,5,1,1,not sampled,0,0,0
tiny-08240,unresolved,4,2,1,not sampled,0,0,0
tiny-08241,unresolved,4,3,1,not sampled,0,0,0
tiny-08242,unresolved,5,2,1,not sampled,0,0,0
tiny-08243,unresolved,5,3,1,not sampled,0,0,0
tiny-08244,unresolved,3,2,1,not sampled,0,0,0
tiny-08245,unresolved,3,2,1,not sampled,0,0,0
tiny-08246,unresolved,4,2,1,not sampled,0,0,0
tiny-08247,unresolved,4,2,1,not sampled,0,0,0
tiny-08248,unresolved,4,2,1,not sampled,0,0,0
tiny-08249,unresolved,4,1,1,not sampled,0,0,0
tiny-08250,unresolved,5,2,1,not sampled,0,0,0
tiny-08251,unresolved,5,1,1,not sampled,0,0,0
tiny-08252,unresolved,4,2,1,not sampled,0,0,0
tiny-08253,absent,4,3,1,not sampled,0,0,0
tiny-08254,unresolved,5,2,1,not sampled,0,0,0
tiny-08255,absent,5,3,1,not sampled,0,0,0
tiny-08256,unresolved,2,1,1,not sampled,0,0,0
tiny-08257,unresolved,2,1,1,not sampled,0,0,0
tiny-08258,unresolved,3,1,1,not sampled,0,0,0
tiny-08259,unresolved,3,1,1,not sampled,0,0,0
tiny-08260,unresolved,3,1,1,not sampled,0,0,0
tiny-08261,unresolved,3,1,1,not sampled,0,0,0
tiny-08262,unresolved,4,1,1,not sampled,0,0,0
tiny-08263,unresolved,4,1,1,not sampled,0,0,0
tiny-08264,unresolved,3,1,1,not sampled,0,0,0
tiny-08265,absent,3,2,1,not sampled,0,0,0
tiny-08266,unresolved,4,1,1,not sampled,0,0,0
tiny-08267,absent,4,2,1,not sampled,0,0,0
tiny-08268,unresolved,3,2,1,not sampled,0,0,0
tiny-08269,unresolved,3,2,1,not sampled,0,0,0
tiny-08270,unresolved,4,2,1,not sampled,0,0,0
tiny-08271,unresolved,4,2,1,not sampled,0,0,0
tiny-08272,unresolved,4,2,1,not sampled,0,0,0
tiny-08273,unresolved,4,1,1,not sampled,0,0,0
tiny-08274,unresolved,5,2,1,not sampled,0,0,0
tiny-08275,unresolved,5,1,1,not sampled,0,0,0
tiny-08276,unresolved,4,2,1,not sampled,0,0,0
tiny-08277,absent,4,3,1,not sampled,0,0,0
tiny-08278,unresolved,5,2,1,not sampled,0,0,0
tiny-08279,absent,5,3,1,not sampled,0,0,0
tiny-08280,unresolved,2,2,1,not sampled,0,0,0
tiny-08281,unresolved,2,1,1,not sampled,0,0,0
tiny-08282,unresolved,3,2,1,not sampled,0,0,0
tiny-08283,unresolved,3,1,1,not sampled,0,0,0
tiny-08284,unresolved,3,2,1,not sampled,0,0,0
tiny-08285,unresolved,3,1,1,not sampled,0,0,0
tiny-08286,unresolved,4,2,1,not sampled,0,0,0
tiny-08287,unresolved,4,1,1,not sampled,0,0,0
tiny-08288,unresolved,3,2,1,not sampled,0,0,0
tiny-08289,absent,3,2,1,not sampled,0,0,0
tiny-08290,unresolved,4,2,1,not sampled,0,0,0
tiny-08291,absent,4,2,1,not sampled,0,0,0
tiny-08292,unresolved,1,1,1,not sampled,0,0,0
tiny-08293,unresolved,1,0,1,not sampled,0,0,0
tiny-08294,unresolved,2,1,1,not sampled,0,0,0
tiny-08295,unresolved,2,0,1,not sampled,0,0,0
tiny-08296,unresolved,2,1,1,not sampled,0,0,0
tiny-08297,unresolved,2,1,1,not sampled,0,0,0
tiny-08298,unresolved,3,1,1,not sampled,0,0,0
tiny-08299,unresolved,3,1,1,not sampled,0,0,0
tiny-08300,unresolved,2,1,1,not sampled,0,0,0
tiny-08301,unresolved,2,1,1,not sampled,0,0,0
tiny-08302,unresolved,3,1,1,not sampled,0,0,0
tiny-08303,unresolved,3,1,1,not sampled,0,0,0
tiny-08304,unresolved,2,2,1,not sampled,0,0,0
tiny-08305,unresolved,2,1,1,not sampled,0,0,0
tiny-08306,unresolved,3,2,1,not sampled,0,0,0
tiny-08307,unresolved,3,1,1,not sampled,0,0,0
tiny-08308,unresolved,3,2,1,not sampled,0,0,0
tiny-08309,unresolved,3,1,1,not sampled,0,0,0
tiny-08310,unresolved,4,2,1,not sampled,0,0,0
tiny-08311,unresolved,4,1,1,not sampled,0,0,0
tiny-08312,unresolved,3,2,1,not sampled,0,0,0
tiny-08313,unresolved,3,2,1,not sampled,0,0,0
tiny-08314,unresolved,4,2,1,not sampled,0,0,0
tiny-08315,unresolved,4,2,1,not sampled,0,0,0
tiny-08316,unresolved,2,1,1,not sampled,0,0,0
tiny-08317,unresolved,2,2,1,not sampled,0,0,0
tiny-08318,unresolved,3,2,1,not sampled,0,0,0
tiny-08319,unresolved,3,2,1,not sampled,0,0,0
tiny-08320,unresolved,3,1,1,not sampled,0,0,0
tiny-08321,unresolved,3,1,1,not sampled,0,0,0
tiny-08322,unresolved,4,2,1,not sampled,0,0,0
tiny-08323,unresolved,4,1,1,not sampled,0,0,0
tiny-08324,unresolved,3,1,1,not sampled,0,0,0
tiny-08325,absent,3,3,1,not sampled,0,0,0
tiny-08326,unresolved,4,2,1,not sampled,0,0,0
tiny-08327,absent,4,3,1,not sampled,0,0,0
tiny-08328,unresolved,1,0,1,not sampled,0,0,0
tiny-08329,unresolved,1,1,1,not sampled,0,0,0
tiny-08330,unresolved,2,1,1,not sampled,0,0,0
tiny-08331,unresolved,2,1,1,not sampled,0,0,0
tiny-08332,unresolved,2,0,1,not sampled,0,0,0
tiny-08333,unresolved,2,1,1,not sampled,0,0,0
tiny-08334,unresolved,3,1,1,not sampled,0,0,0
tiny-08335,unresolved,3,1,1,not sampled,0,0,0
tiny-08336,unresolved,2,0,1,not sampled,0,0,0
tiny-08337,newly_justified,2,2,1,not sampled,0,0,0
tiny-08338,unresolved,3,1,1,not sampled,0,0,0
tiny-08339,newly_justified,3,2,1,not sampled,0,0,0
tiny-08340,unresolved,2,1,1,not sampled,0,0,0
tiny-08341,unresolved,2,2,1,not sampled,0,0,0
tiny-08342,unresolved,3,2,1,not sampled,0,0,0
tiny-08343,unresolved,3,2,1,not sampled,0,0,0
tiny-08344,unresolved,3,1,1,not sampled,0,0,0
tiny-08345,unresolved,3,1,1,not sampled,0,0,0
tiny-08346,unresolved,4,2,1,not sampled,0,0,0
tiny-08347,unresolved,4,1,1,not sampled,0,0,0
tiny-08348,unresolved,3,1,1,not sampled,0,0,0
tiny-08349,unresolved,3,3,1,not sampled,0,0,0
tiny-08350,unresolved,4,2,1,not sampled,0,0,0
tiny-08351,unresolved,4,3,1,not sampled,0,0,0
tiny-08352,unresolved,2,1,1,not sampled,0,0,0
tiny-08353,unresolved,2,2,1,not sampled,0,0,0
tiny-08354,unresolved,3,2,1,not sampled,0,0,0
tiny-08355,unresolved,3,2,1,not sampled,0,0,0
tiny-08356,unresolved,3,1,1,not sampled,0,0,0
tiny-08357,unresolved,3,1,1,not sampled,0,0,0
tiny-08358,unresolved,4,2,1,not sampled,0,0,0
tiny-08359,unresolved,4,1,1,not sampled,0,0,0
tiny-08360,unresolved,3,1,1,not sampled,0,0,0
tiny-08361,absent,3,3,1,not sampled,0,0,0
tiny-08362,unresolved,4,2,1,not sampled,0,0,0
tiny-08363,absent,4,3,1,not sampled,0,0,0
tiny-08364,unresolved,1,0,1,not sampled,0,0,0
tiny-08365,unresolved,1,1,1,not sampled,0,0,0
tiny-08366,unresolved,2,1,1,not sampled,0,0,0
tiny-08367,unresolved,2,1,1,not sampled,0,0,0
tiny-08368,unresolved,2,0,1,not sampled,0,0,0
tiny-08369,unresolved,2,1,1,not sampled,0,0,0
tiny-08370,unresolved,3,1,1,not sampled,0,0,0
tiny-08371,unresolved,3,1,1,not sampled,0,0,0
tiny-08372,unresolved,2,0,1,not sampled,0,0,0
tiny-08373,absent,2,2,1,not sampled,0,0,0
tiny-08374,unresolved,3,1,1,not sampled,0,0,0
tiny-08375,absent,3,2,1,not sampled,0,0,0
tiny-08376,unresolved,2,1,1,not sampled,0,0,0
tiny-08377,unresolved,2,2,1,not sampled,0,0,0
tiny-08378,unresolved,3,2,1,not sampled,0,0,0
tiny-08379,unresolved,3,2,1,not sampled,0,0,0
tiny-08380,unresolved,3,1,1,not sampled,0,0,0
tiny-08381,unresolved,3,1,1,not sampled,0,0,0
tiny-08382,unresolved,4,2,1,not sampled,0,0,0
tiny-08383,unresolved,4,1,1,not sampled,0,0,0
tiny-08384,unresolved,3,1,1,not sampled,0,0,0
tiny-08385,absent,3,3,1,not sampled,0,0,0
tiny-08386,unresolved,4,2,1,not sampled,0,0,0
tiny-08387,absent,4,3,1,not sampled,0,0,0
tiny-08388,unresolved,1,1,1,not sampled,0,0,0
tiny-08389,unresolved,1,1,1,not sampled,0,0,0
tiny-08390,unresolved,2,2,1,not sampled,0,0,0
tiny-08391,unresolved,2,1,1,not sampled,0,0,0
tiny-08392,unresolved,2,1,1,not sampled,0,0,0
tiny-08393,unresolved,2,1,1,not sampled,0,0,0
tiny-08394,unresolved,3,2,1,not sampled,0,0,0
tiny-08395,unresolved,3,1,1,not sampled,0,0,0
tiny-08396,unresolved,2,1,1,not sampled,0,0,0
tiny-08397,absent,2,2,1,not sampled,0,0,0
tiny-08398,unresolved,3,2,1,not sampled,0,0,0
tiny-08399,absent,3,2,1,not sampled,0,0,0
tiny-08400,unresolved,0,0,1,not sampled,0,0,0
tiny-08401,unresolved,0,0,1,not sampled,0,0,0
tiny-08402,unresolved,1,1,1,not sampled,0,0,0
tiny-08403,unresolved,1,0,1,not sampled,0,0,0
tiny-08404,unresolved,1,0,1,not sampled,0,0,0
tiny-08405,unresolved,1,1,1,not sampled,0,0,0
tiny-08406,unresolved,2,1,1,not sampled,0,0,0
tiny-08407,unresolved,2,1,1,not sampled,0,0,0
tiny-08408,unresolved,1,0,1,not sampled,0,0,0
tiny-08409,unresolved,1,1,1,not sampled,0,0,0
tiny-08410,unresolved,2,1,1,not sampled,0,0,0
tiny-08411,unresolved,2,1,1,not sampled,0,0,0
tiny-08412,unresolved,1,1,1,not sampled,0,0,0
tiny-08413,unresolved,1,1,1,not sampled,0,0,0
tiny-08414,unresolved,2,2,1,not sampled,0,0,0
tiny-08415,unresolved,2,1,1,not sampled,0,0,0
tiny-08416,unresolved,2,1,1,not sampled,0,0,0
tiny-08417,unresolved,2,1,1,not sampled,0,0,0
tiny-08418,unresolved,3,2,1,not sampled,0,0,0
tiny-08419,unresolved,3,1,1,not sampled,0,0,0
tiny-08420,unresolved,2,1,1,not sampled,0,0,0
tiny-08421,unresolved,2,2,1,not sampled,0,0,0
tiny-08422,unresolved,3,2,1,not sampled,0,0,0
tiny-08423,unresolved,3,2,1,not sampled,0,0,0
tiny-08424,unresolved,3,2,1,not sampled,0,0,0
tiny-08425,unresolved,3,2,1,not sampled,0,0,0
tiny-08426,unresolved,4,2,1,not sampled,0,0,0
tiny-08427,unresolved,4,2,1,not sampled,0,0,0
tiny-08428,unresolved,4,2,1,not sampled,0,0,0
tiny-08429,unresolved,4,1,1,not sampled,0,0,0
tiny-08430,unresolved,5,2,1,not sampled,0,0,0
tiny-08431,unresolved,5,1,1,not sampled,0,0,0
tiny-08432,unresolved,4,2,1,not sampled,0,0,0
tiny-08433,absent,4,3,1,not sampled,0,0,0
tiny-08434,unresolved,5,2,1,not sampled,0,0,0
tiny-08435,absent,5,3,1,not sampled,0,0,0
tiny-08436,unresolved,3,2,1,not sampled,0,0,0
tiny-08437,unresolved,3,2,1,not sampled,0,0,0
tiny-08438,unresolved,4,2,1,not sampled,0,0,0
tiny-08439,unresolved,4,2,1,not sampled,0,0,0
tiny-08440,unresolved,4,2,1,not sampled,0,0,0
tiny-08441,unresolved,4,1,1,not sampled,0,0,0
tiny-08442,unresolved,5,2,1,not sampled,0,0,0
tiny-08443,unresolved,5,1,1,not sampled,0,0,0
tiny-08444,unresolved,4,2,1,not sampled,0,0,0
tiny-08445,newly_justified,4,3,1,not sampled,0,0,0
tiny-08446,unresolved,5,2,1,not sampled,0,0,0
tiny-08447,newly_justified,5,3,1,not sampled,0,0,0
tiny-08448,unresolved,2,1,1,not sampled,0,0,0
tiny-08449,unresolved,2,1,1,not sampled,0,0,0
tiny-08450,unresolved,3,1,1,not sampled,0,0,0
tiny-08451,unresolved,3,1,1,not sampled,0,0,0
tiny-08452,unresolved,3,1,1,not sampled,0,0,0
tiny-08453,unresolved,3,1,1,not sampled,0,0,0
tiny-08454,unresolved,4,1,1,not sampled,0,0,0
tiny-08455,unresolved,4,1,1,not sampled,0,0,0
tiny-08456,unresolved,3,1,1,not sampled,0,0,0
tiny-08457,unresolved,3,2,1,not sampled,0,0,0
tiny-08458,unresolved,4,1,1,not sampled,0,0,0
tiny-08459,unresolved,4,2,1,not sampled,0,0,0
tiny-08460,unresolved,3,2,1,not sampled,0,0,0
tiny-08461,unresolved,3,2,1,not sampled,0,0,0
tiny-08462,unresolved,4,2,1,not sampled,0,0,0
tiny-08463,unresolved,4,2,1,not sampled,0,0,0
tiny-08464,unresolved,4,2,1,not sampled,0,0,0
tiny-08465,unresolved,4,1,1,not sampled,0,0,0
tiny-08466,unresolved,5,2,1,not sampled,0,0,0
tiny-08467,unresolved,5,1,1,not sampled,0,0,0
tiny-08468,unresolved,4,2,1,not sampled,0,0,0
tiny-08469,absent,4,3,1,not sampled,0,0,0
tiny-08470,unresolved,5,2,1,not sampled,0,0,0
tiny-08471,absent,5,3,1,not sampled,0,0,0
tiny-08472,unresolved,3,2,1,not sampled,0,0,0
tiny-08473,unresolved,3,2,1,not sampled,0,0,0
tiny-08474,unresolved,4,2,1,not sampled,0,0,0
tiny-08475,unresolved,4,2,1,not sampled,0,0,0
tiny-08476,unresolved,4,2,1,not sampled,0,0,0
tiny-08477,unresolved,4,1,1,not sampled,0,0,0
tiny-08478,unresolved,5,2,1,not sampled,0,0,0
tiny-08479,unresolved,5,1,1,not sampled,0,0,0
tiny-08480,unresolved,4,2,1,not sampled,0,0,0
tiny-08481,absent,4,3,1,not sampled,0,0,0
tiny-08482,unresolved,5,2,1,not sampled,0,0,0
tiny-08483,absent,5,3,1,not sampled,0,0,0
tiny-08484,unresolved,2,1,1,not sampled,0,0,0
tiny-08485,unresolved,2,1,1,not sampled,0,0,0
tiny-08486,unresolved,3,1,1,not sampled,0,0,0
tiny-08487,unresolved,3,1,1,not sampled,0,0,0
tiny-08488,unresolved,3,1,1,not sampled,0,0,0
tiny-08489,unresolved,3,1,1,not sampled,0,0,0
tiny-08490,unresolved,4,1,1,not sampled,0,0,0
tiny-08491,unresolved,4,1,1,not sampled,0,0,0
tiny-08492,unresolved,3,1,1,not sampled,0,0,0
tiny-08493,absent,3,2,1,not sampled,0,0,0
tiny-08494,unresolved,4,1,1,not sampled,0,0,0
tiny-08495,absent,4,2,1,not sampled,0,0,0
tiny-08496,unresolved,2,2,1,not sampled,0,0,0
tiny-08497,unresolved,2,1,1,not sampled,0,0,0
tiny-08498,unresolved,3,2,1,not sampled,0,0,0
tiny-08499,unresolved,3,1,1,not sampled,0,0,0
tiny-08500,unresolved,3,2,1,not sampled,0,0,0
tiny-08501,unresolved,3,1,1,not sampled,0,0,0
tiny-08502,unresolved,4,2,1,not sampled,0,0,0
tiny-08503,unresolved,4,1,1,not sampled,0,0,0
tiny-08504,unresolved,3,2,1,not sampled,0,0,0
tiny-08505,absent,3,2,1,not sampled,0,0,0
tiny-08506,unresolved,4,2,1,not sampled,0,0,0
tiny-08507,absent,4,2,1,not sampled,0,0,0
tiny-08508,unresolved,2,2,1,not sampled,0,0,0
tiny-08509,unresolved,2,1,1,not sampled,0,0,0
tiny-08510,unresolved,3,2,1,not sampled,0,0,0
tiny-08511,unresolved,3,1,1,not sampled,0,0,0
tiny-08512,unresolved,3,2,1,not sampled,0,0,0
tiny-08513,unresolved,3,1,1,not sampled,0,0,0
tiny-08514,unresolved,4,2,1,not sampled,0,0,0
tiny-08515,unresolved,4,1,1,not sampled,0,0,0
tiny-08516,unresolved,3,2,1,not sampled,0,0,0
tiny-08517,unresolved,3,2,1,not sampled,0,0,0
tiny-08518,unresolved,4,2,1,not sampled,0,0,0
tiny-08519,unresolved,4,2,1,not sampled,0,0,0
tiny-08520,unresolved,1,1,1,not sampled,0,0,0
tiny-08521,unresolved,1,0,1,not sampled,0,0,0
tiny-08522,unresolved,2,1,1,not sampled,0,0,0
tiny-08523,unresolved,2,0,1,not sampled,0,0,0
tiny-08524,unresolved,2,1,1,not sampled,0,0,0
tiny-08525,unresolved,2,1,1,not sampled,0,0,0
tiny-08526,unresolved,3,1,1,not sampled,0,0,0
tiny-08527,unresolved,3,1,1,not sampled,0,0,0
tiny-08528,unresolved,2,1,1,not sampled,0,0,0
tiny-08529,unresolved,2,1,1,not sampled,0,0,0
tiny-08530,unresolved,3,1,1,not sampled,0,0,0
tiny-08531,unresolved,3,1,1,not sampled,0,0,0
tiny-08532,unresolved,3,2,1,not sampled,0,0,0
tiny-08533,unresolved,3,2,1,not sampled,0,0,0
tiny-08534,unresolved,4,2,1,not sampled,0,0,0
tiny-08535,unresolved,4,2,1,not sampled,0,0,0
tiny-08536,unresolved,4,2,1,not sampled,0,0,0
tiny-08537,unresolved,4,1,1,not sampled,0,0,0
tiny-08538,unresolved,5,2,1,not sampled,0,0,0
tiny-08539,unresolved,5,1,1,not sampled,0,0,0
tiny-08540,unresolved,4,2,1,not sampled,0,0,0
tiny-08541,absent,4,3,1,not sampled,0,0,0
tiny-08542,unresolved,5,2,1,not sampled,0,0,0
tiny-08543,absent,5,3,1,not sampled,0,0,0
tiny-08544,unresolved,3,2,1,not sampled,0,0,0
tiny-08545,unresolved,3,2,1,not sampled,0,0,0
tiny-08546,unresolved,4,2,1,not sampled,0,0,0
tiny-08547,unresolved,4,2,1,not sampled,0,0,0
tiny-08548,unresolved,4,2,1,not sampled,0,0,0
tiny-08549,unresolved,4,1,1,not sampled,0,0,0
tiny-08550,unresolved,5,2,1,not sampled,0,0,0
tiny-08551,unresolved,5,1,1,not sampled,0,0,0
tiny-08552,unresolved,4,2,1,not sampled,0,0,0
tiny-08553,newly_justified,4,3,1,not sampled,0,0,0
tiny-08554,unresolved,5,2,1,not sampled,0,0,0
tiny-08555,newly_justified,5,3,1,not sampled,0,0,0
tiny-08556,unresolved,2,1,1,not sampled,0,0,0
tiny-08557,unresolved,2,1,1,not sampled,0,0,0
tiny-08558,unresolved,3,1,1,not sampled,0,0,0
tiny-08559,unresolved,3,1,1,not sampled,0,0,0
tiny-08560,unresolved,3,1,1,not sampled,0,0,0
tiny-08561,unresolved,3,1,1,not sampled,0,0,0
tiny-08562,unresolved,4,1,1,not sampled,0,0,0
tiny-08563,unresolved,4,1,1,not sampled,0,0,0
tiny-08564,unresolved,3,1,1,not sampled,0,0,0
tiny-08565,unresolved,3,2,1,not sampled,0,0,0
tiny-08566,unresolved,4,1,1,not sampled,0,0,0
tiny-08567,unresolved,4,2,1,not sampled,0,0,0
tiny-08568,unresolved,3,2,1,not sampled,0,0,0
tiny-08569,unresolved,3,2,1,not sampled,0,0,0
tiny-08570,unresolved,4,2,1,not sampled,0,0,0
tiny-08571,unresolved,4,2,1,not sampled,0,0,0
tiny-08572,unresolved,4,2,1,not sampled,0,0,0
tiny-08573,unresolved,4,1,1,not sampled,0,0,0
tiny-08574,unresolved,5,2,1,not sampled,0,0,0
tiny-08575,unresolved,5,1,1,not sampled,0,0,0
tiny-08576,unresolved,4,2,1,not sampled,0,0,0
tiny-08577,absent,4,3,1,not sampled,0,0,0
tiny-08578,unresolved,5,2,1,not sampled,0,0,0
tiny-08579,absent,5,3,1,not sampled,0,0,0
tiny-08580,unresolved,3,2,1,not sampled,0,0,0
tiny-08581,unresolved,3,2,1,not sampled,0,0,0
tiny-08582,unresolved,4,2,1,not sampled,0,0,0
tiny-08583,unresolved,4,2,1,not sampled,0,0,0
tiny-08584,unresolved,4,2,1,not sampled,0,0,0
tiny-08585,unresolved,4,1,1,not sampled,0,0,0
tiny-08586,unresolved,5,2,1,not sampled,0,0,0
tiny-08587,unresolved,5,1,1,not sampled,0,0,0
tiny-08588,unresolved,4,2,1,not sampled,0,0,0
tiny-08589,absent,4,3,1,not sampled,0,0,0
tiny-08590,unresolved,5,2,1,not sampled,0,0,0
tiny-08591,absent,5,3,1,not sampled,0,0,0
tiny-08592,unresolved,2,1,1,not sampled,0,0,0
tiny-08593,unresolved,2,1,1,not sampled,0,0,0
tiny-08594,unresolved,3,1,1,not sampled,0,0,0
tiny-08595,unresolved,3,1,1,not sampled,0,0,0
tiny-08596,unresolved,3,1,1,not sampled,0,0,0
tiny-08597,unresolved,3,1,1,not sampled,0,0,0
tiny-08598,unresolved,4,1,1,not sampled,0,0,0
tiny-08599,unresolved,4,1,1,not sampled,0,0,0
tiny-08600,unresolved,3,1,1,not sampled,0,0,0
tiny-08601,absent,3,2,1,not sampled,0,0,0
tiny-08602,unresolved,4,1,1,not sampled,0,0,0
tiny-08603,absent,4,2,1,not sampled,0,0,0
tiny-08604,unresolved,2,2,1,not sampled,0,0,0
tiny-08605,unresolved,2,1,1,not sampled,0,0,0
tiny-08606,unresolved,3,2,1,not sampled,0,0,0
tiny-08607,unresolved,3,1,1,not sampled,0,0,0
tiny-08608,unresolved,3,2,1,not sampled,0,0,0
tiny-08609,unresolved,3,1,1,not sampled,0,0,0
tiny-08610,unresolved,4,2,1,not sampled,0,0,0
tiny-08611,unresolved,4,1,1,not sampled,0,0,0
tiny-08612,unresolved,3,2,1,not sampled,0,0,0
tiny-08613,absent,3,2,1,not sampled,0,0,0
tiny-08614,unresolved,4,2,1,not sampled,0,0,0
tiny-08615,absent,4,2,1,not sampled,0,0,0
tiny-08616,unresolved,2,2,1,not sampled,0,0,0
tiny-08617,unresolved,2,1,1,not sampled,0,0,0
tiny-08618,unresolved,3,2,1,not sampled,0,0,0
tiny-08619,unresolved,3,1,1,not sampled,0,0,0
tiny-08620,unresolved,3,2,1,not sampled,0,0,0
tiny-08621,unresolved,3,1,1,not sampled,0,0,0
tiny-08622,unresolved,4,2,1,not sampled,0,0,0
tiny-08623,unresolved,4,1,1,not sampled,0,0,0
tiny-08624,unresolved,3,2,1,not sampled,0,0,0
tiny-08625,unresolved,3,2,1,not sampled,0,0,0
tiny-08626,unresolved,4,2,1,not sampled,0,0,0
tiny-08627,unresolved,4,2,1,not sampled,0,0,0
tiny-08628,unresolved,1,1,1,not sampled,0,0,0
tiny-08629,unresolved,1,0,1,not sampled,0,0,0
tiny-08630,unresolved,2,1,1,not sampled,0,0,0
tiny-08631,unresolved,2,0,1,not sampled,0,0,0
tiny-08632,unresolved,2,1,1,not sampled,0,0,0
tiny-08633,unresolved,2,1,1,not sampled,0,0,0
tiny-08634,unresolved,3,1,1,not sampled,0,0,0
tiny-08635,unresolved,3,1,1,not sampled,0,0,0
tiny-08636,unresolved,2,1,1,not sampled,0,0,0
tiny-08637,unresolved,2,1,1,not sampled,0,0,0
tiny-08638,unresolved,3,1,1,not sampled,0,0,0
tiny-08639,unresolved,3,1,1,not sampled,0,0,0
tiny-08640,unresolved,2,1,1,not sampled,0,0,0
tiny-08641,unresolved,2,2,1,not sampled,0,0,0
tiny-08642,unresolved,3,2,1,not sampled,0,0,0
tiny-08643,unresolved,3,2,1,not sampled,0,0,0
tiny-08644,unresolved,3,1,1,not sampled,0,0,0
tiny-08645,unresolved,3,1,1,not sampled,0,0,0
tiny-08646,unresolved,4,2,1,not sampled,0,0,0
tiny-08647,unresolved,4,1,1,not sampled,0,0,0
tiny-08648,unresolved,3,1,1,not sampled,0,0,0
tiny-08649,absent,3,3,1,not sampled,0,0,0
tiny-08650,unresolved,4,2,1,not sampled,0,0,0
tiny-08651,absent,4,3,1,not sampled,0,0,0
tiny-08652,unresolved,2,1,1,not sampled,0,0,0
tiny-08653,unresolved,2,2,1,not sampled,0,0,0
tiny-08654,unresolved,3,2,1,not sampled,0,0,0
tiny-08655,unresolved,3,2,1,not sampled,0,0,0
tiny-08656,unresolved,3,1,1,not sampled,0,0,0
tiny-08657,unresolved,3,1,1,not sampled,0,0,0
tiny-08658,unresolved,4,2,1,not sampled,0,0,0
tiny-08659,unresolved,4,1,1,not sampled,0,0,0
tiny-08660,unresolved,3,1,1,not sampled,0,0,0
tiny-08661,newly_justified,3,3,1,not sampled,0,0,0
tiny-08662,unresolved,4,2,1,not sampled,0,0,0
tiny-08663,newly_justified,4,3,1,not sampled,0,0,0
tiny-08664,unresolved,1,0,1,not sampled,0,0,0
tiny-08665,unresolved,1,1,1,not sampled,0,0,0
tiny-08666,unresolved,2,1,1,not sampled,0,0,0
tiny-08667,unresolved,2,1,1,not sampled,0,0,0
tiny-08668,unresolved,2,0,1,not sampled,0,0,0
tiny-08669,unresolved,2,1,1,not sampled,0,0,0
tiny-08670,unresolved,3,1,1,not sampled,0,0,0
tiny-08671,unresolved,3,1,1,not sampled,0,0,0
tiny-08672,unresolved,2,0,1,not sampled,0,0,0
tiny-08673,unresolved,2,2,1,not sampled,0,0,0
tiny-08674,unresolved,3,1,1,not sampled,0,0,0
tiny-08675,unresolved,3,2,1,not sampled,0,0,0
tiny-08676,unresolved,2,1,1,not sampled,0,0,0
tiny-08677,unresolved,2,2,1,not sampled,0,0,0
tiny-08678,unresolved,3,2,1,not sampled,0,0,0
tiny-08679,unresolved,3,2,1,not sampled,0,0,0
tiny-08680,unresolved,3,1,1,not sampled,0,0,0
tiny-08681,unresolved,3,1,1,not sampled,0,0,0
tiny-08682,unresolved,4,2,1,not sampled,0,0,0
tiny-08683,unresolved,4,1,1,not sampled,0,0,0
tiny-08684,unresolved,3,1,1,not sampled,0,0,0
tiny-08685,absent,3,3,1,not sampled,0,0,0
tiny-08686,unresolved,4,2,1,not sampled,0,0,0
tiny-08687,absent,4,3,1,not sampled,0,0,0
tiny-08688,unresolved,2,1,1,not sampled,0,0,0
tiny-08689,unresolved,2,2,1,not sampled,0,0,0
tiny-08690,unresolved,3,2,1,not sampled,0,0,0
tiny-08691,unresolved,3,2,1,not sampled,0,0,0
tiny-08692,unresolved,3,1,1,not sampled,0,0,0
tiny-08693,unresolved,3,1,1,not sampled,0,0,0
tiny-08694,unresolved,4,2,1,not sampled,0,0,0
tiny-08695,unresolved,4,1,1,not sampled,0,0,0
tiny-08696,unresolved,3,1,1,not sampled,0,0,0
tiny-08697,absent,3,3,1,not sampled,0,0,0
tiny-08698,unresolved,4,2,1,not sampled,0,0,0
tiny-08699,absent,4,3,1,not sampled,0,0,0
tiny-08700,unresolved,1,0,1,not sampled,0,0,0
tiny-08701,unresolved,1,1,1,not sampled,0,0,0
tiny-08702,unresolved,2,1,1,not sampled,0,0,0
tiny-08703,unresolved,2,1,1,not sampled,0,0,0
tiny-08704,unresolved,2,0,1,not sampled,0,0,0
tiny-08705,unresolved,2,1,1,not sampled,0,0,0
tiny-08706,unresolved,3,1,1,not sampled,0,0,0
tiny-08707,unresolved,3,1,1,not sampled,0,0,0
tiny-08708,unresolved,2,0,1,not sampled,0,0,0
tiny-08709,absent,2,2,1,not sampled,0,0,0
tiny-08710,unresolved,3,1,1,not sampled,0,0,0
tiny-08711,absent,3,2,1,not sampled,0,0,0
tiny-08712,unresolved,1,1,1,not sampled,0,0,0
tiny-08713,unresolved,1,1,1,not sampled,0,0,0
tiny-08714,unresolved,2,2,1,not sampled,0,0,0
tiny-08715,unresolved,2,1,1,not sampled,0,0,0
tiny-08716,unresolved,2,1,1,not sampled,0,0,0
tiny-08717,unresolved,2,1,1,not sampled,0,0,0
tiny-08718,unresolved,3,2,1,not sampled,0,0,0
tiny-08719,unresolved,3,1,1,not sampled,0,0,0
tiny-08720,unresolved,2,1,1,not sampled,0,0,0
tiny-08721,absent,2,2,1,not sampled,0,0,0
tiny-08722,unresolved,3,2,1,not sampled,0,0,0
tiny-08723,absent,3,2,1,not sampled,0,0,0
tiny-08724,unresolved,1,1,1,not sampled,0,0,0
tiny-08725,unresolved,1,1,1,not sampled,0,0,0
tiny-08726,unresolved,2,2,1,not sampled,0,0,0
tiny-08727,unresolved,2,1,1,not sampled,0,0,0
tiny-08728,unresolved,2,1,1,not sampled,0,0,0
tiny-08729,unresolved,2,1,1,not sampled,0,0,0
tiny-08730,unresolved,3,2,1,not sampled,0,0,0
tiny-08731,unresolved,3,1,1,not sampled,0,0,0
tiny-08732,unresolved,2,1,1,not sampled,0,0,0
tiny-08733,unresolved,2,2,1,not sampled,0,0,0
tiny-08734,unresolved,3,2,1,not sampled,0,0,0
tiny-08735,unresolved,3,2,1,not sampled,0,0,0
tiny-08736,unresolved,0,0,1,not sampled,0,0,0
tiny-08737,unresolved,0,0,1,not sampled,0,0,0
tiny-08738,unresolved,1,1,1,not sampled,0,0,0
tiny-08739,unresolved,1,0,1,not sampled,0,0,0
tiny-08740,unresolved,1,0,1,not sampled,0,0,0
tiny-08741,unresolved,1,1,1,not sampled,0,0,0
tiny-08742,unresolved,2,1,1,not sampled,0,0,0
tiny-08743,unresolved,2,1,1,not sampled,0,0,0
tiny-08744,unresolved,1,0,1,not sampled,0,0,0
tiny-08745,unresolved,1,1,1,not sampled,0,0,0
tiny-08746,unresolved,2,1,1,not sampled,0,0,0
tiny-08747,unresolved,2,1,1,not sampled,0,0,0
