old_states,new_states,catalog_change,normalizer_change
TTT,TTT,catalog-stable,normalizer-stable
TTT,TTT,catalog-stable,normalizer-loss
TTT,TTT,rule-removal,normalizer-stable
TTT,TTT,rule-removal,normalizer-loss
TTT,TTT,rule-addition,normalizer-stable
TTT,TTT,rule-addition,normalizer-loss
TTT,TTF,catalog-stable,normalizer-stable
TTT,TTF,catalog-stable,normalizer-loss
TTT,TTF,rule-removal,normalizer-stable
TTT,TTF,rule-removal,normalizer-loss
TTT,TTF,rule-addition,normalizer-stable
TTT,TTF,rule-addition,normalizer-loss
TTT,TTU,catalog-stable,normalizer-stable
TTT,TTU,catalog-stable,normalizer-loss
TTT,TTU,rule-removal,normalizer-stable
TTT,TTU,rule-removal,normalizer-loss
TTT,TTU,rule-addition,normalizer-stable
TTT,TTU,rule-addition,normalizer-loss
TTT,TFT,catalog-stable,normalizer-stable
TTT,TFT,catalog-stable,normalizer-loss
TTT,TFT,rule-removal,normalizer-stable
TTT,TFT,rule-removal,normalizer-loss
TTT,TFT,rule-addition,normalizer-stable
TTT,TFT,rule-addition,normalizer-loss
TTT,TFF,catalog-stable,normalizer-stable
TTT,TFF,catalog-stable,normalizer-loss
TTT,TFF,rule-removal,normalizer-stable
TTT,TFF,rule-removal,normalizer-loss
TTT,TFF,rule-addition,normalizer-stable
TTT,TFF,rule-addition,normalizer-loss
TTT,TFU,catalog-stable,normalizer-stable
TTT,TFU,catalog-stable,normalizer-loss
TTT,TFU,rule-removal,normalizer-stable
TTT,TFU,rule-removal,normalizer-loss
TTT,TFU,rule-addition,normalizer-stable
TTT,TFU,rule-addition,normalizer-loss
TTT,TUT,catalog-stable,normalizer-stable
TTT,TUT,catalog-stable,normalizer-loss
TTT,TUT,rule-removal,normalizer-stable
TTT,TUT,rule-removal,normalizer-loss
TTT,TUT,rule-addition,normalizer-stable
TTT,TUT,rule-addition,normalizer-loss
TTT,TUF,catalog-stable,normalizer-stable
TTT,TUF,catalog-stable,normalizer-loss
TTT,TUF,rule-removal,normalizer-stable
TTT,TUF,rule-removal,normalizer-loss
TTT,TUF,rule-addition,normalizer-stable
TTT,TUF,rule-addition,normalizer-loss
TTT,TUU,catalog-stable,normalizer-stable
TTT,TUU,catalog-stable,normalizer-loss
TTT,TUU,rule-removal,normalizer-stable
TTT,TUU,rule-removal,normalizer-loss
TTT,TUU,rule-addition,normalizer-stable
TTT,TUU,rule-addition,normalizer-loss
TTT,FTT,catalog-stable,normalizer-stable
TTT,FTT,catalog-stable,normalizer-loss
TTT,FTT,rule-removal,normalizer-stable
TTT,FTT,rule-removal,normalizer-loss
TTT,FTT,rule-addition,normalizer-stable
TTT,FTT,rule-addition,normalizer-loss
TTT,FTF,catalog-stable,normalizer-stable
TTT,FTF,catalog-stable,normalizer-loss
TTT,FTF,rule-removal,normalizer-stable
TTT,FTF,rule-removal,normalizer-loss
TTT,FTF,rule-addition,normalizer-stable
TTT,FTF,rule-addition,normalizer-loss
TTT,FTU,catalog-stable,normalizer-stable
TTT,FTU,catalog-stable,normalizer-loss
TTT,FTU,rule-removal,normalizer-stable
TTT,FTU,rule-removal,normalizer-loss
TTT,FTU,rule-addition,normalizer-stable
TTT,FTU,rule-addition,normalizer-loss
TTT,FFT,catalog-stable,normalizer-stable
TTT,FFT,catalog-stable,normalizer-loss
TTT,FFT,rule-removal,normalizer-stable
TTT,FFT,rule-removal,normalizer-loss
TTT,FFT,rule-addition,normalizer-stable
TTT,FFT,rule-addition,normalizer-loss
TTT,FFF,catalog-stable,normalizer-stable
TTT,FFF,catalog-stable,normalizer-loss
TTT,FFF,rule-removal,normalizer-stable
TTT,FFF,rule-removal,normalizer-loss
TTT,FFF,rule-addition,normalizer-stable
TTT,FFF,rule-addition,normalizer-loss
TTT,FFU,catalog-stable,normalizer-stable
TTT,FFU,catalog-stable,normalizer-loss
TTT,FFU,rule-removal,normalizer-stable
TTT,FFU,rule-removal,normalizer-loss
TTT,FFU,rule-addition,normalizer-stable
TTT,FFU,rule-addition,normalizer-loss
TTT,FUT,catalog-stable,normalizer-stable
TTT,FUT,catalog-stable,normalizer-loss
TTT,FUT,rule-removal,normalizer-stable
TTT,FUT,rule-removal,normalizer-loss
TTT,FUT,rule-addition,normalizer-stable
TTT,FUT,rule-addition,normalizer-loss
TTT,FUF,catalog-stable,normalizer-stable
TTT,FUF,catalog-stable,normalizer-loss
TTT,FUF,rule-removal,normalizer-stable
TTT,FUF,rule-removal,normalizer-loss
TTT,FUF,rule-addition,normalizer-stable
TTT,FUF,rule-addition,normalizer-loss
TTT,FUU,catalog-stable,normalizer-stable
TTT,FUU,catalog-stable,normalizer-loss
TTT,FUU,rule-removal,normalizer-stable
TTT,FUU,rule-removal,normalizer-loss
TTT,FUU,rule-addition,normalizer-stable
TTT,FUU,rule-addition,normalizer-loss
TTT,UTT,catalog-stable,normalizer-stable
TTT,UTT,catalog-stable,normalizer-loss
TTT,UTT,rule-removal,normalizer-stable
TTT,UTT,rule-removal,normalizer-loss
TTT,UTT,rule-addition,normalizer-stable
TTT,UTT,rule-addition,normalizer-loss
TTT,UTF,catalog-stable,normalizer-stable
TTT,UTF,catalog-stable,normalizer-loss
TTT,UTF,rule-removal,normalizer-stable
TTT,UTF,rule-removal,normalizer-loss
TTT,UTF,rule-addition,normalizer-stable
TTT,UTF,rule-addition,normalizer-loss
TTT,UTU,catalog-stable,normalizer-stable
TTT,UTU,catalog-stable,normalizer-loss
TTT,UTU,rule-removal,normalizer-stable
TTT,UTU,rule-removal,normalizer-loss
TTT,UTU,rule-addition,normalizer-stable
TTT,UTU,rule-addition,normalizer-loss
TTT,UFT,catalog-stable,normalizer-stable
TTT,UFT,catalog-stable,normalizer-loss
TTT,UFT,rule-removal,normalizer-stable
TTT,UFT,rule-removal,normalizer-loss
TTT,UFT,rule-addition,normalizer-stable
TTT,UFT,rule-addition,normalizer-loss
TTT,UFF,catalog-stable,normalizer-stable
TTT,UFF,catalog-stable,normalizer-loss
TTT,UFF,rule-removal,normalizer-stable
TTT,UFF,rule-removal,normalizer-loss
TTT,UFF,rule-addition,normalizer-stable
TTT,UFF,rule-addition,normalizer-loss
TTT,UFU,catalog-stable,normalizer-stable
TTT,UFU,catalog-stable,normalizer-loss
TTT,UFU,rule-removal,normalizer-stable
TTT,UFU,rule-removal,normalizer-loss
TTT,UFU,rule-addition,normalizer-stable
TTT,UFU,rule-addition,normalizer-loss
TTT,UUT,catalog-stable,normalizer-stable
TTT,UUT,catalog-stable,normalizer-loss
TTT,UUT,rule-removal,normalizer-stable
TTT,UUT,rule-removal,normalizer-loss
TTT,UUT,rule-addition,normalizer-stable
TTT,UUT,rule-addition,normalizer-loss
TTT,UUF,catalog-stable,normalizer-stable
TTT,UUF,catalog-stable,normalizer-loss
TTT,UUF,rule-removal,normalizer-stable
TTT,UUF,rule-removal,normalizer-loss
TTT,UUF,rule-addition,normalizer-stable
TTT,UUF,rule-addition,normalizer-loss
TTT,UUU,catalog-stable,normalizer-stable
TTT,UUU,catalog-stable,normalizer-loss
TTT,UUU,rule-removal,normalizer-stable
TTT,UUU,rule-removal,normalizer-loss
TTT,UUU,rule-addition,normalizer-stable
TTT,UUU,rule-addition,normalizer-loss
TTF,TTT,catalog-stable,normalizer-stable
TTF,TTT,catalog-stable,normalizer-loss
TTF,TTT,rule-removal,normalizer-stable
TTF,TTT,rule-removal,normalizer-loss
TTF,TTT,rule-addition,normalizer-stable
TTF,TTT,rule-addition,normalizer-loss
TTF,TTF,catalog-stable,normalizer-stable
TTF,TTF,catalog-stable,normalizer-loss
TTF,TTF,rule-removal,normalizer-stable
TTF,TTF,rule-removal,normalizer-loss
TTF,TTF,rule-addition,normalizer-stable
TTF,TTF,rule-addition,normalizer-loss
TTF,TTU,catalog-stable,normalizer-stable
TTF,TTU,catalog-stable,normalizer-loss
TTF,TTU,rule-removal,normalizer-stable
TTF,TTU,rule-removal,normalizer-loss
TTF,TTU,rule-addition,normalizer-stable
TTF,TTU,rule-addition,normalizer-loss
TTF,TFT,catalog-stable,normalizer-stable
TTF,TFT,catalog-stable,normalizer-loss
TTF,TFT,rule-removal,normalizer-stable
TTF,TFT,rule-removal,normalizer-loss
TTF,TFT,rule-addition,normalizer-stable
TTF,TFT,rule-addition,normalizer-loss
TTF,TFF,catalog-stable,normalizer-stable
TTF,TFF,catalog-stable,normalizer-loss
TTF,TFF,rule-removal,normalizer-stable
TTF,TFF,rule-removal,normalizer-loss
TTF,TFF,rule-addition,normalizer-stable
TTF,TFF,rule-addition,normalizer-loss
TTF,TFU,catalog-stable,normalizer-stable
TTF,TFU,catalog-stable,normalizer-loss
TTF,TFU,rule-removal,normalizer-stable
TTF,TFU,rule-removal,normalizer-loss
TTF,TFU,rule-addition,normalizer-stable
TTF,TFU,rule-addition,normalizer-loss
TTF,TUT,catalog-stable,normalizer-stable
TTF,TUT,catalog-stable,normalizer-loss
TTF,TUT,rule-removal,normalizer-stable
TTF,TUT,rule-removal,normalizer-loss
TTF,TUT,rule-addition,normalizer-stable
TTF,TUT,rule-addition,normalizer-loss
TTF,TUF,catalog-stable,normalizer-stable
TTF,TUF,catalog-stable,normalizer-loss
TTF,TUF,rule-removal,normalizer-stable
TTF,TUF,rule-removal,normalizer-loss
TTF,TUF,rule-addition,normalizer-stable
TTF,TUF,rule-addition,normalizer-loss
TTF,TUU,catalog-stable,normalizer-stable
TTF,TUU,catalog-stable,normalizer-loss
TTF,TUU,rule-removal,normalizer-stable
TTF,TUU,rule-removal,normalizer-loss
TTF,TUU,rule-addition,normalizer-stable
TTF,TUU,rule-addition,normalizer-loss
TTF,FTT,catalog-stable,normalizer-stable
TTF,FTT,catalog-stable,normalizer-loss
TTF,FTT,rule-removal,normalizer-stable
TTF,FTT,rule-removal,normalizer-loss
TTF,FTT,rule-addition,normalizer-stable
TTF,FTT,rule-addition,normalizer-loss
TTF,FTF,catalog-stable,normalizer-stable
TTF,FTF,catalog-stable,normalizer-loss
TTF,FTF,rule-removal,normalizer-stable
TTF,FTF,rule-removal,normalizer-loss
TTF,FTF,rule-addition,normalizer-stable
TTF,FTF,rule-addition,normalizer-loss
TTF,FTU,catalog-stable,normalizer-stable
TTF,FTU,catalog-stable,normalizer-loss
TTF,FTU,rule-removal,normalizer-stable
TTF,FTU,rule-removal,normalizer-loss
TTF,FTU,rule-addition,normalizer-stable
TTF,FTU,rule-addition,normalizer-loss
TTF,FFT,catalog-stable,normalizer-stable
TTF,FFT,catalog-stable,normalizer-loss
TTF,FFT,rule-removal,normalizer-stable
TTF,FFT,rule-removal,normalizer-loss
TTF,FFT,rule-addition,normalizer-stable
TTF,FFT,rule-addition,normalizer-loss
TTF,FFF,catalog-stable,normalizer-stable
TTF,FFF,catalog-stable,normalizer-loss
TTF,FFF,rule-removal,normalizer-stable
TTF,FFF,rule-removal,normalizer-loss
TTF,FFF,rule-addition,normalizer-stable
TTF,FFF,rule-addition,normalizer-loss
TTF,FFU,catalog-stable,normalizer-stable
TTF,FFU,catalog-stable,normalizer-loss
TTF,FFU,rule-removal,normalizer-stable
TTF,FFU,rule-removal,normalizer-loss
TTF,FFU,rule-addition,normalizer-stable
TTF,FFU,rule-addition,normalizer-loss
TTF,FUT,catalog-stable,normalizer-stable
TTF,FUT,catalog-stable,normalizer-loss
TTF,FUT,rule-removal,normalizer-stable
TTF,FUT,rule-removal,normalizer-loss
TTF,FUT,rule-addition,normalizer-stable
TTF,FUT,rule-addition,normalizer-loss
TTF,FUF,catalog-stable,normalizer-stable
TTF,FUF,catalog-stable,normalizer-loss
TTF,FUF,rule-removal,normalizer-stable
TTF,FUF,rule-removal,normalizer-loss
TTF,FUF,rule-addition,normalizer-stable
TTF,FUF,rule-addition,normalizer-loss
TTF,FUU,catalog-stable,normalizer-stable
TTF,FUU,catalog-stable,normalizer-loss
TTF,FUU,rule-removal,normalizer-stable
TTF,FUU,rule-removal,normalizer-loss
TTF,FUU,rule-addition,normalizer-stable
TTF,FUU,rule-addition,normalizer-loss
TTF,UTT,catalog-stable,normalizer-stable
TTF,UTT,catalog-stable,normalizer-loss
TTF,UTT,rule-removal,normalizer-stable
TTF,UTT,rule-removal,normalizer-loss
TTF,UTT,rule-addition,normalizer-stable
TTF,UTT,rule-addition,normalizer-loss
TTF,UTF,catalog-stable,normalizer-stable
TTF,UTF,catalog-stable,normalizer-loss
TTF,UTF,rule-removal,normalizer-stable
TTF,UTF,rule-removal,normalizer-loss
TTF,UTF,rule-addition,normalizer-stable
TTF,UTF,rule-addition,normalizer-loss
TTF,UTU,catalog-stable,normalizer-stable
TTF,UTU,catalog-stable,normalizer-loss
TTF,UTU,rule-removal,normalizer-stable
TTF,UTU,rule-removal,normalizer-loss
TTF,UTU,rule-addition,normalizer-stable
TTF,UTU,rule-addition,normalizer-loss
TTF,UFT,catalog-stable,normalizer-stable
TTF,UFT,catalog-stable,normalizer-loss
TTF,UFT,rule-removal,normalizer-stable
TTF,UFT,rule-removal,normalizer-loss
TTF,UFT,rule-addition,normalizer-stable
TTF,UFT,rule-addition,normalizer-loss
TTF,UFF,catalog-stable,normalizer-stable
TTF,UFF,catalog-stable,normalizer-loss
TTF,UFF,rule-removal,normalizer-stable
TTF,UFF,rule-removal,normalizer-loss
TTF,UFF,rule-addition,normalizer-stable
TTF,UFF,rule-addition,normalizer-loss
TTF,UFU,catalog-stable,normalizer-stable
TTF,UFU,catalog-stable,normalizer-loss
TTF,UFU,rule-removal,normalizer-stable
TTF,UFU,rule-removal,normalizer-loss
TTF,UFU,rule-addition,normalizer-stable
TTF,UFU,rule-addition,normalizer-loss
TTF,UUT,catalog-stable,normalizer-stable
TTF,UUT,catalog-stable,normalizer-loss
TTF,UUT,rule-removal,normalizer-stable
TTF,UUT,rule-removal,normalizer-loss
TTF,UUT,rule-addition,normalizer-stable
TTF,UUT,rule-addition,normalizer-loss
TTF,UUF,catalog-stable,normalizer-stable
TTF,UUF,catalog-stable,normalizer-loss
TTF,UUF,rule-removal,normalizer-stable
TTF,UUF,rule-removal,normalizer-loss
TTF,UUF,rule-addition,normalizer-stable
TTF,UUF,rule-addition,normalizer-loss
TTF,UUU,catalog-stable,normalizer-stable
TTF,UUU,catalog-stable,normalizer-loss
TTF,UUU,rule-removal,normalizer-stable
TTF,UUU,rule-removal,normalizer-loss
TTF,UUU,rule-addition,normalizer-stable
TTF,UUU,rule-addition,normalizer-loss
TTU,TTT,catalog-stable,normalizer-stable
TTU,TTT,catalog-stable,normalizer-loss
TTU,TTT,rule-removal,normalizer-stable
TTU,TTT,rule-removal,normalizer-loss
TTU,TTT,rule-addition,normalizer-stable
TTU,TTT,rule-addition,normalizer-loss
TTU,TTF,catalog-stable,normalizer-stable
TTU,TTF,catalog-stable,normalizer-loss
TTU,TTF,rule-removal,normalizer-stable
TTU,TTF,rule-removal,normalizer-loss
TTU,TTF,rule-addition,normalizer-stable
TTU,TTF,rule-addition,normalizer-loss
TTU,TTU,catalog-stable,normalizer-stable
TTU,TTU,catalog-stable,normalizer-loss
TTU,TTU,rule-removal,normalizer-stable
TTU,TTU,rule-removal,normalizer-loss
TTU,TTU,rule-addition,normalizer-stable
TTU,TTU,rule-addition,normalizer-loss
TTU,TFT,catalog-stable,normalizer-stable
TTU,TFT,catalog-stable,normalizer-loss
TTU,TFT,rule-removal,normalizer-stable
TTU,TFT,rule-removal,normalizer-loss
TTU,TFT,rule-addition,normalizer-stable
TTU,TFT,rule-addition,normalizer-loss
TTU,TFF,catalog-stable,normalizer-stable
TTU,TFF,catalog-stable,normalizer-loss
TTU,TFF,rule-removal,normalizer-stable
TTU,TFF,rule-removal,normalizer-loss
TTU,TFF,rule-addition,normalizer-stable
TTU,TFF,rule-addition,normalizer-loss
TTU,TFU,catalog-stable,normalizer-stable
TTU,TFU,catalog-stable,normalizer-loss
TTU,TFU,rule-removal,normalizer-stable
TTU,TFU,rule-removal,normalizer-loss
TTU,TFU,rule-addition,normalizer-stable
TTU,TFU,rule-addition,normalizer-loss
TTU,TUT,catalog-stable,normalizer-stable
TTU,TUT,catalog-stable,normalizer-loss
TTU,TUT,rule-removal,normalizer-stable
TTU,TUT,rule-removal,normalizer-loss
TTU,TUT,rule-addition,normalizer-stable
TTU,TUT,rule-addition,normalizer-loss
TTU,TUF,catalog-stable,normalizer-stable
TTU,TUF,catalog-stable,normalizer-loss
TTU,TUF,rule-removal,normalizer-stable
TTU,TUF,rule-removal,normalizer-loss
TTU,TUF,rule-addition,normalizer-stable
TTU,TUF,rule-addition,normalizer-loss
TTU,TUU,catalog-stable,normalizer-stable
TTU,TUU,catalog-stable,normalizer-loss
TTU,TUU,rule-removal,normalizer-stable
TTU,TUU,rule-removal,normalizer-loss
TTU,TUU,rule-addition,normalizer-stable
TTU,TUU,rule-addition,normalizer-loss
TTU,FTT,catalog-stable,normalizer-stable
TTU,FTT,catalog-stable,normalizer-loss
TTU,FTT,rule-removal,normalizer-stable
TTU,FTT,rule-removal,normalizer-loss
TTU,FTT,rule-addition,normalizer-stable
TTU,FTT,rule-addition,normalizer-loss
TTU,FTF,catalog-stable,normalizer-stable
TTU,FTF,catalog-stable,normalizer-loss
TTU,FTF,rule-removal,normalizer-stable
TTU,FTF,rule-removal,normalizer-loss
TTU,FTF,rule-addition,normalizer-stable
TTU,FTF,rule-addition,normalizer-loss
TTU,FTU,catalog-stable,normalizer-stable
TTU,FTU,catalog-stable,normalizer-loss
TTU,FTU,rule-removal,normalizer-stable
TTU,FTU,rule-removal,normalizer-loss
TTU,FTU,rule-addition,normalizer-stable
TTU,FTU,rule-addition,normalizer-loss
TTU,FFT,catalog-stable,normalizer-stable
TTU,FFT,catalog-stable,normalizer-loss
TTU,FFT,rule-removal,normalizer-stable
TTU,FFT,rule-removal,normalizer-loss
TTU,FFT,rule-addition,normalizer-stable
TTU,FFT,rule-addition,normalizer-loss
TTU,FFF,catalog-stable,normalizer-stable
TTU,FFF,catalog-stable,normalizer-loss
TTU,FFF,rule-removal,normalizer-stable
TTU,FFF,rule-removal,normalizer-loss
TTU,FFF,rule-addition,normalizer-stable
TTU,FFF,rule-addition,normalizer-loss
TTU,FFU,catalog-stable,normalizer-stable
TTU,FFU,catalog-stable,normalizer-loss
TTU,FFU,rule-removal,normalizer-stable
TTU,FFU,rule-removal,normalizer-loss
TTU,FFU,rule-addition,normalizer-stable
TTU,FFU,rule-addition,normalizer-loss
TTU,FUT,catalog-stable,normalizer-stable
TTU,FUT,catalog-stable,normalizer-loss
TTU,FUT,rule-removal,normalizer-stable
TTU,FUT,rule-removal,normalizer-loss
TTU,FUT,rule-addition,normalizer-stable
TTU,FUT,rule-addition,normalizer-loss
TTU,FUF,catalog-stable,normalizer-stable
TTU,FUF,catalog-stable,normalizer-loss
TTU,FUF,rule-removal,normalizer-stable
TTU,FUF,rule-removal,normalizer-loss
TTU,FUF,rule-addition,normalizer-stable
TTU,FUF,rule-addition,normalizer-loss
TTU,FUU,catalog-stable,normalizer-stable
TTU,FUU,catalog-stable,normalizer-loss
TTU,FUU,rule-removal,normalizer-stable
TTU,FUU,rule-removal,normalizer-loss
TTU,FUU,rule-addition,normalizer-stable
TTU,FUU,rule-addition,normalizer-loss
TTU,UTT,catalog-stable,normalizer-stable
TTU,UTT,catalog-stable,normalizer-loss
TTU,UTT,rule-removal,normalizer-stable
TTU,UTT,rule-removal,normalizer-loss
TTU,UTT,rule-addition,normalizer-stable
TTU,UTT,rule-addition,normalizer-loss
TTU,UTF,catalog-stable,normalizer-stable
TTU,UTF,catalog-stable,normalizer-loss
TTU,UTF,rule-removal,normalizer-stable
TTU,UTF,rule-removal,normalizer-loss
TTU,UTF,rule-addition,normalizer-stable
TTU,UTF,rule-addition,normalizer-loss
TTU,UTU,catalog-stable,normalizer-stable
TTU,UTU,catalog-stable,normalizer-loss
TTU,UTU,rule-removal,normalizer-stable
TTU,UTU,rule-removal,normalizer-loss
TTU,UTU,rule-addition,normalizer-stable
TTU,UTU,rule-addition,normalizer-loss
TTU,UFT,catalog-stable,normalizer-stable
TTU,UFT,catalog-stable,normalizer-loss
TTU,UFT,rule-removal,normalizer-stable
TTU,UFT,rule-removal,normalizer-loss
TTU,UFT,rule-addition,normalizer-stable
TTU,UFT,rule-addition,normalizer-loss
TTU,UFF,catalog-stable,normalizer-stable
TTU,UFF,catalog-stable,normalizer-loss
TTU,UFF,rule-removal,normalizer-stable
TTU,UFF,rule-removal,normalizer-loss
TTU,UFF,rule-addition,normalizer-stable
TTU,UFF,rule-addition,normalizer-loss
TTU,UFU,catalog-stable,normalizer-stable
TTU,UFU,catalog-stable,normalizer-loss
TTU,UFU,rule-removal,normalizer-stable
TTU,UFU,rule-removal,normalizer-loss
TTU,UFU,rule-addition,normalizer-stable
TTU,UFU,rule-addition,normalizer-loss
TTU,UUT,catalog-stable,normalizer-stable
TTU,UUT,catalog-stable,normalizer-loss
TTU,UUT,rule-removal,normalizer-stable
TTU,UUT,rule-removal,normalizer-loss
TTU,UUT,rule-addition,normalizer-stable
TTU,UUT,rule-addition,normalizer-loss
TTU,UUF,catalog-stable,normalizer-stable
TTU,UUF,catalog-stable,normalizer-loss
TTU,UUF,rule-removal,normalizer-stable
TTU,UUF,rule-removal,normalizer-loss
TTU,UUF,rule-addition,normalizer-stable
TTU,UUF,rule-addition,normalizer-loss
TTU,UUU,catalog-stable,normalizer-stable
TTU,UUU,catalog-stable,normalizer-loss
TTU,UUU,rule-removal,normalizer-stable
TTU,UUU,rule-removal,normalizer-loss
TTU,UUU,rule-addition,normalizer-stable
TTU,UUU,rule-addition,normalizer-loss
TFT,TTT,catalog-stable,normalizer-stable
TFT,TTT,catalog-stable,normalizer-loss
TFT,TTT,rule-removal,normalizer-stable
TFT,TTT,rule-removal,normalizer-loss
TFT,TTT,rule-addition,normalizer-stable
TFT,TTT,rule-addition,normalizer-loss
TFT,TTF,catalog-stable,normalizer-stable
TFT,TTF,catalog-stable,normalizer-loss
TFT,TTF,rule-removal,normalizer-stable
TFT,TTF,rule-removal,normalizer-loss
TFT,TTF,rule-addition,normalizer-stable
TFT,TTF,rule-addition,normalizer-loss
TFT,TTU,catalog-stable,normalizer-stable
TFT,TTU,catalog-stable,normalizer-loss
TFT,TTU,rule-removal,normalizer-stable
TFT,TTU,rule-removal,normalizer-loss
TFT,TTU,rule-addition,normalizer-stable
TFT,TTU,rule-addition,normalizer-loss
TFT,TFT,catalog-stable,normalizer-stable
TFT,TFT,catalog-stable,normalizer-loss
TFT,TFT,rule-removal,normalizer-stable
TFT,TFT,rule-removal,normalizer-loss
TFT,TFT,rule-addition,normalizer-stable
TFT,TFT,rule-addition,normalizer-loss
TFT,TFF,catalog-stable,normalizer-stable
TFT,TFF,catalog-stable,normalizer-loss
TFT,TFF,rule-removal,normalizer-stable
TFT,TFF,rule-removal,normalizer-loss
TFT,TFF,rule-addition,normalizer-stable
TFT,TFF,rule-addition,normalizer-loss
TFT,TFU,catalog-stable,normalizer-stable
TFT,TFU,catalog-stable,normalizer-loss
TFT,TFU,rule-removal,normalizer-stable
TFT,TFU,rule-removal,normalizer-loss
TFT,TFU,rule-addition,normalizer-stable
TFT,TFU,rule-addition,normalizer-loss
TFT,TUT,catalog-stable,normalizer-stable
TFT,TUT,catalog-stable,normalizer-loss
TFT,TUT,rule-removal,normalizer-stable
TFT,TUT,rule-removal,normalizer-loss
TFT,TUT,rule-addition,normalizer-stable
TFT,TUT,rule-addition,normalizer-loss
TFT,TUF,catalog-stable,normalizer-stable
TFT,TUF,catalog-stable,normalizer-loss
TFT,TUF,rule-removal,normalizer-stable
TFT,TUF,rule-removal,normalizer-loss
TFT,TUF,rule-addition,normalizer-stable
TFT,TUF,rule-addition,normalizer-loss
TFT,TUU,catalog-stable,normalizer-stable
TFT,TUU,catalog-stable,normalizer-loss
TFT,TUU,rule-removal,normalizer-stable
TFT,TUU,rule-removal,normalizer-loss
TFT,TUU,rule-addition,normalizer-stable
TFT,TUU,rule-addition,normalizer-loss
TFT,FTT,catalog-stable,normalizer-stable
TFT,FTT,catalog-stable,normalizer-loss
TFT,FTT,rule-removal,normalizer-stable
TFT,FTT,rule-removal,normalizer-loss
TFT,FTT,rule-addition,normalizer-stable
TFT,FTT,rule-addition,normalizer-loss
TFT,FTF,catalog-stable,normalizer-stable
TFT,FTF,catalog-stable,normalizer-loss
TFT,FTF,rule-removal,normalizer-stable
TFT,FTF,rule-removal,normalizer-loss
TFT,FTF,rule-addition,normalizer-stable
TFT,FTF,rule-addition,normalizer-loss
TFT,FTU,catalog-stable,normalizer-stable
TFT,FTU,catalog-stable,normalizer-loss
TFT,FTU,rule-removal,normalizer-stable
TFT,FTU,rule-removal,normalizer-loss
TFT,FTU,rule-addition,normalizer-stable
TFT,FTU,rule-addition,normalizer-loss
TFT,FFT,catalog-stable,normalizer-stable
TFT,FFT,catalog-stable,normalizer-loss
TFT,FFT,rule-removal,normalizer-stable
TFT,FFT,rule-removal,normalizer-loss
TFT,FFT,rule-addition,normalizer-stable
TFT,FFT,rule-addition,normalizer-loss
TFT,FFF,catalog-stable,normalizer-stable
TFT,FFF,catalog-stable,normalizer-loss
TFT,FFF,rule-removal,normalizer-stable
TFT,FFF,rule-removal,normalizer-loss
TFT,FFF,rule-addition,normalizer-stable
TFT,FFF,rule-addition,normalizer-loss
TFT,FFU,catalog-stable,normalizer-stable
TFT,FFU,catalog-stable,normalizer-loss
TFT,FFU,rule-removal,normalizer-stable
TFT,FFU,rule-removal,normalizer-loss
TFT,FFU,rule-addition,normalizer-stable
TFT,FFU,rule-addition,normalizer-loss
TFT,FUT,catalog-stable,normalizer-stable
TFT,FUT,catalog-stable,normalizer-loss
TFT,FUT,rule-removal,normalizer-stable
TFT,FUT,rule-removal,normalizer-loss
TFT,FUT,rule-addition,normalizer-stable
TFT,FUT,rule-addition,normalizer-loss
TFT,FUF,catalog-stable,normalizer-stable
TFT,FUF,catalog-stable,normalizer-loss
TFT,FUF,rule-removal,normalizer-stable
TFT,FUF,rule-removal,normalizer-loss
TFT,FUF,rule-addition,normalizer-stable
TFT,FUF,rule-addition,normalizer-loss
TFT,FUU,catalog-stable,normalizer-stable
TFT,FUU,catalog-stable,normalizer-loss
TFT,FUU,rule-removal,normalizer-stable
TFT,FUU,rule-removal,normalizer-loss
TFT,FUU,rule-addition,normalizer-stable
TFT,FUU,rule-addition,normalizer-loss
TFT,UTT,catalog-stable,normalizer-stable
TFT,UTT,catalog-stable,normalizer-loss
TFT,UTT,rule-removal,normalizer-stable
TFT,UTT,rule-removal,normalizer-loss
TFT,UTT,rule-addition,normalizer-stable
TFT,UTT,rule-addition,normalizer-loss
TFT,UTF,catalog-stable,normalizer-stable
TFT,UTF,catalog-stable,normalizer-loss
TFT,UTF,rule-removal,normalizer-stable
TFT,UTF,rule-removal,normalizer-loss
TFT,UTF,rule-addition,normalizer-stable
TFT,UTF,rule-addition,normalizer-loss
TFT,UTU,catalog-stable,normalizer-stable
TFT,UTU,catalog-stable,normalizer-loss
TFT,UTU,rule-removal,normalizer-stable
TFT,UTU,rule-removal,normalizer-loss
TFT,UTU,rule-addition,normalizer-stable
TFT,UTU,rule-addition,normalizer-loss
TFT,UFT,catalog-stable,normalizer-stable
TFT,UFT,catalog-stable,normalizer-loss
TFT,UFT,rule-removal,normalizer-stable
TFT,UFT,rule-removal,normalizer-loss
TFT,UFT,rule-addition,normalizer-stable
TFT,UFT,rule-addition,normalizer-loss
TFT,UFF,catalog-stable,normalizer-stable
TFT,UFF,catalog-stable,normalizer-loss
TFT,UFF,rule-removal,normalizer-stable
TFT,UFF,rule-removal,normalizer-loss
TFT,UFF,rule-addition,normalizer-stable
TFT,UFF,rule-addition,normalizer-loss
TFT,UFU,catalog-stable,normalizer-stable
TFT,UFU,catalog-stable,normalizer-loss
TFT,UFU,rule-removal,normalizer-stable
TFT,UFU,rule-removal,normalizer-loss
TFT,UFU,rule-addition,normalizer-stable
TFT,UFU,rule-addition,normalizer-loss
TFT,UUT,catalog-stable,normalizer-stable
TFT,UUT,catalog-stable,normalizer-loss
TFT,UUT,rule-removal,normalizer-stable
TFT,UUT,rule-removal,normalizer-loss
TFT,UUT,rule-addition,normalizer-stable
TFT,UUT,rule-addition,normalizer-loss
TFT,UUF,catalog-stable,normalizer-stable
TFT,UUF,catalog-stable,normalizer-loss
TFT,UUF,rule-removal,normalizer-stable
TFT,UUF,rule-removal,normalizer-loss
TFT,UUF,rule-addition,normalizer-stable
TFT,UUF,rule-addition,normalizer-loss
TFT,UUU,catalog-stable,normalizer-stable
TFT,UUU,catalog-stable,normalizer-loss
TFT,UUU,rule-removal,normalizer-stable
TFT,UUU,rule-removal,normalizer-loss
TFT,UUU,rule-addition,normalizer-stable
TFT,UUU,rule-addition,normalizer-loss
TFF,TTT,catalog-stable,normalizer-stable
TFF,TTT,catalog-stable,normalizer-loss
TFF,TTT,rule-removal,normalizer-stable
TFF,TTT,rule-removal,normalizer-loss
TFF,TTT,rule-addition,normalizer-stable
TFF,TTT,rule-addition,normalizer-loss
TFF,TTF,catalog-stable,normalizer-stable
TFF,TTF,catalog-stable,normalizer-loss
TFF,TTF,rule-removal,normalizer-stable
TFF,TTF,rule-removal,normalizer-loss
TFF,TTF,rule-addition,normalizer-stable
TFF,TTF,rule-addition,normalizer-loss
TFF,TTU,catalog-stable,normalizer-stable
TFF,TTU,catalog-stable,normalizer-loss
TFF,TTU,rule-removal,normalizer-stable
TFF,TTU,rule-removal,normalizer-loss
TFF,TTU,rule-addition,normalizer-stable
TFF,TTU,rule-addition,normalizer-loss
TFF,TFT,catalog-stable,normalizer-stable
TFF,TFT,catalog-stable,normalizer-loss
TFF,TFT,rule-removal,normalizer-stable
TFF,TFT,rule-removal,normalizer-loss
TFF,TFT,rule-addition,normalizer-stable
TFF,TFT,rule-addition,normalizer-loss
TFF,TFF,catalog-stable,normalizer-stable
TFF,TFF,catalog-stable,normalizer-loss
TFF,TFF,rule-removal,normalizer-stable
TFF,TFF,rule-removal,normalizer-loss
TFF,TFF,rule-addition,normalizer-stable
TFF,TFF,rule-addition,normalizer-loss
TFF,TFU,catalog-stable,normalizer-stable
TFF,TFU,catalog-stable,normalizer-loss
TFF,TFU,rule-removal,normalizer-stable
TFF,TFU,rule-removal,normalizer-loss
TFF,TFU,rule-addition,normalizer-stable
TFF,TFU,rule-addition,normalizer-loss
TFF,TUT,catalog-stable,normalizer-stable
TFF,TUT,catalog-stable,normalizer-loss
TFF,TUT,rule-removal,normalizer-stable
TFF,TUT,rule-removal,normalizer-loss
TFF,TUT,rule-addition,normalizer-stable
TFF,TUT,rule-addition,normalizer-loss
TFF,TUF,catalog-stable,normalizer-stable
TFF,TUF,catalog-stable,normalizer-loss
TFF,TUF,rule-removal,normalizer-stable
TFF,TUF,rule-removal,normalizer-loss
TFF,TUF,rule-addition,normalizer-stable
TFF,TUF,rule-addition,normalizer-loss
TFF,TUU,catalog-stable,normalizer-stable
TFF,TUU,catalog-stable,normalizer-loss
TFF,TUU,rule-removal,normalizer-stable
TFF,TUU,rule-removal,normalizer-loss
TFF,TUU,rule-addition,normalizer-stable
TFF,TUU,rule-addition,normalizer-loss
TFF,FTT,catalog-stable,normalizer-stable
TFF,FTT,catalog-stable,normalizer-loss
TFF,FTT,rule-removal,normalizer-stable
TFF,FTT,rule-removal,normalizer-loss
TFF,FTT,rule-addition,normalizer-stable
TFF,FTT,rule-addition,normalizer-loss
TFF,FTF,catalog-stable,normalizer-stable
TFF,FTF,catalog-stable,normalizer-loss
TFF,FTF,rule-removal,normalizer-stable
TFF,FTF,rule-removal,normalizer-loss
TFF,FTF,rule-addition,normalizer-stable
TFF,FTF,rule-addition,normalizer-loss
TFF,FTU,catalog-stable,normalizer-stable
TFF,FTU,catalog-stable,normalizer-loss
TFF,FTU,rule-removal,normalizer-stable
TFF,FTU,rule-removal,normalizer-loss
TFF,FTU,rule-addition,normalizer-stable
TFF,FTU,rule-addition,normalizer-loss
TFF,FFT,catalog-stable,normalizer-stable
TFF,FFT,catalog-stable,normalizer-loss
TFF,FFT,rule-removal,normalizer-stable
TFF,FFT,rule-removal,normalizer-loss
TFF,FFT,rule-addition,normalizer-stable
TFF,FFT,rule-addition,normalizer-loss
TFF,FFF,catalog-stable,normalizer-stable
TFF,FFF,catalog-stable,normalizer-loss
TFF,FFF,rule-removal,normalizer-stable
TFF,FFF,rule-removal,normalizer-loss
TFF,FFF,rule-addition,normalizer-stable
TFF,FFF,rule-addition,normalizer-loss
TFF,FFU,catalog-stable,normalizer-stable
TFF,FFU,catalog-stable,normalizer-loss
TFF,FFU,rule-removal,normalizer-stable
TFF,FFU,rule-removal,normalizer-loss
TFF,FFU,rule-addition,normalizer-stable
TFF,FFU,rule-addition,normalizer-loss
TFF,FUT,catalog-stable,normalizer-stable
TFF,FUT,catalog-stable,normalizer-loss
TFF,FUT,rule-removal,normalizer-stable
TFF,FUT,rule-removal,normalizer-loss
TFF,FUT,rule-addition,normalizer-stable
TFF,FUT,rule-addition,normalizer-loss
TFF,FUF,catalog-stable,normalizer-stable
TFF,FUF,catalog-stable,normalizer-loss
TFF,FUF,rule-removal,normalizer-stable
TFF,FUF,rule-removal,normalizer-loss
TFF,FUF,rule-addition,normalizer-stable
TFF,FUF,rule-addition,normalizer-loss
TFF,FUU,catalog-stable,normalizer-stable
TFF,FUU,catalog-stable,normalizer-loss
TFF,FUU,rule-removal,normalizer-stable
TFF,FUU,rule-removal,normalizer-loss
TFF,FUU,rule-addition,normalizer-stable
TFF,FUU,rule-addition,normalizer-loss
TFF,UTT,catalog-stable,normalizer-stable
TFF,UTT,catalog-stable,normalizer-loss
TFF,UTT,rule-removal,normalizer-stable
TFF,UTT,rule-removal,normalizer-loss
TFF,UTT,rule-addition,normalizer-stable
TFF,UTT,rule-addition,normalizer-loss
TFF,UTF,catalog-stable,normalizer-stable
TFF,UTF,catalog-stable,normalizer-loss
TFF,UTF,rule-removal,normalizer-stable
TFF,UTF,rule-removal,normalizer-loss
TFF,UTF,rule-addition,normalizer-stable
TFF,UTF,rule-addition,normalizer-loss
TFF,UTU,catalog-stable,normalizer-stable
TFF,UTU,catalog-stable,normalizer-loss
TFF,UTU,rule-removal,normalizer-stable
TFF,UTU,rule-removal,normalizer-loss
TFF,UTU,rule-addition,normalizer-stable
TFF,UTU,rule-addition,normalizer-loss
TFF,UFT,catalog-stable,normalizer-stable
TFF,UFT,catalog-stable,normalizer-loss
TFF,UFT,rule-removal,normalizer-stable
TFF,UFT,rule-removal,normalizer-loss
TFF,UFT,rule-addition,normalizer-stable
TFF,UFT,rule-addition,normalizer-loss
TFF,UFF,catalog-stable,normalizer-stable
TFF,UFF,catalog-stable,normalizer-loss
TFF,UFF,rule-removal,normalizer-stable
TFF,UFF,rule-removal,normalizer-loss
TFF,UFF,rule-addition,normalizer-stable
TFF,UFF,rule-addition,normalizer-loss
TFF,UFU,catalog-stable,normalizer-stable
TFF,UFU,catalog-stable,normalizer-loss
TFF,UFU,rule-removal,normalizer-stable
TFF,UFU,rule-removal,normalizer-loss
TFF,UFU,rule-addition,normalizer-stable
TFF,UFU,rule-addition,normalizer-loss
TFF,UUT,catalog-stable,normalizer-stable
TFF,UUT,catalog-stable,normalizer-loss
TFF,UUT,rule-removal,normalizer-stable
TFF,UUT,rule-removal,normalizer-loss
TFF,UUT,rule-addition,normalizer-stable
TFF,UUT,rule-addition,normalizer-loss
TFF,UUF,catalog-stable,normalizer-stable
TFF,UUF,catalog-stable,normalizer-loss
TFF,UUF,rule-removal,normalizer-stable
TFF,UUF,rule-removal,normalizer-loss
TFF,UUF,rule-addition,normalizer-stable
TFF,UUF,rule-addition,normalizer-loss
TFF,UUU,catalog-stable,normalizer-stable
TFF,UUU,catalog-stable,normalizer-loss
TFF,UUU,rule-removal,normalizer-stable
TFF,UUU,rule-removal,normalizer-loss
TFF,UUU,rule-addition,normalizer-stable
TFF,UUU,rule-addition,normalizer-loss
TFU,TTT,catalog-stable,normalizer-stable
TFU,TTT,catalog-stable,normalizer-loss
TFU,TTT,rule-removal,normalizer-stable
TFU,TTT,rule-removal,normalizer-loss
TFU,TTT,rule-addition,normalizer-stable
TFU,TTT,rule-addition,normalizer-loss
TFU,TTF,catalog-stable,normalizer-stable
TFU,TTF,catalog-stable,normalizer-loss
TFU,TTF,rule-removal,normalizer-stable
TFU,TTF,rule-removal,normalizer-loss
TFU,TTF,rule-addition,normalizer-stable
TFU,TTF,rule-addition,normalizer-loss
TFU,TTU,catalog-stable,normalizer-stable
TFU,TTU,catalog-stable,normalizer-loss
TFU,TTU,rule-removal,normalizer-stable
TFU,TTU,rule-removal,normalizer-loss
TFU,TTU,rule-addition,normalizer-stable
TFU,TTU,rule-addition,normalizer-loss
TFU,TFT,catalog-stable,normalizer-stable
TFU,TFT,catalog-stable,normalizer-loss
TFU,TFT,rule-removal,normalizer-stable
TFU,TFT,rule-removal,normalizer-loss
TFU,TFT,rule-addition,normalizer-stable
TFU,TFT,rule-addition,normalizer-loss
TFU,TFF,catalog-stable,normalizer-stable
TFU,TFF,catalog-stable,normalizer-loss
TFU,TFF,rule-removal,normalizer-stable
TFU,TFF,rule-removal,normalizer-loss
TFU,TFF,rule-addition,normalizer-stable
TFU,TFF,rule-addition,normalizer-loss
TFU,TFU,catalog-stable,normalizer-stable
TFU,TFU,catalog-stable,normalizer-loss
TFU,TFU,rule-removal,normalizer-stable
TFU,TFU,rule-removal,normalizer-loss
TFU,TFU,rule-addition,normalizer-stable
TFU,TFU,rule-addition,normalizer-loss
TFU,TUT,catalog-stable,normalizer-stable
TFU,TUT,catalog-stable,normalizer-loss
TFU,TUT,rule-removal,normalizer-stable
TFU,TUT,rule-removal,normalizer-loss
TFU,TUT,rule-addition,normalizer-stable
TFU,TUT,rule-addition,normalizer-loss
TFU,TUF,catalog-stable,normalizer-stable
TFU,TUF,catalog-stable,normalizer-loss
TFU,TUF,rule-removal,normalizer-stable
TFU,TUF,rule-removal,normalizer-loss
TFU,TUF,rule-addition,normalizer-stable
TFU,TUF,rule-addition,normalizer-loss
TFU,TUU,catalog-stable,normalizer-stable
TFU,TUU,catalog-stable,normalizer-loss
TFU,TUU,rule-removal,normalizer-stable
TFU,TUU,rule-removal,normalizer-loss
TFU,TUU,rule-addition,normalizer-stable
TFU,TUU,rule-addition,normalizer-loss
TFU,FTT,catalog-stable,normalizer-stable
TFU,FTT,catalog-stable,normalizer-loss
TFU,FTT,rule-removal,normalizer-stable
TFU,FTT,rule-removal,normalizer-loss
TFU,FTT,rule-addition,normalizer-stable
TFU,FTT,rule-addition,normalizer-loss
TFU,FTF,catalog-stable,normalizer-stable
TFU,FTF,catalog-stable,normalizer-loss
TFU,FTF,rule-removal,normalizer-stable
TFU,FTF,rule-removal,normalizer-loss
TFU,FTF,rule-addition,normalizer-stable
TFU,FTF,rule-addition,normalizer-loss
TFU,FTU,catalog-stable,normalizer-stable
TFU,FTU,catalog-stable,normalizer-loss
TFU,FTU,rule-removal,normalizer-stable
TFU,FTU,rule-removal,normalizer-loss
TFU,FTU,rule-addition,normalizer-stable
TFU,FTU,rule-addition,normalizer-loss
TFU,FFT,catalog-stable,normalizer-stable
TFU,FFT,catalog-stable,normalizer-loss
TFU,FFT,rule-removal,normalizer-stable
TFU,FFT,rule-removal,normalizer-loss
TFU,FFT,rule-addition,normalizer-stable
TFU,FFT,rule-addition,normalizer-loss
TFU,FFF,catalog-stable,normalizer-stable
TFU,FFF,catalog-stable,normalizer-loss
TFU,FFF,rule-removal,normalizer-stable
TFU,FFF,rule-removal,normalizer-loss
TFU,FFF,rule-addition,normalizer-stable
TFU,FFF,rule-addition,normalizer-loss
TFU,FFU,catalog-stable,normalizer-stable
TFU,FFU,catalog-stable,normalizer-loss
TFU,FFU,rule-removal,normalizer-stable
TFU,FFU,rule-removal,normalizer-loss
TFU,FFU,rule-addition,normalizer-stable
TFU,FFU,rule-addition,normalizer-loss
TFU,FUT,catalog-stable,normalizer-stable
TFU,FUT,catalog-stable,normalizer-loss
TFU,FUT,rule-removal,normalizer-stable
TFU,FUT,rule-removal,normalizer-loss
TFU,FUT,rule-addition,normalizer-stable
TFU,FUT,rule-addition,normalizer-loss
TFU,FUF,catalog-stable,normalizer-stable
TFU,FUF,catalog-stable,normalizer-loss
TFU,FUF,rule-removal,normalizer-stable
TFU,FUF,rule-removal,normalizer-loss
TFU,FUF,rule-addition,normalizer-stable
TFU,FUF,rule-addition,normalizer-loss
TFU,FUU,catalog-stable,normalizer-stable
TFU,FUU,catalog-stable,normalizer-loss
TFU,FUU,rule-removal,normalizer-stable
TFU,FUU,rule-removal,normalizer-loss
TFU,FUU,rule-addition,normalizer-stable
TFU,FUU,rule-addition,normalizer-loss
TFU,UTT,catalog-stable,normalizer-stable
TFU,UTT,catalog-stable,normalizer-loss
TFU,UTT,rule-removal,normalizer-stable
TFU,UTT,rule-removal,normalizer-loss
TFU,UTT,rule-addition,normalizer-stable
TFU,UTT,rule-addition,normalizer-loss
TFU,UTF,catalog-stable,normalizer-stable
TFU,UTF,catalog-stable,normalizer-loss
TFU,UTF,rule-removal,normalizer-stable
TFU,UTF,rule-removal,normalizer-loss
TFU,UTF,rule-addition,normalizer-stable
TFU,UTF,rule-addition,normalizer-loss
TFU,UTU,catalog-stable,normalizer-stable
TFU,UTU,catalog-stable,normalizer-loss
TFU,UTU,rule-removal,normalizer-stable
TFU,UTU,rule-removal,normalizer-loss
TFU,UTU,rule-addition,normalizer-stable
TFU,UTU,rule-addition,normalizer-loss
TFU,UFT,catalog-stable,normalizer-stable
TFU,UFT,catalog-stable,normalizer-loss
TFU,UFT,rule-removal,normalizer-stable
TFU,UFT,rule-removal,normalizer-loss
TFU,UFT,rule-addition,normalizer-stable
TFU,UFT,rule-addition,normalizer-loss
TFU,UFF,catalog-stable,normalizer-stable
TFU,UFF,catalog-stable,normalizer-loss
TFU,UFF,rule-removal,normalizer-stable
TFU,UFF,rule-removal,normalizer-loss
TFU,UFF,rule-addition,normalizer-stable
TFU,UFF,rule-addition,normalizer-loss
TFU,UFU,catalog-stable,normalizer-stable
TFU,UFU,catalog-stable,normalizer-loss
TFU,UFU,rule-removal,normalizer-stable
TFU,UFU,rule-removal,normalizer-loss
TFU,UFU,rule-addition,normalizer-stable
TFU,UFU,rule-addition,normalizer-loss
TFU,UUT,catalog-stable,normalizer-stable
TFU,UUT,catalog-stable,normalizer-loss
TFU,UUT,rule-removal,normalizer-stable
TFU,UUT,rule-removal,normalizer-loss
TFU,UUT,rule-addition,normalizer-stable
TFU,UUT,rule-addition,normalizer-loss
TFU,UUF,catalog-stable,normalizer-stable
TFU,UUF,catalog-stable,normalizer-loss
TFU,UUF,rule-removal,normalizer-stable
TFU,UUF,rule-removal,normalizer-loss
TFU,UUF,rule-addition,normalizer-stable
TFU,UUF,rule-addition,normalizer-loss
TFU,UUU,catalog-stable,normalizer-stable
TFU,UUU,catalog-stable,normalizer-loss
TFU,UUU,rule-removal,normalizer-stable
TFU,UUU,rule-removal,normalizer-loss
TFU,UUU,rule-addition,normalizer-stable
TFU,UUU,rule-addition,normalizer-loss
TUT,TTT,catalog-stable,normalizer-stable
TUT,TTT,catalog-stable,normalizer-loss
TUT,TTT,rule-removal,normalizer-stable
TUT,TTT,rule-removal,normalizer-loss
TUT,TTT,rule-addition,normalizer-stable
TUT,TTT,rule-addition,normalizer-loss
TUT,TTF,catalog-stable,normalizer-stable
TUT,TTF,catalog-stable,normalizer-loss
TUT,TTF,rule-removal,normalizer-stable
TUT,TTF,rule-removal,normalizer-loss
TUT,TTF,rule-addition,normalizer-stable
TUT,TTF,rule-addition,normalizer-loss
TUT,TTU,catalog-stable,normalizer-stable
TUT,TTU,catalog-stable,normalizer-loss
TUT,TTU,rule-removal,normalizer-stable
TUT,TTU,rule-removal,normalizer-loss
TUT,TTU,rule-addition,normalizer-stable
TUT,TTU,rule-addition,normalizer-loss
TUT,TFT,catalog-stable,normalizer-stable
TUT,TFT,catalog-stable,normalizer-loss
TUT,TFT,rule-removal,normalizer-stable
TUT,TFT,rule-removal,normalizer-loss
TUT,TFT,rule-addition,normalizer-stable
TUT,TFT,rule-addition,normalizer-loss
TUT,TFF,catalog-stable,normalizer-stable
TUT,TFF,catalog-stable,normalizer-loss
TUT,TFF,rule-removal,normalizer-stable
TUT,TFF,rule-removal,normalizer-loss
TUT,TFF,rule-addition,normalizer-stable
TUT,TFF,rule-addition,normalizer-loss
TUT,TFU,catalog-stable,normalizer-stable
TUT,TFU,catalog-stable,normalizer-loss
TUT,TFU,rule-removal,normalizer-stable
TUT,TFU,rule-removal,normalizer-loss
TUT,TFU,rule-addition,normalizer-stable
TUT,TFU,rule-addition,normalizer-loss
TUT,TUT,catalog-stable,normalizer-stable
TUT,TUT,catalog-stable,normalizer-loss
TUT,TUT,rule-removal,normalizer-stable
TUT,TUT,rule-removal,normalizer-loss
TUT,TUT,rule-addition,normalizer-stable
TUT,TUT,rule-addition,normalizer-loss
TUT,TUF,catalog-stable,normalizer-stable
TUT,TUF,catalog-stable,normalizer-loss
TUT,TUF,rule-removal,normalizer-stable
TUT,TUF,rule-removal,normalizer-loss
TUT,TUF,rule-addition,normalizer-stable
TUT,TUF,rule-addition,normalizer-loss
TUT,TUU,catalog-stable,normalizer-stable
TUT,TUU,catalog-stable,normalizer-loss
TUT,TUU,rule-removal,normalizer-stable
TUT,TUU,rule-removal,normalizer-loss
TUT,TUU,rule-addition,normalizer-stable
TUT,TUU,rule-addition,normalizer-loss
TUT,FTT,catalog-stable,normalizer-stable
TUT,FTT,catalog-stable,normalizer-loss
TUT,FTT,rule-removal,normalizer-stable
TUT,FTT,rule-removal,normalizer-loss
TUT,FTT,rule-addition,normalizer-stable
TUT,FTT,rule-addition,normalizer-loss
TUT,FTF,catalog-stable,normalizer-stable
TUT,FTF,catalog-stable,normalizer-loss
TUT,FTF,rule-removal,normalizer-stable
TUT,FTF,rule-removal,normalizer-loss
TUT,FTF,rule-addition,normalizer-stable
TUT,FTF,rule-addition,normalizer-loss
TUT,FTU,catalog-stable,normalizer-stable
TUT,FTU,catalog-stable,normalizer-loss
TUT,FTU,rule-removal,normalizer-stable
TUT,FTU,rule-removal,normalizer-loss
TUT,FTU,rule-addition,normalizer-stable
TUT,FTU,rule-addition,normalizer-loss
TUT,FFT,catalog-stable,normalizer-stable
TUT,FFT,catalog-stable,normalizer-loss
TUT,FFT,rule-removal,normalizer-stable
TUT,FFT,rule-removal,normalizer-loss
TUT,FFT,rule-addition,normalizer-stable
TUT,FFT,rule-addition,normalizer-loss
TUT,FFF,catalog-stable,normalizer-stable
TUT,FFF,catalog-stable,normalizer-loss
TUT,FFF,rule-removal,normalizer-stable
TUT,FFF,rule-removal,normalizer-loss
TUT,FFF,rule-addition,normalizer-stable
TUT,FFF,rule-addition,normalizer-loss
TUT,FFU,catalog-stable,normalizer-stable
TUT,FFU,catalog-stable,normalizer-loss
TUT,FFU,rule-removal,normalizer-stable
TUT,FFU,rule-removal,normalizer-loss
TUT,FFU,rule-addition,normalizer-stable
TUT,FFU,rule-addition,normalizer-loss
TUT,FUT,catalog-stable,normalizer-stable
TUT,FUT,catalog-stable,normalizer-loss
TUT,FUT,rule-removal,normalizer-stable
TUT,FUT,rule-removal,normalizer-loss
TUT,FUT,rule-addition,normalizer-stable
TUT,FUT,rule-addition,normalizer-loss
TUT,FUF,catalog-stable,normalizer-stable
TUT,FUF,catalog-stable,normalizer-loss
TUT,FUF,rule-removal,normalizer-stable
TUT,FUF,rule-removal,normalizer-loss
TUT,FUF,rule-addition,normalizer-stable
TUT,FUF,rule-addition,normalizer-loss
TUT,FUU,catalog-stable,normalizer-stable
TUT,FUU,catalog-stable,normalizer-loss
TUT,FUU,rule-removal,normalizer-stable
TUT,FUU,rule-removal,normalizer-loss
TUT,FUU,rule-addition,normalizer-stable
TUT,FUU,rule-addition,normalizer-loss
TUT,UTT,catalog-stable,normalizer-stable
TUT,UTT,catalog-stable,normalizer-loss
TUT,UTT,rule-removal,normalizer-stable
TUT,UTT,rule-removal,normalizer-loss
TUT,UTT,rule-addition,normalizer-stable
TUT,UTT,rule-addition,normalizer-loss
TUT,UTF,catalog-stable,normalizer-stable
TUT,UTF,catalog-stable,normalizer-loss
TUT,UTF,rule-removal,normalizer-stable
TUT,UTF,rule-removal,normalizer-loss
TUT,UTF,rule-addition,normalizer-stable
TUT,UTF,rule-addition,normalizer-loss
TUT,UTU,catalog-stable,normalizer-stable
TUT,UTU,catalog-stable,normalizer-loss
TUT,UTU,rule-removal,normalizer-stable
TUT,UTU,rule-removal,normalizer-loss
TUT,UTU,rule-addition,normalizer-stable
TUT,UTU,rule-addition,normalizer-loss
TUT,UFT,catalog-stable,normalizer-stable
TUT,UFT,catalog-stable,normalizer-loss
TUT,UFT,rule-removal,normalizer-stable
TUT,UFT,rule-removal,normalizer-loss
TUT,UFT,rule-addition,normalizer-stable
TUT,UFT,rule-addition,normalizer-loss
TUT,UFF,catalog-stable,normalizer-stable
TUT,UFF,catalog-stable,normalizer-loss
TUT,UFF,rule-removal,normalizer-stable
TUT,UFF,rule-removal,normalizer-loss
TUT,UFF,rule-addition,normalizer-stable
TUT,UFF,rule-addition,normalizer-loss
TUT,UFU,catalog-stable,normalizer-stable
TUT,UFU,catalog-stable,normalizer-loss
TUT,UFU,rule-removal,normalizer-stable
TUT,UFU,rule-removal,normalizer-loss
TUT,UFU,rule-addition,normalizer-stable
TUT,UFU,rule-addition,normalizer-loss
TUT,UUT,catalog-stable,normalizer-stable
TUT,UUT,catalog-stable,normalizer-loss
TUT,UUT,rule-removal,normalizer-stable
TUT,UUT,rule-removal,normalizer-loss
TUT,UUT,rule-addition,normalizer-stable
TUT,UUT,rule-addition,normalizer-loss
TUT,UUF,catalog-stable,normalizer-stable
TUT,UUF,catalog-stable,normalizer-loss
TUT,UUF,rule-removal,normalizer-stable
TUT,UUF,rule-removal,normalizer-loss
TUT,UUF,rule-addition,normalizer-stable
TUT,UUF,rule-addition,normalizer-loss
TUT,UUU,catalog-stable,normalizer-stable
TUT,UUU,catalog-stable,normalizer-loss
TUT,UUU,rule-removal,normalizer-stable
TUT,UUU,rule-removal,normalizer-loss
TUT,UUU,rule-addition,normalizer-stable
TUT,UUU,rule-addition,normalizer-loss
TUF,TTT,catalog-stable,normalizer-stable
TUF,TTT,catalog-stable,normalizer-loss
TUF,TTT,rule-removal,normalizer-stable
TUF,TTT,rule-removal,normalizer-loss
TUF,TTT,rule-addition,normalizer-stable
TUF,TTT,rule-addition,normalizer-loss
TUF,TTF,catalog-stable,normalizer-stable
TUF,TTF,catalog-stable,normalizer-loss
TUF,TTF,rule-removal,normalizer-stable
TUF,TTF,rule-removal,normalizer-loss
TUF,TTF,rule-addition,normalizer-stable
TUF,TTF,rule-addition,normalizer-loss
TUF,TTU,catalog-stable,normalizer-stable
TUF,TTU,catalog-stable,normalizer-loss
TUF,TTU,rule-removal,normalizer-stable
TUF,TTU,rule-removal,normalizer-loss
TUF,TTU,rule-addition,normalizer-stable
TUF,TTU,rule-addition,normalizer-loss
TUF,TFT,catalog-stable,normalizer-stable
TUF,TFT,catalog-stable,normalizer-loss
TUF,TFT,rule-removal,normalizer-stable
TUF,TFT,rule-removal,normalizer-loss
TUF,TFT,rule-addition,normalizer-stable
TUF,TFT,rule-addition,normalizer-loss
TUF,TFF,catalog-stable,normalizer-stable
TUF,TFF,catalog-stable,normalizer-loss
TUF,TFF,rule-removal,normalizer-stable
TUF,TFF,rule-removal,normalizer-loss
TUF,TFF,rule-addition,normalizer-stable
TUF,TFF,rule-addition,normalizer-loss
TUF,TFU,catalog-stable,normalizer-stable
TUF,TFU,catalog-stable,normalizer-loss
TUF,TFU,rule-removal,normalizer-stable
TUF,TFU,rule-removal,normalizer-loss
TUF,TFU,rule-addition,normalizer-stable
TUF,TFU,rule-addition,normalizer-loss
TUF,TUT,catalog-stable,normalizer-stable
TUF,TUT,catalog-stable,normalizer-loss
TUF,TUT,rule-removal,normalizer-stable
TUF,TUT,rule-removal,normalizer-loss
TUF,TUT,rule-addition,normalizer-stable
TUF,TUT,rule-addition,normalizer-loss
TUF,TUF,catalog-stable,normalizer-stable
TUF,TUF,catalog-stable,normalizer-loss
TUF,TUF,rule-removal,normalizer-stable
TUF,TUF,rule-removal,normalizer-loss
TUF,TUF,rule-addition,normalizer-stable
TUF,TUF,rule-addition,normalizer-loss
TUF,TUU,catalog-stable,normalizer-stable
TUF,TUU,catalog-stable,normalizer-loss
TUF,TUU,rule-removal,normalizer-stable
TUF,TUU,rule-removal,normalizer-loss
TUF,TUU,rule-addition,normalizer-stable
TUF,TUU,rule-addition,normalizer-loss
TUF,FTT,catalog-stable,normalizer-stable
TUF,FTT,catalog-stable,normalizer-loss
TUF,FTT,rule-removal,normalizer-stable
TUF,FTT,rule-removal,normalizer-loss
TUF,FTT,rule-addition,normalizer-stable
TUF,FTT,rule-addition,normalizer-loss
TUF,FTF,catalog-stable,normalizer-stable
TUF,FTF,catalog-stable,normalizer-loss
TUF,FTF,rule-removal,normalizer-stable
TUF,FTF,rule-removal,normalizer-loss
TUF,FTF,rule-addition,normalizer-stable
TUF,FTF,rule-addition,normalizer-loss
TUF,FTU,catalog-stable,normalizer-stable
TUF,FTU,catalog-stable,normalizer-loss
TUF,FTU,rule-removal,normalizer-stable
TUF,FTU,rule-removal,normalizer-loss
TUF,FTU,rule-addition,normalizer-stable
TUF,FTU,rule-addition,normalizer-loss
TUF,FFT,catalog-stable,normalizer-stable
TUF,FFT,catalog-stable,normalizer-loss
TUF,FFT,rule-removal,normalizer-stable
TUF,FFT,rule-removal,normalizer-loss
TUF,FFT,rule-addition,normalizer-stable
TUF,FFT,rule-addition,normalizer-loss
TUF,FFF,catalog-stable,normalizer-stable
TUF,FFF,catalog-stable,normalizer-loss
TUF,FFF,rule-removal,normalizer-stable
TUF,FFF,rule-removal,normalizer-loss
TUF,FFF,rule-addition,normalizer-stable
TUF,FFF,rule-addition,normalizer-loss
TUF,FFU,catalog-stable,normalizer-stable
TUF,FFU,catalog-stable,normalizer-loss
TUF,FFU,rule-removal,normalizer-stable
TUF,FFU,rule-removal,normalizer-loss
TUF,FFU,rule-addition,normalizer-stable
TUF,FFU,rule-addition,normalizer-loss
TUF,FUT,catalog-stable,normalizer-stable
TUF,FUT,catalog-stable,normalizer-loss
TUF,FUT,rule-removal,normalizer-stable
TUF,FUT,rule-removal,normalizer-loss
TUF,FUT,rule-addition,normalizer-stable
TUF,FUT,rule-addition,normalizer-loss
TUF,FUF,catalog-stable,normalizer-stable
TUF,FUF,catalog-stable,normalizer-loss
TUF,FUF,rule-removal,normalizer-stable
TUF,FUF,rule-removal,normalizer-loss
TUF,FUF,rule-addition,normalizer-stable
TUF,FUF,rule-addition,normalizer-loss
TUF,FUU,catalog-stable,normalizer-stable
TUF,FUU,catalog-stable,normalizer-loss
TUF,FUU,rule-removal,normalizer-stable
TUF,FUU,rule-removal,normalizer-loss
TUF,FUU,rule-addition,normalizer-stable
TUF,FUU,rule-addition,normalizer-loss
TUF,UTT,catalog-stable,normalizer-stable
TUF,UTT,catalog-stable,normalizer-loss
TUF,UTT,rule-removal,normalizer-stable
TUF,UTT,rule-removal,normalizer-loss
TUF,UTT,rule-addition,normalizer-stable
TUF,UTT,rule-addition,normalizer-loss
TUF,UTF,catalog-stable,normalizer-stable
TUF,UTF,catalog-stable,normalizer-loss
TUF,UTF,rule-removal,normalizer-stable
TUF,UTF,rule-removal,normalizer-loss
TUF,UTF,rule-addition,normalizer-stable
TUF,UTF,rule-addition,normalizer-loss
TUF,UTU,catalog-stable,normalizer-stable
TUF,UTU,catalog-stable,normalizer-loss
TUF,UTU,rule-removal,normalizer-stable
TUF,UTU,rule-removal,normalizer-loss
TUF,UTU,rule-addition,normalizer-stable
TUF,UTU,rule-addition,normalizer-loss
TUF,UFT,catalog-stable,normalizer-stable
TUF,UFT,catalog-stable,normalizer-loss
TUF,UFT,rule-removal,normalizer-stable
TUF,UFT,rule-removal,normalizer-loss
TUF,UFT,rule-addition,normalizer-stable
TUF,UFT,rule-addition,normalizer-loss
TUF,UFF,catalog-stable,normalizer-stable
TUF,UFF,catalog-stable,normalizer-loss
TUF,UFF,rule-removal,normalizer-stable
TUF,UFF,rule-removal,normalizer-loss
TUF,UFF,rule-addition,normalizer-stable
TUF,UFF,rule-addition,normalizer-loss
TUF,UFU,catalog-stable,normalizer-stable
TUF,UFU,catalog-stable,normalizer-loss
TUF,UFU,rule-removal,normalizer-stable
TUF,UFU,rule-removal,normalizer-loss
TUF,UFU,rule-addition,normalizer-stable
TUF,UFU,rule-addition,normalizer-loss
TUF,UUT,catalog-stable,normalizer-stable
TUF,UUT,catalog-stable,normalizer-loss
TUF,UUT,rule-removal,normalizer-stable
TUF,UUT,rule-removal,normalizer-loss
TUF,UUT,rule-addition,normalizer-stable
TUF,UUT,rule-addition,normalizer-loss
TUF,UUF,catalog-stable,normalizer-stable
TUF,UUF,catalog-stable,normalizer-loss
TUF,UUF,rule-removal,normalizer-stable
TUF,UUF,rule-removal,normalizer-loss
TUF,UUF,rule-addition,normalizer-stable
TUF,UUF,rule-addition,normalizer-loss
TUF,UUU,catalog-stable,normalizer-stable
TUF,UUU,catalog-stable,normalizer-loss
TUF,UUU,rule-removal,normalizer-stable
TUF,UUU,rule-removal,normalizer-loss
TUF,UUU,rule-addition,normalizer-stable
TUF,UUU,rule-addition,normalizer-loss
TUU,TTT,catalog-stable,normalizer-stable
TUU,TTT,catalog-stable,normalizer-loss
TUU,TTT,rule-removal,normalizer-stable
TUU,TTT,rule-removal,normalizer-loss
TUU,TTT,rule-addition,normalizer-stable
TUU,TTT,rule-addition,normalizer-loss
TUU,TTF,catalog-stable,normalizer-stable
TUU,TTF,catalog-stable,normalizer-loss
TUU,TTF,rule-removal,normalizer-stable
TUU,TTF,rule-removal,normalizer-loss
TUU,TTF,rule-addition,normalizer-stable
TUU,TTF,rule-addition,normalizer-loss
TUU,TTU,catalog-stable,normalizer-stable
TUU,TTU,catalog-stable,normalizer-loss
TUU,TTU,rule-removal,normalizer-stable
TUU,TTU,rule-removal,normalizer-loss
TUU,TTU,rule-addition,normalizer-stable
TUU,TTU,rule-addition,normalizer-loss
TUU,TFT,catalog-stable,normalizer-stable
TUU,TFT,catalog-stable,normalizer-loss
TUU,TFT,rule-removal,normalizer-stable
TUU,TFT,rule-removal,normalizer-loss
TUU,TFT,rule-addition,normalizer-stable
TUU,TFT,rule-addition,normalizer-loss
TUU,TFF,catalog-stable,normalizer-stable
TUU,TFF,catalog-stable,normalizer-loss
TUU,TFF,rule-removal,normalizer-stable
TUU,TFF,rule-removal,normalizer-loss
TUU,TFF,rule-addition,normalizer-stable
TUU,TFF,rule-addition,normalizer-loss
TUU,TFU,catalog-stable,normalizer-stable
TUU,TFU,catalog-stable,normalizer-loss
TUU,TFU,rule-removal,normalizer-stable
TUU,TFU,rule-removal,normalizer-loss
TUU,TFU,rule-addition,normalizer-stable
TUU,TFU,rule-addition,normalizer-loss
TUU,TUT,catalog-stable,normalizer-stable
TUU,TUT,catalog-stable,normalizer-loss
TUU,TUT,rule-removal,normalizer-stable
TUU,TUT,rule-removal,normalizer-loss
TUU,TUT,rule-addition,normalizer-stable
TUU,TUT,rule-addition,normalizer-loss
TUU,TUF,catalog-stable,normalizer-stable
TUU,TUF,catalog-stable,normalizer-loss
TUU,TUF,rule-removal,normalizer-stable
TUU,TUF,rule-removal,normalizer-loss
TUU,TUF,rule-addition,normalizer-stable
TUU,TUF,rule-addition,normalizer-loss
TUU,TUU,catalog-stable,normalizer-stable
TUU,TUU,catalog-stable,normalizer-loss
TUU,TUU,rule-removal,normalizer-stable
TUU,TUU,rule-removal,normalizer-loss
TUU,TUU,rule-addition,normalizer-stable
TUU,TUU,rule-addition,normalizer-loss
TUU,FTT,catalog-stable,normalizer-stable
TUU,FTT,catalog-stable,normalizer-loss
TUU,FTT,rule-removal,normalizer-stable
TUU,FTT,rule-removal,normalizer-loss
TUU,FTT,rule-addition,normalizer-stable
TUU,FTT,rule-addition,normalizer-loss
TUU,FTF,catalog-stable,normalizer-stable
TUU,FTF,catalog-stable,normalizer-loss
TUU,FTF,rule-removal,normalizer-stable
TUU,FTF,rule-removal,normalizer-loss
TUU,FTF,rule-addition,normalizer-stable
TUU,FTF,rule-addition,normalizer-loss
TUU,FTU,catalog-stable,normalizer-stable
TUU,FTU,catalog-stable,normalizer-loss
TUU,FTU,rule-removal,normalizer-stable
TUU,FTU,rule-removal,normalizer-loss
TUU,FTU,rule-addition,normalizer-stable
TUU,FTU,rule-addition,normalizer-loss
TUU,FFT,catalog-stable,normalizer-stable
TUU,FFT,catalog-stable,normalizer-loss
TUU,FFT,rule-removal,normalizer-stable
TUU,FFT,rule-removal,normalizer-loss
TUU,FFT,rule-addition,normalizer-stable
TUU,FFT,rule-addition,normalizer-loss
TUU,FFF,catalog-stable,normalizer-stable
TUU,FFF,catalog-stable,normalizer-loss
TUU,FFF,rule-removal,normalizer-stable
TUU,FFF,rule-removal,normalizer-loss
TUU,FFF,rule-addition,normalizer-stable
TUU,FFF,rule-addition,normalizer-loss
TUU,FFU,catalog-stable,normalizer-stable
TUU,FFU,catalog-stable,normalizer-loss
TUU,FFU,rule-removal,normalizer-stable
TUU,FFU,rule-removal,normalizer-loss
TUU,FFU,rule-addition,normalizer-stable
TUU,FFU,rule-addition,normalizer-loss
TUU,FUT,catalog-stable,normalizer-stable
TUU,FUT,catalog-stable,normalizer-loss
TUU,FUT,rule-removal,normalizer-stable
TUU,FUT,rule-removal,normalizer-loss
TUU,FUT,rule-addition,normalizer-stable
TUU,FUT,rule-addition,normalizer-loss
TUU,FUF,catalog-stable,normalizer-stable
TUU,FUF,catalog-stable,normalizer-loss
TUU,FUF,rule-removal,normalizer-stable
TUU,FUF,rule-removal,normalizer-loss
TUU,FUF,rule-addition,normalizer-stable
TUU,FUF,rule-addition,normalizer-loss
TUU,FUU,catalog-stable,normalizer-stable
TUU,FUU,catalog-stable,normalizer-loss
TUU,FUU,rule-removal,normalizer-stable
TUU,FUU,rule-removal,normalizer-loss
TUU,FUU,rule-addition,normalizer-stable
TUU,FUU,rule-addition,normalizer-loss
TUU,UTT,catalog-stable,normalizer-stable
TUU,UTT,catalog-stable,normalizer-loss
TUU,UTT,rule-removal,normalizer-stable
TUU,UTT,rule-removal,normalizer-loss
TUU,UTT,rule-addition,normalizer-stable
TUU,UTT,rule-addition,normalizer-loss
TUU,UTF,catalog-stable,normalizer-stable
TUU,UTF,catalog-stable,normalizer-loss
TUU,UTF,rule-removal,normalizer-stable
TUU,UTF,rule-removal,normalizer-loss
TUU,UTF,rule-addition,normalizer-stable
TUU,UTF,rule-addition,normalizer-loss
TUU,UTU,catalog-stable,normalizer-stable
TUU,UTU,catalog-stable,normalizer-loss
TUU,UTU,rule-removal,normalizer-stable
TUU,UTU,rule-removal,normalizer-loss
TUU,UTU,rule-addition,normalizer-stable
TUU,UTU,rule-addition,normalizer-loss
TUU,UFT,catalog-stable,normalizer-stable
TUU,UFT,catalog-stable,normalizer-loss
TUU,UFT,rule-removal,normalizer-stable
TUU,UFT,rule-removal,normalizer-loss
TUU,UFT,rule-addition,normalizer-stable
TUU,UFT,rule-addition,normalizer-loss
TUU,UFF,catalog-stable,normalizer-stable
TUU,UFF,catalog-stable,normalizer-loss
TUU,UFF,rule-removal,normalizer-stable
TUU,UFF,rule-removal,normalizer-loss
TUU,UFF,rule-addition,normalizer-stable
TUU,UFF,rule-addition,normalizer-loss
TUU,UFU,catalog-stable,normalizer-stable
TUU,UFU,catalog-stable,normalizer-loss
TUU,UFU,rule-removal,normalizer-stable
TUU,UFU,rule-removal,normalizer-loss
TUU,UFU,rule-addition,normalizer-stable
TUU,UFU,rule-addition,normalizer-loss
TUU,UUT,catalog-stable,normalizer-stable
TUU,UUT,catalog-stable,normalizer-loss
TUU,UUT,rule-removal,normalizer-stable
TUU,UUT,rule-removal,normalizer-loss
TUU,UUT,rule-addition,normalizer-stable
TUU,UUT,rule-addition,normalizer-loss
TUU,UUF,catalog-stable,normalizer-stable
TUU,UUF,catalog-stable,normalizer-loss
TUU,UUF,rule-removal,normalizer-stable
TUU,UUF,rule-removal,normalizer-loss
TUU,UUF,rule-addition,normalizer-stable
TUU,UUF,rule-addition,normalizer-loss
TUU,UUU,catalog-stable,normalizer-stable
TUU,UUU,catalog-stable,normalizer-loss
TUU,UUU,rule-removal,normalizer-stable
TUU,UUU,rule-removal,normalizer-loss
TUU,UUU,rule-addition,normalizer-stable
TUU,UUU,rule-addition,normalizer-loss
FTT,TTT,catalog-stable,normalizer-stable
FTT,TTT,catalog-stable,normalizer-loss
FTT,TTT,rule-removal,normalizer-stable
FTT,TTT,rule-removal,normalizer-loss
FTT,TTT,rule-addition,normalizer-stable
FTT,TTT,rule-addition,normalizer-loss
FTT,TTF,catalog-stable,normalizer-stable
FTT,TTF,catalog-stable,normalizer-loss
FTT,TTF,rule-removal,normalizer-stable
FTT,TTF,rule-removal,normalizer-loss
FTT,TTF,rule-addition,normalizer-stable
FTT,TTF,rule-addition,normalizer-loss
FTT,TTU,catalog-stable,normalizer-stable
FTT,TTU,catalog-stable,normalizer-loss
FTT,TTU,rule-removal,normalizer-stable
FTT,TTU,rule-removal,normalizer-loss
FTT,TTU,rule-addition,normalizer-stable
FTT,TTU,rule-addition,normalizer-loss
FTT,TFT,catalog-stable,normalizer-stable
FTT,TFT,catalog-stable,normalizer-loss
FTT,TFT,rule-removal,normalizer-stable
FTT,TFT,rule-removal,normalizer-loss
FTT,TFT,rule-addition,normalizer-stable
FTT,TFT,rule-addition,normalizer-loss
FTT,TFF,catalog-stable,normalizer-stable
FTT,TFF,catalog-stable,normalizer-loss
FTT,TFF,rule-removal,normalizer-stable
FTT,TFF,rule-removal,normalizer-loss
FTT,TFF,rule-addition,normalizer-stable
FTT,TFF,rule-addition,normalizer-loss
FTT,TFU,catalog-stable,normalizer-stable
FTT,TFU,catalog-stable,normalizer-loss
FTT,TFU,rule-removal,normalizer-stable
FTT,TFU,rule-removal,normalizer-loss
FTT,TFU,rule-addition,normalizer-stable
FTT,TFU,rule-addition,normalizer-loss
FTT,TUT,catalog-stable,normalizer-stable
FTT,TUT,catalog-stable,normalizer-loss
FTT,TUT,rule-removal,normalizer-stable
FTT,TUT,rule-removal,normalizer-loss
FTT,TUT,rule-addition,normalizer-stable
FTT,TUT,rule-addition,normalizer-loss
FTT,TUF,catalog-stable,normalizer-stable
FTT,TUF,catalog-stable,normalizer-loss
FTT,TUF,rule-removal,normalizer-stable
FTT,TUF,rule-removal,normalizer-loss
FTT,TUF,rule-addition,normalizer-stable
FTT,TUF,rule-addition,normalizer-loss
FTT,TUU,catalog-stable,normalizer-stable
FTT,TUU,catalog-stable,normalizer-loss
FTT,TUU,rule-removal,normalizer-stable
FTT,TUU,rule-removal,normalizer-loss
FTT,TUU,rule-addition,normalizer-stable
FTT,TUU,rule-addition,normalizer-loss
FTT,FTT,catalog-stable,normalizer-stable
FTT,FTT,catalog-stable,normalizer-loss
FTT,FTT,rule-removal,normalizer-stable
FTT,FTT,rule-removal,normalizer-loss
FTT,FTT,rule-addition,normalizer-stable
FTT,FTT,rule-addition,normalizer-loss
FTT,FTF,catalog-stable,normalizer-stable
FTT,FTF,catalog-stable,normalizer-loss
FTT,FTF,rule-removal,normalizer-stable
FTT,FTF,rule-removal,normalizer-loss
FTT,FTF,rule-addition,normalizer-stable
FTT,FTF,rule-addition,normalizer-loss
FTT,FTU,catalog-stable,normalizer-stable
FTT,FTU,catalog-stable,normalizer-loss
FTT,FTU,rule-removal,normalizer-stable
FTT,FTU,rule-removal,normalizer-loss
FTT,FTU,rule-addition,normalizer-stable
FTT,FTU,rule-addition,normalizer-loss
FTT,FFT,catalog-stable,normalizer-stable
FTT,FFT,catalog-stable,normalizer-loss
FTT,FFT,rule-removal,normalizer-stable
FTT,FFT,rule-removal,normalizer-loss
FTT,FFT,rule-addition,normalizer-stable
FTT,FFT,rule-addition,normalizer-loss
FTT,FFF,catalog-stable,normalizer-stable
FTT,FFF,catalog-stable,normalizer-loss
FTT,FFF,rule-removal,normalizer-stable
FTT,FFF,rule-removal,normalizer-loss
FTT,FFF,rule-addition,normalizer-stable
FTT,FFF,rule-addition,normalizer-loss
FTT,FFU,catalog-stable,normalizer-stable
FTT,FFU,catalog-stable,normalizer-loss
FTT,FFU,rule-removal,normalizer-stable
FTT,FFU,rule-removal,normalizer-loss
FTT,FFU,rule-addition,normalizer-stable
FTT,FFU,rule-addition,normalizer-loss
FTT,FUT,catalog-stable,normalizer-stable
FTT,FUT,catalog-stable,normalizer-loss
FTT,FUT,rule-removal,normalizer-stable
FTT,FUT,rule-removal,normalizer-loss
FTT,FUT,rule-addition,normalizer-stable
FTT,FUT,rule-addition,normalizer-loss
FTT,FUF,catalog-stable,normalizer-stable
FTT,FUF,catalog-stable,normalizer-loss
FTT,FUF,rule-removal,normalizer-stable
FTT,FUF,rule-removal,normalizer-loss
FTT,FUF,rule-addition,normalizer-stable
FTT,FUF,rule-addition,normalizer-loss
FTT,FUU,catalog-stable,normalizer-stable
FTT,FUU,catalog-stable,normalizer-loss
FTT,FUU,rule-removal,normalizer-stable
FTT,FUU,rule-removal,normalizer-loss
FTT,FUU,rule-addition,normalizer-stable
FTT,FUU,rule-addition,normalizer-loss
FTT,UTT,catalog-stable,normalizer-stable
FTT,UTT,catalog-stable,normalizer-loss
FTT,UTT,rule-removal,normalizer-stable
FTT,UTT,rule-removal,normalizer-loss
FTT,UTT,rule-addition,normalizer-stable
FTT,UTT,rule-addition,normalizer-loss
FTT,UTF,catalog-stable,normalizer-stable
FTT,UTF,catalog-stable,normalizer-loss
FTT,UTF,rule-removal,normalizer-stable
FTT,UTF,rule-removal,normalizer-loss
FTT,UTF,rule-addition,normalizer-stable
FTT,UTF,rule-addition,normalizer-loss
FTT,UTU,catalog-stable,normalizer-stable
FTT,UTU,catalog-stable,normalizer-loss
FTT,UTU,rule-removal,normalizer-stable
FTT,UTU,rule-removal,normalizer-loss
FTT,UTU,rule-addition,normalizer-stable
FTT,UTU,rule-addition,normalizer-loss
FTT,UFT,catalog-stable,normalizer-stable
FTT,UFT,catalog-stable,normalizer-loss
FTT,UFT,rule-removal,normalizer-stable
FTT,UFT,rule-removal,normalizer-loss
FTT,UFT,rule-addition,normalizer-stable
FTT,UFT,rule-addition,normalizer-loss
FTT,UFF,catalog-stable,normalizer-stable
FTT,UFF,catalog-stable,normalizer-loss
FTT,UFF,rule-removal,normalizer-stable
FTT,UFF,rule-removal,normalizer-loss
FTT,UFF,rule-addition,normalizer-stable
FTT,UFF,rule-addition,normalizer-loss
FTT,UFU,catalog-stable,normalizer-stable
FTT,UFU,catalog-stable,normalizer-loss
FTT,UFU,rule-removal,normalizer-stable
FTT,UFU,rule-removal,normalizer-loss
FTT,UFU,rule-addition,normalizer-stable
FTT,UFU,rule-addition,normalizer-loss
FTT,UUT,catalog-stable,normalizer-stable
FTT,UUT,catalog-stable,normalizer-loss
FTT,UUT,rule-removal,normalizer-stable
FTT,UUT,rule-removal,normalizer-loss
FTT,UUT,rule-addition,normalizer-stable
FTT,UUT,rule-addition,normalizer-loss
FTT,UUF,catalog-stable,normalizer-stable
FTT,UUF,catalog-stable,normalizer-loss
FTT,UUF,rule-removal,normalizer-stable
FTT,UUF,rule-removal,normalizer-loss
FTT,UUF,rule-addition,normalizer-stable
FTT,UUF,rule-addition,normalizer-loss
FTT,UUU,catalog-stable,normalizer-stable
FTT,UUU,catalog-stable,normalizer-loss
FTT,UUU,rule-removal,normalizer-stable
FTT,UUU,rule-removal,normalizer-loss
FTT,UUU,rule-addition,normalizer-stable
FTT,UUU,rule-addition,normalizer-loss
FTF,TTT,catalog-stable,normalizer-stable
FTF,TTT,catalog-stable,normalizer-loss
FTF,TTT,rule-removal,normalizer-stable
FTF,TTT,rule-removal,normalizer-loss
FTF,TTT,rule-addition,normalizer-stable
FTF,TTT,rule-addition,normalizer-loss
FTF,TTF,catalog-stable,normalizer-stable
FTF,TTF,catalog-stable,normalizer-loss
FTF,TTF,rule-removal,normalizer-stable
FTF,TTF,rule-removal,normalizer-loss
FTF,TTF,rule-addition,normalizer-stable
FTF,TTF,rule-addition,normalizer-loss
FTF,TTU,catalog-stable,normalizer-stable
FTF,TTU,catalog-stable,normalizer-loss
FTF,TTU,rule-removal,normalizer-stable
FTF,TTU,rule-removal,normalizer-loss
FTF,TTU,rule-addition,normalizer-stable
FTF,TTU,rule-addition,normalizer-loss
FTF,TFT,catalog-stable,normalizer-stable
FTF,TFT,catalog-stable,normalizer-loss
FTF,TFT,rule-removal,normalizer-stable
FTF,TFT,rule-removal,normalizer-loss
FTF,TFT,rule-addition,normalizer-stable
FTF,TFT,rule-addition,normalizer-loss
FTF,TFF,catalog-stable,normalizer-stable
FTF,TFF,catalog-stable,normalizer-loss
FTF,TFF,rule-removal,normalizer-stable
FTF,TFF,rule-removal,normalizer-loss
FTF,TFF,rule-addition,normalizer-stable
FTF,TFF,rule-addition,normalizer-loss
FTF,TFU,catalog-stable,normalizer-stable
FTF,TFU,catalog-stable,normalizer-loss
FTF,TFU,rule-removal,normalizer-stable
FTF,TFU,rule-removal,normalizer-loss
FTF,TFU,rule-addition,normalizer-stable
FTF,TFU,rule-addition,normalizer-loss
FTF,TUT,catalog-stable,normalizer-stable
FTF,TUT,catalog-stable,normalizer-loss
FTF,TUT,rule-removal,normalizer-stable
FTF,TUT,rule-removal,normalizer-loss
FTF,TUT,rule-addition,normalizer-stable
FTF,TUT,rule-addition,normalizer-loss
FTF,TUF,catalog-stable,normalizer-stable
FTF,TUF,catalog-stable,normalizer-loss
FTF,TUF,rule-removal,normalizer-stable
FTF,TUF,rule-removal,normalizer-loss
FTF,TUF,rule-addition,normalizer-stable
FTF,TUF,rule-addition,normalizer-loss
FTF,TUU,catalog-stable,normalizer-stable
FTF,TUU,catalog-stable,normalizer-loss
FTF,TUU,rule-removal,normalizer-stable
FTF,TUU,rule-removal,normalizer-loss
FTF,TUU,rule-addition,normalizer-stable
FTF,TUU,rule-addition,normalizer-loss
FTF,FTT,catalog-stable,normalizer-stable
FTF,FTT,catalog-stable,normalizer-loss
FTF,FTT,rule-removal,normalizer-stable
FTF,FTT,rule-removal,normalizer-loss
FTF,FTT,rule-addition,normalizer-stable
FTF,FTT,rule-addition,normalizer-loss
FTF,FTF,catalog-stable,normalizer-stable
FTF,FTF,catalog-stable,normalizer-loss
FTF,FTF,rule-removal,normalizer-stable
FTF,FTF,rule-removal,normalizer-loss
FTF,FTF,rule-addition,normalizer-stable
FTF,FTF,rule-addition,normalizer-loss
FTF,FTU,catalog-stable,normalizer-stable
FTF,FTU,catalog-stable,normalizer-loss
FTF,FTU,rule-removal,normalizer-stable
FTF,FTU,rule-removal,normalizer-loss
FTF,FTU,rule-addition,normalizer-stable
FTF,FTU,rule-addition,normalizer-loss
FTF,FFT,catalog-stable,normalizer-stable
FTF,FFT,catalog-stable,normalizer-loss
FTF,FFT,rule-removal,normalizer-stable
FTF,FFT,rule-removal,normalizer-loss
FTF,FFT,rule-addition,normalizer-stable
FTF,FFT,rule-addition,normalizer-loss
FTF,FFF,catalog-stable,normalizer-stable
FTF,FFF,catalog-stable,normalizer-loss
FTF,FFF,rule-removal,normalizer-stable
FTF,FFF,rule-removal,normalizer-loss
FTF,FFF,rule-addition,normalizer-stable
FTF,FFF,rule-addition,normalizer-loss
FTF,FFU,catalog-stable,normalizer-stable
FTF,FFU,catalog-stable,normalizer-loss
FTF,FFU,rule-removal,normalizer-stable
FTF,FFU,rule-removal,normalizer-loss
FTF,FFU,rule-addition,normalizer-stable
FTF,FFU,rule-addition,normalizer-loss
FTF,FUT,catalog-stable,normalizer-stable
FTF,FUT,catalog-stable,normalizer-loss
FTF,FUT,rule-removal,normalizer-stable
FTF,FUT,rule-removal,normalizer-loss
FTF,FUT,rule-addition,normalizer-stable
FTF,FUT,rule-addition,normalizer-loss
FTF,FUF,catalog-stable,normalizer-stable
FTF,FUF,catalog-stable,normalizer-loss
FTF,FUF,rule-removal,normalizer-stable
FTF,FUF,rule-removal,normalizer-loss
FTF,FUF,rule-addition,normalizer-stable
FTF,FUF,rule-addition,normalizer-loss
FTF,FUU,catalog-stable,normalizer-stable
FTF,FUU,catalog-stable,normalizer-loss
FTF,FUU,rule-removal,normalizer-stable
FTF,FUU,rule-removal,normalizer-loss
FTF,FUU,rule-addition,normalizer-stable
FTF,FUU,rule-addition,normalizer-loss
FTF,UTT,catalog-stable,normalizer-stable
FTF,UTT,catalog-stable,normalizer-loss
FTF,UTT,rule-removal,normalizer-stable
FTF,UTT,rule-removal,normalizer-loss
FTF,UTT,rule-addition,normalizer-stable
FTF,UTT,rule-addition,normalizer-loss
FTF,UTF,catalog-stable,normalizer-stable
FTF,UTF,catalog-stable,normalizer-loss
FTF,UTF,rule-removal,normalizer-stable
FTF,UTF,rule-removal,normalizer-loss
FTF,UTF,rule-addition,normalizer-stable
FTF,UTF,rule-addition,normalizer-loss
FTF,UTU,catalog-stable,normalizer-stable
FTF,UTU,catalog-stable,normalizer-loss
FTF,UTU,rule-removal,normalizer-stable
FTF,UTU,rule-removal,normalizer-loss
FTF,UTU,rule-addition,normalizer-stable
FTF,UTU,rule-addition,normalizer-loss
FTF,UFT,catalog-stable,normalizer-stable
FTF,UFT,catalog-stable,normalizer-loss
FTF,UFT,rule-removal,normalizer-stable
FTF,UFT,rule-removal,normalizer-loss
FTF,UFT,rule-addition,normalizer-stable
FTF,UFT,rule-addition,normalizer-loss
FTF,UFF,catalog-stable,normalizer-stable
FTF,UFF,catalog-stable,normalizer-loss
FTF,UFF,rule-removal,normalizer-stable
FTF,UFF,rule-removal,normalizer-loss
FTF,UFF,rule-addition,normalizer-stable
FTF,UFF,rule-addition,normalizer-loss
FTF,UFU,catalog-stable,normalizer-stable
FTF,UFU,catalog-stable,normalizer-loss
FTF,UFU,rule-removal,normalizer-stable
FTF,UFU,rule-removal,normalizer-loss
FTF,UFU,rule-addition,normalizer-stable
FTF,UFU,rule-addition,normalizer-loss
FTF,UUT,catalog-stable,normalizer-stable
FTF,UUT,catalog-stable,normalizer-loss
FTF,UUT,rule-removal,normalizer-stable
FTF,UUT,rule-removal,normalizer-loss
FTF,UUT,rule-addition,normalizer-stable
FTF,UUT,rule-addition,normalizer-loss
FTF,UUF,catalog-stable,normalizer-stable
FTF,UUF,catalog-stable,normalizer-loss
FTF,UUF,rule-removal,normalizer-stable
FTF,UUF,rule-removal,normalizer-loss
FTF,UUF,rule-addition,normalizer-stable
FTF,UUF,rule-addition,normalizer-loss
FTF,UUU,catalog-stable,normalizer-stable
FTF,UUU,catalog-stable,normalizer-loss
FTF,UUU,rule-removal,normalizer-stable
FTF,UUU,rule-removal,normalizer-loss
FTF,UUU,rule-addition,normalizer-stable
FTF,UUU,rule-addition,normalizer-loss
FTU,TTT,catalog-stable,normalizer-stable
FTU,TTT,catalog-stable,normalizer-loss
FTU,TTT,rule-removal,normalizer-stable
FTU,TTT,rule-removal,normalizer-loss
FTU,TTT,rule-addition,normalizer-stable
FTU,TTT,rule-addition,normalizer-loss
FTU,TTF,catalog-stable,normalizer-stable
FTU,TTF,catalog-stable,normalizer-loss
FTU,TTF,rule-removal,normalizer-stable
FTU,TTF,rule-removal,normalizer-loss
FTU,TTF,rule-addition,normalizer-stable
FTU,TTF,rule-addition,normalizer-loss
FTU,TTU,catalog-stable,normalizer-stable
FTU,TTU,catalog-stable,normalizer-loss
FTU,TTU,rule-removal,normalizer-stable
FTU,TTU,rule-removal,normalizer-loss
FTU,TTU,rule-addition,normalizer-stable
FTU,TTU,rule-addition,normalizer-loss
FTU,TFT,catalog-stable,normalizer-stable
FTU,TFT,catalog-stable,normalizer-loss
FTU,TFT,rule-removal,normalizer-stable
FTU,TFT,rule-removal,normalizer-loss
FTU,TFT,rule-addition,normalizer-stable
FTU,TFT,rule-addition,normalizer-loss
FTU,TFF,catalog-stable,normalizer-stable
FTU,TFF,catalog-stable,normalizer-loss
FTU,TFF,rule-removal,normalizer-stable
FTU,TFF,rule-removal,normalizer-loss
FTU,TFF,rule-addition,normalizer-stable
FTU,TFF,rule-addition,normalizer-loss
FTU,TFU,catalog-stable,normalizer-stable
FTU,TFU,catalog-stable,normalizer-loss
FTU,TFU,rule-removal,normalizer-stable
FTU,TFU,rule-removal,normalizer-loss
FTU,TFU,rule-addition,normalizer-stable
FTU,TFU,rule-addition,normalizer-loss
FTU,TUT,catalog-stable,normalizer-stable
FTU,TUT,catalog-stable,normalizer-loss
FTU,TUT,rule-removal,normalizer-stable
FTU,TUT,rule-removal,normalizer-loss
FTU,TUT,rule-addition,normalizer-stable
FTU,TUT,rule-addition,normalizer-loss
FTU,TUF,catalog-stable,normalizer-stable
FTU,TUF,catalog-stable,normalizer-loss
FTU,TUF,rule-removal,normalizer-stable
FTU,TUF,rule-removal,normalizer-loss
FTU,TUF,rule-addition,normalizer-stable
FTU,TUF,rule-addition,normalizer-loss
FTU,TUU,catalog-stable,normalizer-stable
FTU,TUU,catalog-stable,normalizer-loss
FTU,TUU,rule-removal,normalizer-stable
FTU,TUU,rule-removal,normalizer-loss
FTU,TUU,rule-addition,normalizer-stable
FTU,TUU,rule-addition,normalizer-loss
FTU,FTT,catalog-stable,normalizer-stable
FTU,FTT,catalog-stable,normalizer-loss
FTU,FTT,rule-removal,normalizer-stable
FTU,FTT,rule-removal,normalizer-loss
FTU,FTT,rule-addition,normalizer-stable
FTU,FTT,rule-addition,normalizer-loss
FTU,FTF,catalog-stable,normalizer-stable
FTU,FTF,catalog-stable,normalizer-loss
FTU,FTF,rule-removal,normalizer-stable
FTU,FTF,rule-removal,normalizer-loss
FTU,FTF,rule-addition,normalizer-stable
FTU,FTF,rule-addition,normalizer-loss
FTU,FTU,catalog-stable,normalizer-stable
FTU,FTU,catalog-stable,normalizer-loss
FTU,FTU,rule-removal,normalizer-stable
FTU,FTU,rule-removal,normalizer-loss
FTU,FTU,rule-addition,normalizer-stable
FTU,FTU,rule-addition,normalizer-loss
FTU,FFT,catalog-stable,normalizer-stable
FTU,FFT,catalog-stable,normalizer-loss
FTU,FFT,rule-removal,normalizer-stable
FTU,FFT,rule-removal,normalizer-loss
FTU,FFT,rule-addition,normalizer-stable
FTU,FFT,rule-addition,normalizer-loss
FTU,FFF,catalog-stable,normalizer-stable
FTU,FFF,catalog-stable,normalizer-loss
FTU,FFF,rule-removal,normalizer-stable
FTU,FFF,rule-removal,normalizer-loss
FTU,FFF,rule-addition,normalizer-stable
FTU,FFF,rule-addition,normalizer-loss
FTU,FFU,catalog-stable,normalizer-stable
FTU,FFU,catalog-stable,normalizer-loss
FTU,FFU,rule-removal,normalizer-stable
FTU,FFU,rule-removal,normalizer-loss
FTU,FFU,rule-addition,normalizer-stable
FTU,FFU,rule-addition,normalizer-loss
FTU,FUT,catalog-stable,normalizer-stable
FTU,FUT,catalog-stable,normalizer-loss
FTU,FUT,rule-removal,normalizer-stable
FTU,FUT,rule-removal,normalizer-loss
FTU,FUT,rule-addition,normalizer-stable
FTU,FUT,rule-addition,normalizer-loss
FTU,FUF,catalog-stable,normalizer-stable
FTU,FUF,catalog-stable,normalizer-loss
FTU,FUF,rule-removal,normalizer-stable
FTU,FUF,rule-removal,normalizer-loss
FTU,FUF,rule-addition,normalizer-stable
FTU,FUF,rule-addition,normalizer-loss
FTU,FUU,catalog-stable,normalizer-stable
FTU,FUU,catalog-stable,normalizer-loss
FTU,FUU,rule-removal,normalizer-stable
FTU,FUU,rule-removal,normalizer-loss
FTU,FUU,rule-addition,normalizer-stable
FTU,FUU,rule-addition,normalizer-loss
FTU,UTT,catalog-stable,normalizer-stable
FTU,UTT,catalog-stable,normalizer-loss
FTU,UTT,rule-removal,normalizer-stable
FTU,UTT,rule-removal,normalizer-loss
FTU,UTT,rule-addition,normalizer-stable
FTU,UTT,rule-addition,normalizer-loss
FTU,UTF,catalog-stable,normalizer-stable
FTU,UTF,catalog-stable,normalizer-loss
FTU,UTF,rule-removal,normalizer-stable
FTU,UTF,rule-removal,normalizer-loss
FTU,UTF,rule-addition,normalizer-stable
FTU,UTF,rule-addition,normalizer-loss
FTU,UTU,catalog-stable,normalizer-stable
FTU,UTU,catalog-stable,normalizer-loss
FTU,UTU,rule-removal,normalizer-stable
FTU,UTU,rule-removal,normalizer-loss
FTU,UTU,rule-addition,normalizer-stable
FTU,UTU,rule-addition,normalizer-loss
FTU,UFT,catalog-stable,normalizer-stable
FTU,UFT,catalog-stable,normalizer-loss
FTU,UFT,rule-removal,normalizer-stable
FTU,UFT,rule-removal,normalizer-loss
FTU,UFT,rule-addition,normalizer-stable
FTU,UFT,rule-addition,normalizer-loss
FTU,UFF,catalog-stable,normalizer-stable
FTU,UFF,catalog-stable,normalizer-loss
FTU,UFF,rule-removal,normalizer-stable
FTU,UFF,rule-removal,normalizer-loss
FTU,UFF,rule-addition,normalizer-stable
FTU,UFF,rule-addition,normalizer-loss
FTU,UFU,catalog-stable,normalizer-stable
FTU,UFU,catalog-stable,normalizer-loss
FTU,UFU,rule-removal,normalizer-stable
FTU,UFU,rule-removal,normalizer-loss
FTU,UFU,rule-addition,normalizer-stable
FTU,UFU,rule-addition,normalizer-loss
FTU,UUT,catalog-stable,normalizer-stable
FTU,UUT,catalog-stable,normalizer-loss
FTU,UUT,rule-removal,normalizer-stable
FTU,UUT,rule-removal,normalizer-loss
FTU,UUT,rule-addition,normalizer-stable
FTU,UUT,rule-addition,normalizer-loss
FTU,UUF,catalog-stable,normalizer-stable
FTU,UUF,catalog-stable,normalizer-loss
FTU,UUF,rule-removal,normalizer-stable
FTU,UUF,rule-removal,normalizer-loss
FTU,UUF,rule-addition,normalizer-stable
FTU,UUF,rule-addition,normalizer-loss
FTU,UUU,catalog-stable,normalizer-stable
FTU,UUU,catalog-stable,normalizer-loss
FTU,UUU,rule-removal,normalizer-stable
FTU,UUU,rule-removal,normalizer-loss
FTU,UUU,rule-addition,normalizer-stable
FTU,UUU,rule-addition,normalizer-loss
FFT,TTT,catalog-stable,normalizer-stable
FFT,TTT,catalog-stable,normalizer-loss
FFT,TTT,rule-removal,normalizer-stable
FFT,TTT,rule-removal,normalizer-loss
FFT,TTT,rule-addition,normalizer-stable
FFT,TTT,rule-addition,normalizer-loss
FFT,TTF,catalog-stable,normalizer-stable
FFT,TTF,catalog-stable,normalizer-loss
FFT,TTF,rule-removal,normalizer-stable
FFT,TTF,rule-removal,normalizer-loss
FFT,TTF,rule-addition,normalizer-stable
FFT,TTF,rule-addition,normalizer-loss
FFT,TTU,catalog-stable,normalizer-stable
FFT,TTU,catalog-stable,normalizer-loss
FFT,TTU,rule-removal,normalizer-stable
FFT,TTU,rule-removal,normalizer-loss
FFT,TTU,rule-addition,normalizer-stable
FFT,TTU,rule-addition,normalizer-loss
FFT,TFT,catalog-stable,normalizer-stable
FFT,TFT,catalog-stable,normalizer-loss
FFT,TFT,rule-removal,normalizer-stable
FFT,TFT,rule-removal,normalizer-loss
FFT,TFT,rule-addition,normalizer-stable
FFT,TFT,rule-addition,normalizer-loss
FFT,TFF,catalog-stable,normalizer-stable
FFT,TFF,catalog-stable,normalizer-loss
FFT,TFF,rule-removal,normalizer-stable
FFT,TFF,rule-removal,normalizer-loss
FFT,TFF,rule-addition,normalizer-stable
FFT,TFF,rule-addition,normalizer-loss
FFT,TFU,catalog-stable,normalizer-stable
FFT,TFU,catalog-stable,normalizer-loss
FFT,TFU,rule-removal,normalizer-stable
FFT,TFU,rule-removal,normalizer-loss
FFT,TFU,rule-addition,normalizer-stable
FFT,TFU,rule-addition,normalizer-loss
FFT,TUT,catalog-stable,normalizer-stable
FFT,TUT,catalog-stable,normalizer-loss
FFT,TUT,rule-removal,normalizer-stable
FFT,TUT,rule-removal,normalizer-loss
FFT,TUT,rule-addition,normalizer-stable
FFT,TUT,rule-addition,normalizer-loss
FFT,TUF,catalog-stable,normalizer-stable
FFT,TUF,catalog-stable,normalizer-loss
FFT,TUF,rule-removal,normalizer-stable
FFT,TUF,rule-removal,normalizer-loss
FFT,TUF,rule-addition,normalizer-stable
FFT,TUF,rule-addition,normalizer-loss
FFT,TUU,catalog-stable,normalizer-stable
FFT,TUU,catalog-stable,normalizer-loss
FFT,TUU,rule-removal,normalizer-stable
FFT,TUU,rule-removal,normalizer-loss
FFT,TUU,rule-addition,normalizer-stable
FFT,TUU,rule-addition,normalizer-loss
FFT,FTT,catalog-stable,normalizer-stable
FFT,FTT,catalog-stable,normalizer-loss
FFT,FTT,rule-removal,normalizer-stable
FFT,FTT,rule-removal,normalizer-loss
FFT,FTT,rule-addition,normalizer-stable
FFT,FTT,rule-addition,normalizer-loss
FFT,FTF,catalog-stable,normalizer-stable
FFT,FTF,catalog-stable,normalizer-loss
FFT,FTF,rule-removal,normalizer-stable
FFT,FTF,rule-removal,normalizer-loss
FFT,FTF,rule-addition,normalizer-stable
FFT,FTF,rule-addition,normalizer-loss
FFT,FTU,catalog-stable,normalizer-stable
FFT,FTU,catalog-stable,normalizer-loss
FFT,FTU,rule-removal,normalizer-stable
FFT,FTU,rule-removal,normalizer-loss
FFT,FTU,rule-addition,normalizer-stable
FFT,FTU,rule-addition,normalizer-loss
FFT,FFT,catalog-stable,normalizer-stable
FFT,FFT,catalog-stable,normalizer-loss
FFT,FFT,rule-removal,normalizer-stable
FFT,FFT,rule-removal,normalizer-loss
FFT,FFT,rule-addition,normalizer-stable
FFT,FFT,rule-addition,normalizer-loss
FFT,FFF,catalog-stable,normalizer-stable
FFT,FFF,catalog-stable,normalizer-loss
FFT,FFF,rule-removal,normalizer-stable
FFT,FFF,rule-removal,normalizer-loss
FFT,FFF,rule-addition,normalizer-stable
FFT,FFF,rule-addition,normalizer-loss
FFT,FFU,catalog-stable,normalizer-stable
FFT,FFU,catalog-stable,normalizer-loss
FFT,FFU,rule-removal,normalizer-stable
FFT,FFU,rule-removal,normalizer-loss
FFT,FFU,rule-addition,normalizer-stable
FFT,FFU,rule-addition,normalizer-loss
FFT,FUT,catalog-stable,normalizer-stable
FFT,FUT,catalog-stable,normalizer-loss
FFT,FUT,rule-removal,normalizer-stable
FFT,FUT,rule-removal,normalizer-loss
FFT,FUT,rule-addition,normalizer-stable
FFT,FUT,rule-addition,normalizer-loss
FFT,FUF,catalog-stable,normalizer-stable
FFT,FUF,catalog-stable,normalizer-loss
FFT,FUF,rule-removal,normalizer-stable
FFT,FUF,rule-removal,normalizer-loss
FFT,FUF,rule-addition,normalizer-stable
FFT,FUF,rule-addition,normalizer-loss
FFT,FUU,catalog-stable,normalizer-stable
FFT,FUU,catalog-stable,normalizer-loss
FFT,FUU,rule-removal,normalizer-stable
FFT,FUU,rule-removal,normalizer-loss
FFT,FUU,rule-addition,normalizer-stable
FFT,FUU,rule-addition,normalizer-loss
FFT,UTT,catalog-stable,normalizer-stable
FFT,UTT,catalog-stable,normalizer-loss
FFT,UTT,rule-removal,normalizer-stable
FFT,UTT,rule-removal,normalizer-loss
FFT,UTT,rule-addition,normalizer-stable
FFT,UTT,rule-addition,normalizer-loss
FFT,UTF,catalog-stable,normalizer-stable
FFT,UTF,catalog-stable,normalizer-loss
FFT,UTF,rule-removal,normalizer-stable
FFT,UTF,rule-removal,normalizer-loss
FFT,UTF,rule-addition,normalizer-stable
FFT,UTF,rule-addition,normalizer-loss
FFT,UTU,catalog-stable,normalizer-stable
FFT,UTU,catalog-stable,normalizer-loss
FFT,UTU,rule-removal,normalizer-stable
FFT,UTU,rule-removal,normalizer-loss
FFT,UTU,rule-addition,normalizer-stable
FFT,UTU,rule-addition,normalizer-loss
FFT,UFT,catalog-stable,normalizer-stable
FFT,UFT,catalog-stable,normalizer-loss
FFT,UFT,rule-removal,normalizer-stable
FFT,UFT,rule-removal,normalizer-loss
FFT,UFT,rule-addition,normalizer-stable
FFT,UFT,rule-addition,normalizer-loss
FFT,UFF,catalog-stable,normalizer-stable
FFT,UFF,catalog-stable,normalizer-loss
FFT,UFF,rule-removal,normalizer-stable
FFT,UFF,rule-removal,normalizer-loss
FFT,UFF,rule-addition,normalizer-stable
FFT,UFF,rule-addition,normalizer-loss
FFT,UFU,catalog-stable,normalizer-stable
FFT,UFU,catalog-stable,normalizer-loss
FFT,UFU,rule-removal,normalizer-stable
FFT,UFU,rule-removal,normalizer-loss
FFT,UFU,rule-addition,normalizer-stable
FFT,UFU,rule-addition,normalizer-loss
FFT,UUT,catalog-stable,normalizer-stable
FFT,UUT,catalog-stable,normalizer-loss
FFT,UUT,rule-removal,normalizer-stable
FFT,UUT,rule-removal,normalizer-loss
FFT,UUT,rule-addition,normalizer-stable
FFT,UUT,rule-addition,normalizer-loss
FFT,UUF,catalog-stable,normalizer-stable
FFT,UUF,catalog-stable,normalizer-loss
FFT,UUF,rule-removal,normalizer-stable
FFT,UUF,rule-removal,normalizer-loss
FFT,UUF,rule-addition,normalizer-stable
FFT,UUF,rule-addition,normalizer-loss
FFT,UUU,catalog-stable,normalizer-stable
FFT,UUU,catalog-stable,normalizer-loss
FFT,UUU,rule-removal,normalizer-stable
FFT,UUU,rule-removal,normalizer-loss
FFT,UUU,rule-addition,normalizer-stable
FFT,UUU,rule-addition,normalizer-loss
FFF,TTT,catalog-stable,normalizer-stable
FFF,TTT,catalog-stable,normalizer-loss
FFF,TTT,rule-removal,normalizer-stable
FFF,TTT,rule-removal,normalizer-loss
FFF,TTT,rule-addition,normalizer-stable
FFF,TTT,rule-addition,normalizer-loss
FFF,TTF,catalog-stable,normalizer-stable
FFF,TTF,catalog-stable,normalizer-loss
FFF,TTF,rule-removal,normalizer-stable
FFF,TTF,rule-removal,normalizer-loss
FFF,TTF,rule-addition,normalizer-stable
FFF,TTF,rule-addition,normalizer-loss
FFF,TTU,catalog-stable,normalizer-stable
FFF,TTU,catalog-stable,normalizer-loss
FFF,TTU,rule-removal,normalizer-stable
FFF,TTU,rule-removal,normalizer-loss
FFF,TTU,rule-addition,normalizer-stable
FFF,TTU,rule-addition,normalizer-loss
FFF,TFT,catalog-stable,normalizer-stable
FFF,TFT,catalog-stable,normalizer-loss
FFF,TFT,rule-removal,normalizer-stable
FFF,TFT,rule-removal,normalizer-loss
FFF,TFT,rule-addition,normalizer-stable
FFF,TFT,rule-addition,normalizer-loss
FFF,TFF,catalog-stable,normalizer-stable
FFF,TFF,catalog-stable,normalizer-loss
FFF,TFF,rule-removal,normalizer-stable
FFF,TFF,rule-removal,normalizer-loss
FFF,TFF,rule-addition,normalizer-stable
FFF,TFF,rule-addition,normalizer-loss
FFF,TFU,catalog-stable,normalizer-stable
FFF,TFU,catalog-stable,normalizer-loss
FFF,TFU,rule-removal,normalizer-stable
FFF,TFU,rule-removal,normalizer-loss
FFF,TFU,rule-addition,normalizer-stable
FFF,TFU,rule-addition,normalizer-loss
FFF,TUT,catalog-stable,normalizer-stable
FFF,TUT,catalog-stable,normalizer-loss
FFF,TUT,rule-removal,normalizer-stable
FFF,TUT,rule-removal,normalizer-loss
FFF,TUT,rule-addition,normalizer-stable
FFF,TUT,rule-addition,normalizer-loss
FFF,TUF,catalog-stable,normalizer-stable
FFF,TUF,catalog-stable,normalizer-loss
FFF,TUF,rule-removal,normalizer-stable
FFF,TUF,rule-removal,normalizer-loss
FFF,TUF,rule-addition,normalizer-stable
FFF,TUF,rule-addition,normalizer-loss
FFF,TUU,catalog-stable,normalizer-stable
FFF,TUU,catalog-stable,normalizer-loss
FFF,TUU,rule-removal,normalizer-stable
FFF,TUU,rule-removal,normalizer-loss
FFF,TUU,rule-addition,normalizer-stable
FFF,TUU,rule-addition,normalizer-loss
FFF,FTT,catalog-stable,normalizer-stable
FFF,FTT,catalog-stable,normalizer-loss
FFF,FTT,rule-removal,normalizer-stable
FFF,FTT,rule-removal,normalizer-loss
FFF,FTT,rule-addition,normalizer-stable
FFF,FTT,rule-addition,normalizer-loss
FFF,FTF,catalog-stable,normalizer-stable
FFF,FTF,catalog-stable,normalizer-loss
FFF,FTF,rule-removal,normalizer-stable
FFF,FTF,rule-removal,normalizer-loss
FFF,FTF,rule-addition,normalizer-stable
FFF,FTF,rule-addition,normalizer-loss
FFF,FTU,catalog-stable,normalizer-stable
FFF,FTU,catalog-stable,normalizer-loss
FFF,FTU,rule-removal,normalizer-stable
FFF,FTU,rule-removal,normalizer-loss
FFF,FTU,rule-addition,normalizer-stable
FFF,FTU,rule-addition,normalizer-loss
FFF,FFT,catalog-stable,normalizer-stable
FFF,FFT,catalog-stable,normalizer-loss
FFF,FFT,rule-removal,normalizer-stable
FFF,FFT,rule-removal,normalizer-loss
FFF,FFT,rule-addition,normalizer-stable
FFF,FFT,rule-addition,normalizer-loss
FFF,FFF,catalog-stable,normalizer-stable
FFF,FFF,catalog-stable,normalizer-loss
FFF,FFF,rule-removal,normalizer-stable
FFF,FFF,rule-removal,normalizer-loss
FFF,FFF,rule-addition,normalizer-stable
FFF,FFF,rule-addition,normalizer-loss
FFF,FFU,catalog-stable,normalizer-stable
FFF,FFU,catalog-stable,normalizer-loss
FFF,FFU,rule-removal,normalizer-stable
FFF,FFU,rule-removal,normalizer-loss
FFF,FFU,rule-addition,normalizer-stable
FFF,FFU,rule-addition,normalizer-loss
FFF,FUT,catalog-stable,normalizer-stable
FFF,FUT,catalog-stable,normalizer-loss
FFF,FUT,rule-removal,normalizer-stable
FFF,FUT,rule-removal,normalizer-loss
FFF,FUT,rule-addition,normalizer-stable
FFF,FUT,rule-addition,normalizer-loss
FFF,FUF,catalog-stable,normalizer-stable
FFF,FUF,catalog-stable,normalizer-loss
FFF,FUF,rule-removal,normalizer-stable
FFF,FUF,rule-removal,normalizer-loss
FFF,FUF,rule-addition,normalizer-stable
FFF,FUF,rule-addition,normalizer-loss
FFF,FUU,catalog-stable,normalizer-stable
FFF,FUU,catalog-stable,normalizer-loss
FFF,FUU,rule-removal,normalizer-stable
FFF,FUU,rule-removal,normalizer-loss
FFF,FUU,rule-addition,normalizer-stable
FFF,FUU,rule-addition,normalizer-loss
FFF,UTT,catalog-stable,normalizer-stable
FFF,UTT,catalog-stable,normalizer-loss
FFF,UTT,rule-removal,normalizer-stable
FFF,UTT,rule-removal,normalizer-loss
FFF,UTT,rule-addition,normalizer-stable
FFF,UTT,rule-addition,normalizer-loss
FFF,UTF,catalog-stable,normalizer-stable
FFF,UTF,catalog-stable,normalizer-loss
FFF,UTF,rule-removal,normalizer-stable
FFF,UTF,rule-removal,normalizer-loss
FFF,UTF,rule-addition,normalizer-stable
FFF,UTF,rule-addition,normalizer-loss
FFF,UTU,catalog-stable,normalizer-stable
FFF,UTU,catalog-stable,normalizer-loss
FFF,UTU,rule-removal,normalizer-stable
FFF,UTU,rule-removal,normalizer-loss
FFF,UTU,rule-addition,normalizer-stable
FFF,UTU,rule-addition,normalizer-loss
FFF,UFT,catalog-stable,normalizer-stable
FFF,UFT,catalog-stable,normalizer-loss
FFF,UFT,rule-removal,normalizer-stable
FFF,UFT,rule-removal,normalizer-loss
FFF,UFT,rule-addition,normalizer-stable
FFF,UFT,rule-addition,normalizer-loss
FFF,UFF,catalog-stable,normalizer-stable
FFF,UFF,catalog-stable,normalizer-loss
FFF,UFF,rule-removal,normalizer-stable
FFF,UFF,rule-removal,normalizer-loss
FFF,UFF,rule-addition,normalizer-stable
FFF,UFF,rule-addition,normalizer-loss
FFF,UFU,catalog-stable,normalizer-stable
FFF,UFU,catalog-stable,normalizer-loss
FFF,UFU,rule-removal,normalizer-stable
FFF,UFU,rule-removal,normalizer-loss
FFF,UFU,rule-addition,normalizer-stable
FFF,UFU,rule-addition,normalizer-loss
FFF,UUT,catalog-stable,normalizer-stable
FFF,UUT,catalog-stable,normalizer-loss
FFF,UUT,rule-removal,normalizer-stable
FFF,UUT,rule-removal,normalizer-loss
FFF,UUT,rule-addition,normalizer-stable
FFF,UUT,rule-addition,normalizer-loss
FFF,UUF,catalog-stable,normalizer-stable
FFF,UUF,catalog-stable,normalizer-loss
FFF,UUF,rule-removal,normalizer-stable
FFF,UUF,rule-removal,normalizer-loss
FFF,UUF,rule-addition,normalizer-stable
FFF,UUF,rule-addition,normalizer-loss
FFF,UUU,catalog-stable,normalizer-stable
FFF,UUU,catalog-stable,normalizer-loss
FFF,UUU,rule-removal,normalizer-stable
FFF,UUU,rule-removal,normalizer-loss
FFF,UUU,rule-addition,normalizer-stable
FFF,UUU,rule-addition,normalizer-loss
FFU,TTT,catalog-stable,normalizer-stable
FFU,TTT,catalog-stable,normalizer-loss
FFU,TTT,rule-removal,normalizer-stable
FFU,TTT,rule-removal,normalizer-loss
FFU,TTT,rule-addition,normalizer-stable
FFU,TTT,rule-addition,normalizer-loss
FFU,TTF,catalog-stable,normalizer-stable
FFU,TTF,catalog-stable,normalizer-loss
FFU,TTF,rule-removal,normalizer-stable
FFU,TTF,rule-removal,normalizer-loss
FFU,TTF,rule-addition,normalizer-stable
FFU,TTF,rule-addition,normalizer-loss
FFU,TTU,catalog-stable,normalizer-stable
FFU,TTU,catalog-stable,normalizer-loss
FFU,TTU,rule-removal,normalizer-stable
FFU,TTU,rule-removal,normalizer-loss
FFU,TTU,rule-addition,normalizer-stable
FFU,TTU,rule-addition,normalizer-loss
FFU,TFT,catalog-stable,normalizer-stable
FFU,TFT,catalog-stable,normalizer-loss
FFU,TFT,rule-removal,normalizer-stable
FFU,TFT,rule-removal,normalizer-loss
FFU,TFT,rule-addition,normalizer-stable
FFU,TFT,rule-addition,normalizer-loss
FFU,TFF,catalog-stable,normalizer-stable
FFU,TFF,catalog-stable,normalizer-loss
FFU,TFF,rule-removal,normalizer-stable
FFU,TFF,rule-removal,normalizer-loss
FFU,TFF,rule-addition,normalizer-stable
FFU,TFF,rule-addition,normalizer-loss
FFU,TFU,catalog-stable,normalizer-stable
FFU,TFU,catalog-stable,normalizer-loss
FFU,TFU,rule-removal,normalizer-stable
FFU,TFU,rule-removal,normalizer-loss
FFU,TFU,rule-addition,normalizer-stable
FFU,TFU,rule-addition,normalizer-loss
FFU,TUT,catalog-stable,normalizer-stable
FFU,TUT,catalog-stable,normalizer-loss
FFU,TUT,rule-removal,normalizer-stable
FFU,TUT,rule-removal,normalizer-loss
FFU,TUT,rule-addition,normalizer-stable
FFU,TUT,rule-addition,normalizer-loss
FFU,TUF,catalog-stable,normalizer-stable
FFU,TUF,catalog-stable,normalizer-loss
FFU,TUF,rule-removal,normalizer-stable
FFU,TUF,rule-removal,normalizer-loss
FFU,TUF,rule-addition,normalizer-stable
FFU,TUF,rule-addition,normalizer-loss
FFU,TUU,catalog-stable,normalizer-stable
FFU,TUU,catalog-stable,normalizer-loss
FFU,TUU,rule-removal,normalizer-stable
FFU,TUU,rule-removal,normalizer-loss
FFU,TUU,rule-addition,normalizer-stable
FFU,TUU,rule-addition,normalizer-loss
FFU,FTT,catalog-stable,normalizer-stable
FFU,FTT,catalog-stable,normalizer-loss
FFU,FTT,rule-removal,normalizer-stable
FFU,FTT,rule-removal,normalizer-loss
FFU,FTT,rule-addition,normalizer-stable
FFU,FTT,rule-addition,normalizer-loss
FFU,FTF,catalog-stable,normalizer-stable
FFU,FTF,catalog-stable,normalizer-loss
FFU,FTF,rule-removal,normalizer-stable
FFU,FTF,rule-removal,normalizer-loss
FFU,FTF,rule-addition,normalizer-stable
FFU,FTF,rule-addition,normalizer-loss
FFU,FTU,catalog-stable,normalizer-stable
FFU,FTU,catalog-stable,normalizer-loss
FFU,FTU,rule-removal,normalizer-stable
FFU,FTU,rule-removal,normalizer-loss
FFU,FTU,rule-addition,normalizer-stable
FFU,FTU,rule-addition,normalizer-loss
FFU,FFT,catalog-stable,normalizer-stable
FFU,FFT,catalog-stable,normalizer-loss
FFU,FFT,rule-removal,normalizer-stable
FFU,FFT,rule-removal,normalizer-loss
FFU,FFT,rule-addition,normalizer-stable
FFU,FFT,rule-addition,normalizer-loss
FFU,FFF,catalog-stable,normalizer-stable
FFU,FFF,catalog-stable,normalizer-loss
FFU,FFF,rule-removal,normalizer-stable
FFU,FFF,rule-removal,normalizer-loss
FFU,FFF,rule-addition,normalizer-stable
FFU,FFF,rule-addition,normalizer-loss
FFU,FFU,catalog-stable,normalizer-stable
FFU,FFU,catalog-stable,normalizer-loss
FFU,FFU,rule-removal,normalizer-stable
FFU,FFU,rule-removal,normalizer-loss
FFU,FFU,rule-addition,normalizer-stable
FFU,FFU,rule-addition,normalizer-loss
FFU,FUT,catalog-stable,normalizer-stable
FFU,FUT,catalog-stable,normalizer-loss
FFU,FUT,rule-removal,normalizer-stable
FFU,FUT,rule-removal,normalizer-loss
FFU,FUT,rule-addition,normalizer-stable
FFU,FUT,rule-addition,normalizer-loss
FFU,FUF,catalog-stable,normalizer-stable
FFU,FUF,catalog-stable,normalizer-loss
FFU,FUF,rule-removal,normalizer-stable
FFU,FUF,rule-removal,normalizer-loss
FFU,FUF,rule-addition,normalizer-stable
FFU,FUF,rule-addition,normalizer-loss
FFU,FUU,catalog-stable,normalizer-stable
FFU,FUU,catalog-stable,normalizer-loss
FFU,FUU,rule-removal,normalizer-stable
FFU,FUU,rule-removal,normalizer-loss
FFU,FUU,rule-addition,normalizer-stable
FFU,FUU,rule-addition,normalizer-loss
FFU,UTT,catalog-stable,normalizer-stable
FFU,UTT,catalog-stable,normalizer-loss
FFU,UTT,rule-removal,normalizer-stable
FFU,UTT,rule-removal,normalizer-loss
FFU,UTT,rule-addition,normalizer-stable
FFU,UTT,rule-addition,normalizer-loss
FFU,UTF,catalog-stable,normalizer-stable
FFU,UTF,catalog-stable,normalizer-loss
FFU,UTF,rule-removal,normalizer-stable
FFU,UTF,rule-removal,normalizer-loss
FFU,UTF,rule-addition,normalizer-stable
FFU,UTF,rule-addition,normalizer-loss
FFU,UTU,catalog-stable,normalizer-stable
FFU,UTU,catalog-stable,normalizer-loss
FFU,UTU,rule-removal,normalizer-stable
FFU,UTU,rule-removal,normalizer-loss
FFU,UTU,rule-addition,normalizer-stable
FFU,UTU,rule-addition,normalizer-loss
FFU,UFT,catalog-stable,normalizer-stable
FFU,UFT,catalog-stable,normalizer-loss
FFU,UFT,rule-removal,normalizer-stable
FFU,UFT,rule-removal,normalizer-loss
FFU,UFT,rule-addition,normalizer-stable
FFU,UFT,rule-addition,normalizer-loss
FFU,UFF,catalog-stable,normalizer-stable
FFU,UFF,catalog-stable,normalizer-loss
FFU,UFF,rule-removal,normalizer-stable
FFU,UFF,rule-removal,normalizer-loss
FFU,UFF,rule-addition,normalizer-stable
FFU,UFF,rule-addition,normalizer-loss
FFU,UFU,catalog-stable,normalizer-stable
FFU,UFU,catalog-stable,normalizer-loss
FFU,UFU,rule-removal,normalizer-stable
FFU,UFU,rule-removal,normalizer-loss
FFU,UFU,rule-addition,normalizer-stable
FFU,UFU,rule-addition,normalizer-loss
FFU,UUT,catalog-stable,normalizer-stable
FFU,UUT,catalog-stable,normalizer-loss
FFU,UUT,rule-removal,normalizer-stable
FFU,UUT,rule-removal,normalizer-loss
FFU,UUT,rule-addition,normalizer-stable
FFU,UUT,rule-addition,normalizer-loss
FFU,UUF,catalog-stable,normalizer-stable
FFU,UUF,catalog-stable,normalizer-loss
FFU,UUF,rule-removal,normalizer-stable
FFU,UUF,rule-removal,normalizer-loss
FFU,UUF,rule-addition,normalizer-stable
FFU,UUF,rule-addition,normalizer-loss
FFU,UUU,catalog-stable,normalizer-stable
FFU,UUU,catalog-stable,normalizer-loss
FFU,UUU,rule-removal,normalizer-stable
FFU,UUU,rule-removal,normalizer-loss
FFU,UUU,rule-addition,normalizer-stable
FFU,UUU,rule-addition,normalizer-loss
FUT,TTT,catalog-stable,normalizer-stable
FUT,TTT,catalog-stable,normalizer-loss
FUT,TTT,rule-removal,normalizer-stable
FUT,TTT,rule-removal,normalizer-loss
FUT,TTT,rule-addition,normalizer-stable
FUT,TTT,rule-addition,normalizer-loss
FUT,TTF,catalog-stable,normalizer-stable
FUT,TTF,catalog-stable,normalizer-loss
FUT,TTF,rule-removal,normalizer-stable
FUT,TTF,rule-removal,normalizer-loss
FUT,TTF,rule-addition,normalizer-stable
FUT,TTF,rule-addition,normalizer-loss
FUT,TTU,catalog-stable,normalizer-stable
FUT,TTU,catalog-stable,normalizer-loss
FUT,TTU,rule-removal,normalizer-stable
FUT,TTU,rule-removal,normalizer-loss
FUT,TTU,rule-addition,normalizer-stable
FUT,TTU,rule-addition,normalizer-loss
FUT,TFT,catalog-stable,normalizer-stable
FUT,TFT,catalog-stable,normalizer-loss
FUT,TFT,rule-removal,normalizer-stable
FUT,TFT,rule-removal,normalizer-loss
FUT,TFT,rule-addition,normalizer-stable
FUT,TFT,rule-addition,normalizer-loss
FUT,TFF,catalog-stable,normalizer-stable
FUT,TFF,catalog-stable,normalizer-loss
FUT,TFF,rule-removal,normalizer-stable
FUT,TFF,rule-removal,normalizer-loss
FUT,TFF,rule-addition,normalizer-stable
FUT,TFF,rule-addition,normalizer-loss
FUT,TFU,catalog-stable,normalizer-stable
FUT,TFU,catalog-stable,normalizer-loss
FUT,TFU,rule-removal,normalizer-stable
FUT,TFU,rule-removal,normalizer-loss
FUT,TFU,rule-addition,normalizer-stable
FUT,TFU,rule-addition,normalizer-loss
FUT,TUT,catalog-stable,normalizer-stable
FUT,TUT,catalog-stable,normalizer-loss
FUT,TUT,rule-removal,normalizer-stable
FUT,TUT,rule-removal,normalizer-loss
FUT,TUT,rule-addition,normalizer-stable
FUT,TUT,rule-addition,normalizer-loss
FUT,TUF,catalog-stable,normalizer-stable
FUT,TUF,catalog-stable,normalizer-loss
FUT,TUF,rule-removal,normalizer-stable
FUT,TUF,rule-removal,normalizer-loss
FUT,TUF,rule-addition,normalizer-stable
FUT,TUF,rule-addition,normalizer-loss
FUT,TUU,catalog-stable,normalizer-stable
FUT,TUU,catalog-stable,normalizer-loss
FUT,TUU,rule-removal,normalizer-stable
FUT,TUU,rule-removal,normalizer-loss
FUT,TUU,rule-addition,normalizer-stable
FUT,TUU,rule-addition,normalizer-loss
FUT,FTT,catalog-stable,normalizer-stable
FUT,FTT,catalog-stable,normalizer-loss
FUT,FTT,rule-removal,normalizer-stable
FUT,FTT,rule-removal,normalizer-loss
FUT,FTT,rule-addition,normalizer-stable
FUT,FTT,rule-addition,normalizer-loss
FUT,FTF,catalog-stable,normalizer-stable
FUT,FTF,catalog-stable,normalizer-loss
FUT,FTF,rule-removal,normalizer-stable
FUT,FTF,rule-removal,normalizer-loss
FUT,FTF,rule-addition,normalizer-stable
FUT,FTF,rule-addition,normalizer-loss
FUT,FTU,catalog-stable,normalizer-stable
FUT,FTU,catalog-stable,normalizer-loss
FUT,FTU,rule-removal,normalizer-stable
FUT,FTU,rule-removal,normalizer-loss
FUT,FTU,rule-addition,normalizer-stable
FUT,FTU,rule-addition,normalizer-loss
FUT,FFT,catalog-stable,normalizer-stable
FUT,FFT,catalog-stable,normalizer-loss
FUT,FFT,rule-removal,normalizer-stable
FUT,FFT,rule-removal,normalizer-loss
FUT,FFT,rule-addition,normalizer-stable
FUT,FFT,rule-addition,normalizer-loss
FUT,FFF,catalog-stable,normalizer-stable
FUT,FFF,catalog-stable,normalizer-loss
FUT,FFF,rule-removal,normalizer-stable
FUT,FFF,rule-removal,normalizer-loss
FUT,FFF,rule-addition,normalizer-stable
FUT,FFF,rule-addition,normalizer-loss
FUT,FFU,catalog-stable,normalizer-stable
FUT,FFU,catalog-stable,normalizer-loss
FUT,FFU,rule-removal,normalizer-stable
FUT,FFU,rule-removal,normalizer-loss
FUT,FFU,rule-addition,normalizer-stable
FUT,FFU,rule-addition,normalizer-loss
FUT,FUT,catalog-stable,normalizer-stable
FUT,FUT,catalog-stable,normalizer-loss
FUT,FUT,rule-removal,normalizer-stable
FUT,FUT,rule-removal,normalizer-loss
FUT,FUT,rule-addition,normalizer-stable
FUT,FUT,rule-addition,normalizer-loss
FUT,FUF,catalog-stable,normalizer-stable
FUT,FUF,catalog-stable,normalizer-loss
FUT,FUF,rule-removal,normalizer-stable
FUT,FUF,rule-removal,normalizer-loss
FUT,FUF,rule-addition,normalizer-stable
FUT,FUF,rule-addition,normalizer-loss
FUT,FUU,catalog-stable,normalizer-stable
FUT,FUU,catalog-stable,normalizer-loss
FUT,FUU,rule-removal,normalizer-stable
FUT,FUU,rule-removal,normalizer-loss
FUT,FUU,rule-addition,normalizer-stable
FUT,FUU,rule-addition,normalizer-loss
FUT,UTT,catalog-stable,normalizer-stable
FUT,UTT,catalog-stable,normalizer-loss
FUT,UTT,rule-removal,normalizer-stable
FUT,UTT,rule-removal,normalizer-loss
FUT,UTT,rule-addition,normalizer-stable
FUT,UTT,rule-addition,normalizer-loss
FUT,UTF,catalog-stable,normalizer-stable
FUT,UTF,catalog-stable,normalizer-loss
FUT,UTF,rule-removal,normalizer-stable
FUT,UTF,rule-removal,normalizer-loss
FUT,UTF,rule-addition,normalizer-stable
FUT,UTF,rule-addition,normalizer-loss
FUT,UTU,catalog-stable,normalizer-stable
FUT,UTU,catalog-stable,normalizer-loss
FUT,UTU,rule-removal,normalizer-stable
FUT,UTU,rule-removal,normalizer-loss
FUT,UTU,rule-addition,normalizer-stable
FUT,UTU,rule-addition,normalizer-loss
FUT,UFT,catalog-stable,normalizer-stable
FUT,UFT,catalog-stable,normalizer-loss
FUT,UFT,rule-removal,normalizer-stable
FUT,UFT,rule-removal,normalizer-loss
FUT,UFT,rule-addition,normalizer-stable
FUT,UFT,rule-addition,normalizer-loss
FUT,UFF,catalog-stable,normalizer-stable
FUT,UFF,catalog-stable,normalizer-loss
FUT,UFF,rule-removal,normalizer-stable
FUT,UFF,rule-removal,normalizer-loss
FUT,UFF,rule-addition,normalizer-stable
FUT,UFF,rule-addition,normalizer-loss
FUT,UFU,catalog-stable,normalizer-stable
FUT,UFU,catalog-stable,normalizer-loss
FUT,UFU,rule-removal,normalizer-stable
FUT,UFU,rule-removal,normalizer-loss
FUT,UFU,rule-addition,normalizer-stable
FUT,UFU,rule-addition,normalizer-loss
FUT,UUT,catalog-stable,normalizer-stable
FUT,UUT,catalog-stable,normalizer-loss
FUT,UUT,rule-removal,normalizer-stable
FUT,UUT,rule-removal,normalizer-loss
FUT,UUT,rule-addition,normalizer-stable
FUT,UUT,rule-addition,normalizer-loss
FUT,UUF,catalog-stable,normalizer-stable
FUT,UUF,catalog-stable,normalizer-loss
FUT,UUF,rule-removal,normalizer-stable
FUT,UUF,rule-removal,normalizer-loss
FUT,UUF,rule-addition,normalizer-stable
FUT,UUF,rule-addition,normalizer-loss
FUT,UUU,catalog-stable,normalizer-stable
FUT,UUU,catalog-stable,normalizer-loss
FUT,UUU,rule-removal,normalizer-stable
FUT,UUU,rule-removal,normalizer-loss
FUT,UUU,rule-addition,normalizer-stable
FUT,UUU,rule-addition,normalizer-loss
FUF,TTT,catalog-stable,normalizer-stable
FUF,TTT,catalog-stable,normalizer-loss
FUF,TTT,rule-removal,normalizer-stable
FUF,TTT,rule-removal,normalizer-loss
FUF,TTT,rule-addition,normalizer-stable
FUF,TTT,rule-addition,normalizer-loss
FUF,TTF,catalog-stable,normalizer-stable
FUF,TTF,catalog-stable,normalizer-loss
FUF,TTF,rule-removal,normalizer-stable
FUF,TTF,rule-removal,normalizer-loss
FUF,TTF,rule-addition,normalizer-stable
FUF,TTF,rule-addition,normalizer-loss
FUF,TTU,catalog-stable,normalizer-stable
FUF,TTU,catalog-stable,normalizer-loss
FUF,TTU,rule-removal,normalizer-stable
FUF,TTU,rule-removal,normalizer-loss
FUF,TTU,rule-addition,normalizer-stable
FUF,TTU,rule-addition,normalizer-loss
FUF,TFT,catalog-stable,normalizer-stable
FUF,TFT,catalog-stable,normalizer-loss
FUF,TFT,rule-removal,normalizer-stable
FUF,TFT,rule-removal,normalizer-loss
FUF,TFT,rule-addition,normalizer-stable
FUF,TFT,rule-addition,normalizer-loss
FUF,TFF,catalog-stable,normalizer-stable
FUF,TFF,catalog-stable,normalizer-loss
FUF,TFF,rule-removal,normalizer-stable
FUF,TFF,rule-removal,normalizer-loss
FUF,TFF,rule-addition,normalizer-stable
FUF,TFF,rule-addition,normalizer-loss
FUF,TFU,catalog-stable,normalizer-stable
FUF,TFU,catalog-stable,normalizer-loss
FUF,TFU,rule-removal,normalizer-stable
FUF,TFU,rule-removal,normalizer-loss
FUF,TFU,rule-addition,normalizer-stable
FUF,TFU,rule-addition,normalizer-loss
FUF,TUT,catalog-stable,normalizer-stable
FUF,TUT,catalog-stable,normalizer-loss
FUF,TUT,rule-removal,normalizer-stable
FUF,TUT,rule-removal,normalizer-loss
FUF,TUT,rule-addition,normalizer-stable
FUF,TUT,rule-addition,normalizer-loss
FUF,TUF,catalog-stable,normalizer-stable
FUF,TUF,catalog-stable,normalizer-loss
FUF,TUF,rule-removal,normalizer-stable
FUF,TUF,rule-removal,normalizer-loss
FUF,TUF,rule-addition,normalizer-stable
FUF,TUF,rule-addition,normalizer-loss
FUF,TUU,catalog-stable,normalizer-stable
FUF,TUU,catalog-stable,normalizer-loss
FUF,TUU,rule-removal,normalizer-stable
FUF,TUU,rule-removal,normalizer-loss
FUF,TUU,rule-addition,normalizer-stable
FUF,TUU,rule-addition,normalizer-loss
FUF,FTT,catalog-stable,normalizer-stable
FUF,FTT,catalog-stable,normalizer-loss
FUF,FTT,rule-removal,normalizer-stable
FUF,FTT,rule-removal,normalizer-loss
FUF,FTT,rule-addition,normalizer-stable
FUF,FTT,rule-addition,normalizer-loss
FUF,FTF,catalog-stable,normalizer-stable
FUF,FTF,catalog-stable,normalizer-loss
FUF,FTF,rule-removal,normalizer-stable
FUF,FTF,rule-removal,normalizer-loss
FUF,FTF,rule-addition,normalizer-stable
FUF,FTF,rule-addition,normalizer-loss
FUF,FTU,catalog-stable,normalizer-stable
FUF,FTU,catalog-stable,normalizer-loss
FUF,FTU,rule-removal,normalizer-stable
FUF,FTU,rule-removal,normalizer-loss
FUF,FTU,rule-addition,normalizer-stable
FUF,FTU,rule-addition,normalizer-loss
FUF,FFT,catalog-stable,normalizer-stable
FUF,FFT,catalog-stable,normalizer-loss
FUF,FFT,rule-removal,normalizer-stable
FUF,FFT,rule-removal,normalizer-loss
FUF,FFT,rule-addition,normalizer-stable
FUF,FFT,rule-addition,normalizer-loss
FUF,FFF,catalog-stable,normalizer-stable
FUF,FFF,catalog-stable,normalizer-loss
FUF,FFF,rule-removal,normalizer-stable
FUF,FFF,rule-removal,normalizer-loss
FUF,FFF,rule-addition,normalizer-stable
FUF,FFF,rule-addition,normalizer-loss
FUF,FFU,catalog-stable,normalizer-stable
FUF,FFU,catalog-stable,normalizer-loss
FUF,FFU,rule-removal,normalizer-stable
FUF,FFU,rule-removal,normalizer-loss
FUF,FFU,rule-addition,normalizer-stable
FUF,FFU,rule-addition,normalizer-loss
FUF,FUT,catalog-stable,normalizer-stable
FUF,FUT,catalog-stable,normalizer-loss
FUF,FUT,rule-removal,normalizer-stable
FUF,FUT,rule-removal,normalizer-loss
FUF,FUT,rule-addition,normalizer-stable
FUF,FUT,rule-addition,normalizer-loss
FUF,FUF,catalog-stable,normalizer-stable
FUF,FUF,catalog-stable,normalizer-loss
FUF,FUF,rule-removal,normalizer-stable
FUF,FUF,rule-removal,normalizer-loss
FUF,FUF,rule-addition,normalizer-stable
FUF,FUF,rule-addition,normalizer-loss
FUF,FUU,catalog-stable,normalizer-stable
FUF,FUU,catalog-stable,normalizer-loss
FUF,FUU,rule-removal,normalizer-stable
FUF,FUU,rule-removal,normalizer-loss
FUF,FUU,rule-addition,normalizer-stable
FUF,FUU,rule-addition,normalizer-loss
FUF,UTT,catalog-stable,normalizer-stable
FUF,UTT,catalog-stable,normalizer-loss
FUF,UTT,rule-removal,normalizer-stable
FUF,UTT,rule-removal,normalizer-loss
FUF,UTT,rule-addition,normalizer-stable
FUF,UTT,rule-addition,normalizer-loss
FUF,UTF,catalog-stable,normalizer-stable
FUF,UTF,catalog-stable,normalizer-loss
FUF,UTF,rule-removal,normalizer-stable
FUF,UTF,rule-removal,normalizer-loss
FUF,UTF,rule-addition,normalizer-stable
FUF,UTF,rule-addition,normalizer-loss
FUF,UTU,catalog-stable,normalizer-stable
FUF,UTU,catalog-stable,normalizer-loss
FUF,UTU,rule-removal,normalizer-stable
FUF,UTU,rule-removal,normalizer-loss
FUF,UTU,rule-addition,normalizer-stable
FUF,UTU,rule-addition,normalizer-loss
FUF,UFT,catalog-stable,normalizer-stable
FUF,UFT,catalog-stable,normalizer-loss
FUF,UFT,rule-removal,normalizer-stable
FUF,UFT,rule-removal,normalizer-loss
FUF,UFT,rule-addition,normalizer-stable
FUF,UFT,rule-addition,normalizer-loss
FUF,UFF,catalog-stable,normalizer-stable
FUF,UFF,catalog-stable,normalizer-loss
FUF,UFF,rule-removal,normalizer-stable
FUF,UFF,rule-removal,normalizer-loss
FUF,UFF,rule-addition,normalizer-stable
FUF,UFF,rule-addition,normalizer-loss
FUF,UFU,catalog-stable,normalizer-stable
FUF,UFU,catalog-stable,normalizer-loss
FUF,UFU,rule-removal,normalizer-stable
FUF,UFU,rule-removal,normalizer-loss
FUF,UFU,rule-addition,normalizer-stable
FUF,UFU,rule-addition,normalizer-loss
FUF,UUT,catalog-stable,normalizer-stable
FUF,UUT,catalog-stable,normalizer-loss
FUF,UUT,rule-removal,normalizer-stable
FUF,UUT,rule-removal,normalizer-loss
FUF,UUT,rule-addition,normalizer-stable
FUF,UUT,rule-addition,normalizer-loss
FUF,UUF,catalog-stable,normalizer-stable
FUF,UUF,catalog-stable,normalizer-loss
FUF,UUF,rule-removal,normalizer-stable
FUF,UUF,rule-removal,normalizer-loss
FUF,UUF,rule-addition,normalizer-stable
FUF,UUF,rule-addition,normalizer-loss
FUF,UUU,catalog-stable,normalizer-stable
FUF,UUU,catalog-stable,normalizer-loss
FUF,UUU,rule-removal,normalizer-stable
FUF,UUU,rule-removal,normalizer-loss
FUF,UUU,rule-addition,normalizer-stable
FUF,UUU,rule-addition,normalizer-loss
FUU,TTT,catalog-stable,normalizer-stable
FUU,TTT,catalog-stable,normalizer-loss
FUU,TTT,rule-removal,normalizer-stable
FUU,TTT,rule-removal,normalizer-loss
FUU,TTT,rule-addition,normalizer-stable
FUU,TTT,rule-addition,normalizer-loss
FUU,TTF,catalog-stable,normalizer-stable
FUU,TTF,catalog-stable,normalizer-loss
FUU,TTF,rule-removal,normalizer-stable
FUU,TTF,rule-removal,normalizer-loss
FUU,TTF,rule-addition,normalizer-stable
FUU,TTF,rule-addition,normalizer-loss
FUU,TTU,catalog-stable,normalizer-stable
FUU,TTU,catalog-stable,normalizer-loss
FUU,TTU,rule-removal,normalizer-stable
FUU,TTU,rule-removal,normalizer-loss
FUU,TTU,rule-addition,normalizer-stable
FUU,TTU,rule-addition,normalizer-loss
FUU,TFT,catalog-stable,normalizer-stable
FUU,TFT,catalog-stable,normalizer-loss
FUU,TFT,rule-removal,normalizer-stable
FUU,TFT,rule-removal,normalizer-loss
FUU,TFT,rule-addition,normalizer-stable
FUU,TFT,rule-addition,normalizer-loss
FUU,TFF,catalog-stable,normalizer-stable
FUU,TFF,catalog-stable,normalizer-loss
FUU,TFF,rule-removal,normalizer-stable
FUU,TFF,rule-removal,normalizer-loss
FUU,TFF,rule-addition,normalizer-stable
FUU,TFF,rule-addition,normalizer-loss
FUU,TFU,catalog-stable,normalizer-stable
FUU,TFU,catalog-stable,normalizer-loss
FUU,TFU,rule-removal,normalizer-stable
FUU,TFU,rule-removal,normalizer-loss
FUU,TFU,rule-addition,normalizer-stable
FUU,TFU,rule-addition,normalizer-loss
FUU,TUT,catalog-stable,normalizer-stable
FUU,TUT,catalog-stable,normalizer-loss
FUU,TUT,rule-removal,normalizer-stable
FUU,TUT,rule-removal,normalizer-loss
FUU,TUT,rule-addition,normalizer-stable
FUU,TUT,rule-addition,normalizer-loss
FUU,TUF,catalog-stable,normalizer-stable
FUU,TUF,catalog-stable,normalizer-loss
FUU,TUF,rule-removal,normalizer-stable
FUU,TUF,rule-removal,normalizer-loss
FUU,TUF,rule-addition,normalizer-stable
FUU,TUF,rule-addition,normalizer-loss
FUU,TUU,catalog-stable,normalizer-stable
FUU,TUU,catalog-stable,normalizer-loss
FUU,TUU,rule-removal,normalizer-stable
FUU,TUU,rule-removal,normalizer-loss
FUU,TUU,rule-addition,normalizer-stable
FUU,TUU,rule-addition,normalizer-loss
FUU,FTT,catalog-stable,normalizer-stable
FUU,FTT,catalog-stable,normalizer-loss
FUU,FTT,rule-removal,normalizer-stable
FUU,FTT,rule-removal,normalizer-loss
FUU,FTT,rule-addition,normalizer-stable
FUU,FTT,rule-addition,normalizer-loss
FUU,FTF,catalog-stable,normalizer-stable
FUU,FTF,catalog-stable,normalizer-loss
FUU,FTF,rule-removal,normalizer-stable
FUU,FTF,rule-removal,normalizer-loss
FUU,FTF,rule-addition,normalizer-stable
FUU,FTF,rule-addition,normalizer-loss
FUU,FTU,catalog-stable,normalizer-stable
FUU,FTU,catalog-stable,normalizer-loss
FUU,FTU,rule-removal,normalizer-stable
FUU,FTU,rule-removal,normalizer-loss
FUU,FTU,rule-addition,normalizer-stable
FUU,FTU,rule-addition,normalizer-loss
FUU,FFT,catalog-stable,normalizer-stable
FUU,FFT,catalog-stable,normalizer-loss
FUU,FFT,rule-removal,normalizer-stable
FUU,FFT,rule-removal,normalizer-loss
FUU,FFT,rule-addition,normalizer-stable
FUU,FFT,rule-addition,normalizer-loss
FUU,FFF,catalog-stable,normalizer-stable
FUU,FFF,catalog-stable,normalizer-loss
FUU,FFF,rule-removal,normalizer-stable
FUU,FFF,rule-removal,normalizer-loss
FUU,FFF,rule-addition,normalizer-stable
FUU,FFF,rule-addition,normalizer-loss
FUU,FFU,catalog-stable,normalizer-stable
FUU,FFU,catalog-stable,normalizer-loss
FUU,FFU,rule-removal,normalizer-stable
FUU,FFU,rule-removal,normalizer-loss
FUU,FFU,rule-addition,normalizer-stable
FUU,FFU,rule-addition,normalizer-loss
FUU,FUT,catalog-stable,normalizer-stable
FUU,FUT,catalog-stable,normalizer-loss
FUU,FUT,rule-removal,normalizer-stable
FUU,FUT,rule-removal,normalizer-loss
FUU,FUT,rule-addition,normalizer-stable
FUU,FUT,rule-addition,normalizer-loss
FUU,FUF,catalog-stable,normalizer-stable
FUU,FUF,catalog-stable,normalizer-loss
FUU,FUF,rule-removal,normalizer-stable
FUU,FUF,rule-removal,normalizer-loss
FUU,FUF,rule-addition,normalizer-stable
FUU,FUF,rule-addition,normalizer-loss
FUU,FUU,catalog-stable,normalizer-stable
FUU,FUU,catalog-stable,normalizer-loss
FUU,FUU,rule-removal,normalizer-stable
FUU,FUU,rule-removal,normalizer-loss
FUU,FUU,rule-addition,normalizer-stable
FUU,FUU,rule-addition,normalizer-loss
FUU,UTT,catalog-stable,normalizer-stable
FUU,UTT,catalog-stable,normalizer-loss
FUU,UTT,rule-removal,normalizer-stable
FUU,UTT,rule-removal,normalizer-loss
FUU,UTT,rule-addition,normalizer-stable
FUU,UTT,rule-addition,normalizer-loss
FUU,UTF,catalog-stable,normalizer-stable
FUU,UTF,catalog-stable,normalizer-loss
FUU,UTF,rule-removal,normalizer-stable
FUU,UTF,rule-removal,normalizer-loss
FUU,UTF,rule-addition,normalizer-stable
FUU,UTF,rule-addition,normalizer-loss
FUU,UTU,catalog-stable,normalizer-stable
FUU,UTU,catalog-stable,normalizer-loss
FUU,UTU,rule-removal,normalizer-stable
FUU,UTU,rule-removal,normalizer-loss
FUU,UTU,rule-addition,normalizer-stable
FUU,UTU,rule-addition,normalizer-loss
FUU,UFT,catalog-stable,normalizer-stable
FUU,UFT,catalog-stable,normalizer-loss
FUU,UFT,rule-removal,normalizer-stable
FUU,UFT,rule-removal,normalizer-loss
FUU,UFT,rule-addition,normalizer-stable
FUU,UFT,rule-addition,normalizer-loss
FUU,UFF,catalog-stable,normalizer-stable
FUU,UFF,catalog-stable,normalizer-loss
FUU,UFF,rule-removal,normalizer-stable
FUU,UFF,rule-removal,normalizer-loss
FUU,UFF,rule-addition,normalizer-stable
FUU,UFF,rule-addition,normalizer-loss
FUU,UFU,catalog-stable,normalizer-stable
FUU,UFU,catalog-stable,normalizer-loss
FUU,UFU,rule-removal,normalizer-stable
FUU,UFU,rule-removal,normalizer-loss
FUU,UFU,rule-addition,normalizer-stable
FUU,UFU,rule-addition,normalizer-loss
FUU,UUT,catalog-stable,normalizer-stable
FUU,UUT,catalog-stable,normalizer-loss
FUU,UUT,rule-removal,normalizer-stable
FUU,UUT,rule-removal,normalizer-loss
FUU,UUT,rule-addition,normalizer-stable
FUU,UUT,rule-addition,normalizer-loss
FUU,UUF,catalog-stable,normalizer-stable
FUU,UUF,catalog-stable,normalizer-loss
FUU,UUF,rule-removal,normalizer-stable
FUU,UUF,rule-removal,normalizer-loss
FUU,UUF,rule-addition,normalizer-stable
FUU,UUF,rule-addition,normalizer-loss
FUU,UUU,catalog-stable,normalizer-stable
FUU,UUU,catalog-stable,normalizer-loss
FUU,UUU,rule-removal,normalizer-stable
FUU,UUU,rule-removal,normalizer-loss
FUU,UUU,rule-addition,normalizer-stable
FUU,UUU,rule-addition,normalizer-loss
UTT,TTT,catalog-stable,normalizer-stable
UTT,TTT,catalog-stable,normalizer-loss
UTT,TTT,rule-removal,normalizer-stable
UTT,TTT,rule-removal,normalizer-loss
UTT,TTT,rule-addition,normalizer-stable
UTT,TTT,rule-addition,normalizer-loss
UTT,TTF,catalog-stable,normalizer-stable
UTT,TTF,catalog-stable,normalizer-loss
UTT,TTF,rule-removal,normalizer-stable
UTT,TTF,rule-removal,normalizer-loss
UTT,TTF,rule-addition,normalizer-stable
UTT,TTF,rule-addition,normalizer-loss
UTT,TTU,catalog-stable,normalizer-stable
UTT,TTU,catalog-stable,normalizer-loss
UTT,TTU,rule-removal,normalizer-stable
UTT,TTU,rule-removal,normalizer-loss
UTT,TTU,rule-addition,normalizer-stable
UTT,TTU,rule-addition,normalizer-loss
UTT,TFT,catalog-stable,normalizer-stable
UTT,TFT,catalog-stable,normalizer-loss
UTT,TFT,rule-removal,normalizer-stable
UTT,TFT,rule-removal,normalizer-loss
UTT,TFT,rule-addition,normalizer-stable
UTT,TFT,rule-addition,normalizer-loss
UTT,TFF,catalog-stable,normalizer-stable
UTT,TFF,catalog-stable,normalizer-loss
UTT,TFF,rule-removal,normalizer-stable
UTT,TFF,rule-removal,normalizer-loss
UTT,TFF,rule-addition,normalizer-stable
UTT,TFF,rule-addition,normalizer-loss
UTT,TFU,catalog-stable,normalizer-stable
UTT,TFU,catalog-stable,normalizer-loss
UTT,TFU,rule-removal,normalizer-stable
UTT,TFU,rule-removal,normalizer-loss
UTT,TFU,rule-addition,normalizer-stable
UTT,TFU,rule-addition,normalizer-loss
UTT,TUT,catalog-stable,normalizer-stable
UTT,TUT,catalog-stable,normalizer-loss
UTT,TUT,rule-removal,normalizer-stable
UTT,TUT,rule-removal,normalizer-loss
UTT,TUT,rule-addition,normalizer-stable
UTT,TUT,rule-addition,normalizer-loss
UTT,TUF,catalog-stable,normalizer-stable
UTT,TUF,catalog-stable,normalizer-loss
UTT,TUF,rule-removal,normalizer-stable
UTT,TUF,rule-removal,normalizer-loss
UTT,TUF,rule-addition,normalizer-stable
UTT,TUF,rule-addition,normalizer-loss
UTT,TUU,catalog-stable,normalizer-stable
UTT,TUU,catalog-stable,normalizer-loss
UTT,TUU,rule-removal,normalizer-stable
UTT,TUU,rule-removal,normalizer-loss
UTT,TUU,rule-addition,normalizer-stable
UTT,TUU,rule-addition,normalizer-loss
UTT,FTT,catalog-stable,normalizer-stable
UTT,FTT,catalog-stable,normalizer-loss
UTT,FTT,rule-removal,normalizer-stable
UTT,FTT,rule-removal,normalizer-loss
UTT,FTT,rule-addition,normalizer-stable
UTT,FTT,rule-addition,normalizer-loss
UTT,FTF,catalog-stable,normalizer-stable
UTT,FTF,catalog-stable,normalizer-loss
UTT,FTF,rule-removal,normalizer-stable
UTT,FTF,rule-removal,normalizer-loss
UTT,FTF,rule-addition,normalizer-stable
UTT,FTF,rule-addition,normalizer-loss
UTT,FTU,catalog-stable,normalizer-stable
UTT,FTU,catalog-stable,normalizer-loss
UTT,FTU,rule-removal,normalizer-stable
UTT,FTU,rule-removal,normalizer-loss
UTT,FTU,rule-addition,normalizer-stable
UTT,FTU,rule-addition,normalizer-loss
UTT,FFT,catalog-stable,normalizer-stable
UTT,FFT,catalog-stable,normalizer-loss
UTT,FFT,rule-removal,normalizer-stable
UTT,FFT,rule-removal,normalizer-loss
UTT,FFT,rule-addition,normalizer-stable
UTT,FFT,rule-addition,normalizer-loss
UTT,FFF,catalog-stable,normalizer-stable
UTT,FFF,catalog-stable,normalizer-loss
UTT,FFF,rule-removal,normalizer-stable
UTT,FFF,rule-removal,normalizer-loss
UTT,FFF,rule-addition,normalizer-stable
UTT,FFF,rule-addition,normalizer-loss
UTT,FFU,catalog-stable,normalizer-stable
UTT,FFU,catalog-stable,normalizer-loss
UTT,FFU,rule-removal,normalizer-stable
UTT,FFU,rule-removal,normalizer-loss
UTT,FFU,rule-addition,normalizer-stable
UTT,FFU,rule-addition,normalizer-loss
UTT,FUT,catalog-stable,normalizer-stable
UTT,FUT,catalog-stable,normalizer-loss
UTT,FUT,rule-removal,normalizer-stable
UTT,FUT,rule-removal,normalizer-loss
UTT,FUT,rule-addition,normalizer-stable
UTT,FUT,rule-addition,normalizer-loss
UTT,FUF,catalog-stable,normalizer-stable
UTT,FUF,catalog-stable,normalizer-loss
UTT,FUF,rule-removal,normalizer-stable
UTT,FUF,rule-removal,normalizer-loss
UTT,FUF,rule-addition,normalizer-stable
UTT,FUF,rule-addition,normalizer-loss
UTT,FUU,catalog-stable,normalizer-stable
UTT,FUU,catalog-stable,normalizer-loss
UTT,FUU,rule-removal,normalizer-stable
UTT,FUU,rule-removal,normalizer-loss
UTT,FUU,rule-addition,normalizer-stable
UTT,FUU,rule-addition,normalizer-loss
UTT,UTT,catalog-stable,normalizer-stable
UTT,UTT,catalog-stable,normalizer-loss
UTT,UTT,rule-removal,normalizer-stable
UTT,UTT,rule-removal,normalizer-loss
UTT,UTT,rule-addition,normalizer-stable
UTT,UTT,rule-addition,normalizer-loss
UTT,UTF,catalog-stable,normalizer-stable
UTT,UTF,catalog-stable,normalizer-loss
UTT,UTF,rule-removal,normalizer-stable
UTT,UTF,rule-removal,normalizer-loss
UTT,UTF,rule-addition,normalizer-stable
UTT,UTF,rule-addition,normalizer-loss
UTT,UTU,catalog-stable,normalizer-stable
UTT,UTU,catalog-stable,normalizer-loss
UTT,UTU,rule-removal,normalizer-stable
UTT,UTU,rule-removal,normalizer-loss
UTT,UTU,rule-addition,normalizer-stable
UTT,UTU,rule-addition,normalizer-loss
UTT,UFT,catalog-stable,normalizer-stable
UTT,UFT,catalog-stable,normalizer-loss
UTT,UFT,rule-removal,normalizer-stable
UTT,UFT,rule-removal,normalizer-loss
UTT,UFT,rule-addition,normalizer-stable
UTT,UFT,rule-addition,normalizer-loss
UTT,UFF,catalog-stable,normalizer-stable
UTT,UFF,catalog-stable,normalizer-loss
UTT,UFF,rule-removal,normalizer-stable
UTT,UFF,rule-removal,normalizer-loss
UTT,UFF,rule-addition,normalizer-stable
UTT,UFF,rule-addition,normalizer-loss
UTT,UFU,catalog-stable,normalizer-stable
UTT,UFU,catalog-stable,normalizer-loss
UTT,UFU,rule-removal,normalizer-stable
UTT,UFU,rule-removal,normalizer-loss
UTT,UFU,rule-addition,normalizer-stable
UTT,UFU,rule-addition,normalizer-loss
UTT,UUT,catalog-stable,normalizer-stable
UTT,UUT,catalog-stable,normalizer-loss
UTT,UUT,rule-removal,normalizer-stable
UTT,UUT,rule-removal,normalizer-loss
UTT,UUT,rule-addition,normalizer-stable
UTT,UUT,rule-addition,normalizer-loss
UTT,UUF,catalog-stable,normalizer-stable
UTT,UUF,catalog-stable,normalizer-loss
UTT,UUF,rule-removal,normalizer-stable
UTT,UUF,rule-removal,normalizer-loss
UTT,UUF,rule-addition,normalizer-stable
UTT,UUF,rule-addition,normalizer-loss
UTT,UUU,catalog-stable,normalizer-stable
UTT,UUU,catalog-stable,normalizer-loss
UTT,UUU,rule-removal,normalizer-stable
UTT,UUU,rule-removal,normalizer-loss
UTT,UUU,rule-addition,normalizer-stable
UTT,UUU,rule-addition,normalizer-loss
UTF,TTT,catalog-stable,normalizer-stable
UTF,TTT,catalog-stable,normalizer-loss
UTF,TTT,rule-removal,normalizer-stable
UTF,TTT,rule-removal,normalizer-loss
UTF,TTT,rule-addition,normalizer-stable
UTF,TTT,rule-addition,normalizer-loss
UTF,TTF,catalog-stable,normalizer-stable
UTF,TTF,catalog-stable,normalizer-loss
UTF,TTF,rule-removal,normalizer-stable
UTF,TTF,rule-removal,normalizer-loss
UTF,TTF,rule-addition,normalizer-stable
UTF,TTF,rule-addition,normalizer-loss
UTF,TTU,catalog-stable,normalizer-stable
UTF,TTU,catalog-stable,normalizer-loss
UTF,TTU,rule-removal,normalizer-stable
UTF,TTU,rule-removal,normalizer-loss
UTF,TTU,rule-addition,normalizer-stable
UTF,TTU,rule-addition,normalizer-loss
UTF,TFT,catalog-stable,normalizer-stable
UTF,TFT,catalog-stable,normalizer-loss
UTF,TFT,rule-removal,normalizer-stable
UTF,TFT,rule-removal,normalizer-loss
UTF,TFT,rule-addition,normalizer-stable
UTF,TFT,rule-addition,normalizer-loss
UTF,TFF,catalog-stable,normalizer-stable
UTF,TFF,catalog-stable,normalizer-loss
UTF,TFF,rule-removal,normalizer-stable
UTF,TFF,rule-removal,normalizer-loss
UTF,TFF,rule-addition,normalizer-stable
UTF,TFF,rule-addition,normalizer-loss
UTF,TFU,catalog-stable,normalizer-stable
UTF,TFU,catalog-stable,normalizer-loss
UTF,TFU,rule-removal,normalizer-stable
UTF,TFU,rule-removal,normalizer-loss
UTF,TFU,rule-addition,normalizer-stable
UTF,TFU,rule-addition,normalizer-loss
UTF,TUT,catalog-stable,normalizer-stable
UTF,TUT,catalog-stable,normalizer-loss
UTF,TUT,rule-removal,normalizer-stable
UTF,TUT,rule-removal,normalizer-loss
UTF,TUT,rule-addition,normalizer-stable
UTF,TUT,rule-addition,normalizer-loss
UTF,TUF,catalog-stable,normalizer-stable
UTF,TUF,catalog-stable,normalizer-loss
UTF,TUF,rule-removal,normalizer-stable
UTF,TUF,rule-removal,normalizer-loss
UTF,TUF,rule-addition,normalizer-stable
UTF,TUF,rule-addition,normalizer-loss
UTF,TUU,catalog-stable,normalizer-stable
UTF,TUU,catalog-stable,normalizer-loss
UTF,TUU,rule-removal,normalizer-stable
UTF,TUU,rule-removal,normalizer-loss
UTF,TUU,rule-addition,normalizer-stable
UTF,TUU,rule-addition,normalizer-loss
UTF,FTT,catalog-stable,normalizer-stable
UTF,FTT,catalog-stable,normalizer-loss
UTF,FTT,rule-removal,normalizer-stable
UTF,FTT,rule-removal,normalizer-loss
UTF,FTT,rule-addition,normalizer-stable
UTF,FTT,rule-addition,normalizer-loss
UTF,FTF,catalog-stable,normalizer-stable
UTF,FTF,catalog-stable,normalizer-loss
UTF,FTF,rule-removal,normalizer-stable
UTF,FTF,rule-removal,normalizer-loss
UTF,FTF,rule-addition,normalizer-stable
UTF,FTF,rule-addition,normalizer-loss
UTF,FTU,catalog-stable,normalizer-stable
UTF,FTU,catalog-stable,normalizer-loss
UTF,FTU,rule-removal,normalizer-stable
UTF,FTU,rule-removal,normalizer-loss
UTF,FTU,rule-addition,normalizer-stable
UTF,FTU,rule-addition,normalizer-loss
UTF,FFT,catalog-stable,normalizer-stable
UTF,FFT,catalog-stable,normalizer-loss
UTF,FFT,rule-removal,normalizer-stable
UTF,FFT,rule-removal,normalizer-loss
UTF,FFT,rule-addition,normalizer-stable
UTF,FFT,rule-addition,normalizer-loss
UTF,FFF,catalog-stable,normalizer-stable
UTF,FFF,catalog-stable,normalizer-loss
UTF,FFF,rule-removal,normalizer-stable
UTF,FFF,rule-removal,normalizer-loss
UTF,FFF,rule-addition,normalizer-stable
UTF,FFF,rule-addition,normalizer-loss
UTF,FFU,catalog-stable,normalizer-stable
UTF,FFU,catalog-stable,normalizer-loss
UTF,FFU,rule-removal,normalizer-stable
UTF,FFU,rule-removal,normalizer-loss
UTF,FFU,rule-addition,normalizer-stable
UTF,FFU,rule-addition,normalizer-loss
UTF,FUT,catalog-stable,normalizer-stable
UTF,FUT,catalog-stable,normalizer-loss
UTF,FUT,rule-removal,normalizer-stable
UTF,FUT,rule-removal,normalizer-loss
UTF,FUT,rule-addition,normalizer-stable
UTF,FUT,rule-addition,normalizer-loss
UTF,FUF,catalog-stable,normalizer-stable
UTF,FUF,catalog-stable,normalizer-loss
UTF,FUF,rule-removal,normalizer-stable
UTF,FUF,rule-removal,normalizer-loss
UTF,FUF,rule-addition,normalizer-stable
UTF,FUF,rule-addition,normalizer-loss
UTF,FUU,catalog-stable,normalizer-stable
UTF,FUU,catalog-stable,normalizer-loss
UTF,FUU,rule-removal,normalizer-stable
UTF,FUU,rule-removal,normalizer-loss
UTF,FUU,rule-addition,normalizer-stable
UTF,FUU,rule-addition,normalizer-loss
UTF,UTT,catalog-stable,normalizer-stable
UTF,UTT,catalog-stable,normalizer-loss
UTF,UTT,rule-removal,normalizer-stable
UTF,UTT,rule-removal,normalizer-loss
UTF,UTT,rule-addition,normalizer-stable
UTF,UTT,rule-addition,normalizer-loss
UTF,UTF,catalog-stable,normalizer-stable
UTF,UTF,catalog-stable,normalizer-loss
UTF,UTF,rule-removal,normalizer-stable
UTF,UTF,rule-removal,normalizer-loss
UTF,UTF,rule-addition,normalizer-stable
UTF,UTF,rule-addition,normalizer-loss
UTF,UTU,catalog-stable,normalizer-stable
UTF,UTU,catalog-stable,normalizer-loss
UTF,UTU,rule-removal,normalizer-stable
UTF,UTU,rule-removal,normalizer-loss
UTF,UTU,rule-addition,normalizer-stable
UTF,UTU,rule-addition,normalizer-loss
UTF,UFT,catalog-stable,normalizer-stable
UTF,UFT,catalog-stable,normalizer-loss
UTF,UFT,rule-removal,normalizer-stable
UTF,UFT,rule-removal,normalizer-loss
UTF,UFT,rule-addition,normalizer-stable
UTF,UFT,rule-addition,normalizer-loss
UTF,UFF,catalog-stable,normalizer-stable
UTF,UFF,catalog-stable,normalizer-loss
UTF,UFF,rule-removal,normalizer-stable
UTF,UFF,rule-removal,normalizer-loss
UTF,UFF,rule-addition,normalizer-stable
UTF,UFF,rule-addition,normalizer-loss
UTF,UFU,catalog-stable,normalizer-stable
UTF,UFU,catalog-stable,normalizer-loss
UTF,UFU,rule-removal,normalizer-stable
UTF,UFU,rule-removal,normalizer-loss
UTF,UFU,rule-addition,normalizer-stable
UTF,UFU,rule-addition,normalizer-loss
UTF,UUT,catalog-stable,normalizer-stable
UTF,UUT,catalog-stable,normalizer-loss
UTF,UUT,rule-removal,normalizer-stable
UTF,UUT,rule-removal,normalizer-loss
UTF,UUT,rule-addition,normalizer-stable
UTF,UUT,rule-addition,normalizer-loss
UTF,UUF,catalog-stable,normalizer-stable
UTF,UUF,catalog-stable,normalizer-loss
UTF,UUF,rule-removal,normalizer-stable
UTF,UUF,rule-removal,normalizer-loss
UTF,UUF,rule-addition,normalizer-stable
UTF,UUF,rule-addition,normalizer-loss
UTF,UUU,catalog-stable,normalizer-stable
UTF,UUU,catalog-stable,normalizer-loss
UTF,UUU,rule-removal,normalizer-stable
UTF,UUU,rule-removal,normalizer-loss
UTF,UUU,rule-addition,normalizer-stable
UTF,UUU,rule-addition,normalizer-loss
UTU,TTT,catalog-stable,normalizer-stable
UTU,TTT,catalog-stable,normalizer-loss
UTU,TTT,rule-removal,normalizer-stable
UTU,TTT,rule-removal,normalizer-loss
UTU,TTT,rule-addition,normalizer-stable
UTU,TTT,rule-addition,normalizer-loss
UTU,TTF,catalog-stable,normalizer-stable
UTU,TTF,catalog-stable,normalizer-loss
UTU,TTF,rule-removal,normalizer-stable
UTU,TTF,rule-removal,normalizer-loss
UTU,TTF,rule-addition,normalizer-stable
UTU,TTF,rule-addition,normalizer-loss
UTU,TTU,catalog-stable,normalizer-stable
UTU,TTU,catalog-stable,normalizer-loss
UTU,TTU,rule-removal,normalizer-stable
UTU,TTU,rule-removal,normalizer-loss
UTU,TTU,rule-addition,normalizer-stable
UTU,TTU,rule-addition,normalizer-loss
UTU,TFT,catalog-stable,normalizer-stable
UTU,TFT,catalog-stable,normalizer-loss
UTU,TFT,rule-removal,normalizer-stable
UTU,TFT,rule-removal,normalizer-loss
UTU,TFT,rule-addition,normalizer-stable
UTU,TFT,rule-addition,normalizer-loss
UTU,TFF,catalog-stable,normalizer-stable
UTU,TFF,catalog-stable,normalizer-loss
UTU,TFF,rule-removal,normalizer-stable
UTU,TFF,rule-removal,normalizer-loss
UTU,TFF,rule-addition,normalizer-stable
UTU,TFF,rule-addition,normalizer-loss
UTU,TFU,catalog-stable,normalizer-stable
UTU,TFU,catalog-stable,normalizer-loss
UTU,TFU,rule-removal,normalizer-stable
UTU,TFU,rule-removal,normalizer-loss
UTU,TFU,rule-addition,normalizer-stable
UTU,TFU,rule-addition,normalizer-loss
UTU,TUT,catalog-stable,normalizer-stable
UTU,TUT,catalog-stable,normalizer-loss
UTU,TUT,rule-removal,normalizer-stable
UTU,TUT,rule-removal,normalizer-loss
UTU,TUT,rule-addition,normalizer-stable
UTU,TUT,rule-addition,normalizer-loss
UTU,TUF,catalog-stable,normalizer-stable
UTU,TUF,catalog-stable,normalizer-loss
UTU,TUF,rule-removal,normalizer-stable
UTU,TUF,rule-removal,normalizer-loss
UTU,TUF,rule-addition,normalizer-stable
UTU,TUF,rule-addition,normalizer-loss
UTU,TUU,catalog-stable,normalizer-stable
UTU,TUU,catalog-stable,normalizer-loss
UTU,TUU,rule-removal,normalizer-stable
UTU,TUU,rule-removal,normalizer-loss
UTU,TUU,rule-addition,normalizer-stable
UTU,TUU,rule-addition,normalizer-loss
UTU,FTT,catalog-stable,normalizer-stable
UTU,FTT,catalog-stable,normalizer-loss
UTU,FTT,rule-removal,normalizer-stable
UTU,FTT,rule-removal,normalizer-loss
UTU,FTT,rule-addition,normalizer-stable
UTU,FTT,rule-addition,normalizer-loss
UTU,FTF,catalog-stable,normalizer-stable
UTU,FTF,catalog-stable,normalizer-loss
UTU,FTF,rule-removal,normalizer-stable
UTU,FTF,rule-removal,normalizer-loss
UTU,FTF,rule-addition,normalizer-stable
UTU,FTF,rule-addition,normalizer-loss
UTU,FTU,catalog-stable,normalizer-stable
UTU,FTU,catalog-stable,normalizer-loss
UTU,FTU,rule-removal,normalizer-stable
UTU,FTU,rule-removal,normalizer-loss
UTU,FTU,rule-addition,normalizer-stable
UTU,FTU,rule-addition,normalizer-loss
UTU,FFT,catalog-stable,normalizer-stable
UTU,FFT,catalog-stable,normalizer-loss
UTU,FFT,rule-removal,normalizer-stable
UTU,FFT,rule-removal,normalizer-loss
UTU,FFT,rule-addition,normalizer-stable
UTU,FFT,rule-addition,normalizer-loss
UTU,FFF,catalog-stable,normalizer-stable
UTU,FFF,catalog-stable,normalizer-loss
UTU,FFF,rule-removal,normalizer-stable
UTU,FFF,rule-removal,normalizer-loss
UTU,FFF,rule-addition,normalizer-stable
UTU,FFF,rule-addition,normalizer-loss
UTU,FFU,catalog-stable,normalizer-stable
UTU,FFU,catalog-stable,normalizer-loss
UTU,FFU,rule-removal,normalizer-stable
UTU,FFU,rule-removal,normalizer-loss
UTU,FFU,rule-addition,normalizer-stable
UTU,FFU,rule-addition,normalizer-loss
UTU,FUT,catalog-stable,normalizer-stable
UTU,FUT,catalog-stable,normalizer-loss
UTU,FUT,rule-removal,normalizer-stable
UTU,FUT,rule-removal,normalizer-loss
UTU,FUT,rule-addition,normalizer-stable
UTU,FUT,rule-addition,normalizer-loss
UTU,FUF,catalog-stable,normalizer-stable
UTU,FUF,catalog-stable,normalizer-loss
UTU,FUF,rule-removal,normalizer-stable
UTU,FUF,rule-removal,normalizer-loss
UTU,FUF,rule-addition,normalizer-stable
UTU,FUF,rule-addition,normalizer-loss
UTU,FUU,catalog-stable,normalizer-stable
UTU,FUU,catalog-stable,normalizer-loss
UTU,FUU,rule-removal,normalizer-stable
UTU,FUU,rule-removal,normalizer-loss
UTU,FUU,rule-addition,normalizer-stable
UTU,FUU,rule-addition,normalizer-loss
UTU,UTT,catalog-stable,normalizer-stable
UTU,UTT,catalog-stable,normalizer-loss
UTU,UTT,rule-removal,normalizer-stable
UTU,UTT,rule-removal,normalizer-loss
UTU,UTT,rule-addition,normalizer-stable
UTU,UTT,rule-addition,normalizer-loss
UTU,UTF,catalog-stable,normalizer-stable
UTU,UTF,catalog-stable,normalizer-loss
UTU,UTF,rule-removal,normalizer-stable
UTU,UTF,rule-removal,normalizer-loss
UTU,UTF,rule-addition,normalizer-stable
UTU,UTF,rule-addition,normalizer-loss
UTU,UTU,catalog-stable,normalizer-stable
UTU,UTU,catalog-stable,normalizer-loss
UTU,UTU,rule-removal,normalizer-stable
UTU,UTU,rule-removal,normalizer-loss
UTU,UTU,rule-addition,normalizer-stable
UTU,UTU,rule-addition,normalizer-loss
UTU,UFT,catalog-stable,normalizer-stable
UTU,UFT,catalog-stable,normalizer-loss
UTU,UFT,rule-removal,normalizer-stable
UTU,UFT,rule-removal,normalizer-loss
UTU,UFT,rule-addition,normalizer-stable
UTU,UFT,rule-addition,normalizer-loss
UTU,UFF,catalog-stable,normalizer-stable
UTU,UFF,catalog-stable,normalizer-loss
UTU,UFF,rule-removal,normalizer-stable
UTU,UFF,rule-removal,normalizer-loss
UTU,UFF,rule-addition,normalizer-stable
UTU,UFF,rule-addition,normalizer-loss
UTU,UFU,catalog-stable,normalizer-stable
UTU,UFU,catalog-stable,normalizer-loss
UTU,UFU,rule-removal,normalizer-stable
UTU,UFU,rule-removal,normalizer-loss
UTU,UFU,rule-addition,normalizer-stable
UTU,UFU,rule-addition,normalizer-loss
UTU,UUT,catalog-stable,normalizer-stable
UTU,UUT,catalog-stable,normalizer-loss
UTU,UUT,rule-removal,normalizer-stable
UTU,UUT,rule-removal,normalizer-loss
UTU,UUT,rule-addition,normalizer-stable
UTU,UUT,rule-addition,normalizer-loss
UTU,UUF,catalog-stable,normalizer-stable
UTU,UUF,catalog-stable,normalizer-loss
UTU,UUF,rule-removal,normalizer-stable
UTU,UUF,rule-removal,normalizer-loss
UTU,UUF,rule-addition,normalizer-stable
UTU,UUF,rule-addition,normalizer-loss
UTU,UUU,catalog-stable,normalizer-stable
UTU,UUU,catalog-stable,normalizer-loss
UTU,UUU,rule-removal,normalizer-stable
UTU,UUU,rule-removal,normalizer-loss
UTU,UUU,rule-addition,normalizer-stable
UTU,UUU,rule-addition,normalizer-loss
UFT,TTT,catalog-stable,normalizer-stable
UFT,TTT,catalog-stable,normalizer-loss
UFT,TTT,rule-removal,normalizer-stable
UFT,TTT,rule-removal,normalizer-loss
UFT,TTT,rule-addition,normalizer-stable
UFT,TTT,rule-addition,normalizer-loss
UFT,TTF,catalog-stable,normalizer-stable
UFT,TTF,catalog-stable,normalizer-loss
UFT,TTF,rule-removal,normalizer-stable
UFT,TTF,rule-removal,normalizer-loss
UFT,TTF,rule-addition,normalizer-stable
UFT,TTF,rule-addition,normalizer-loss
UFT,TTU,catalog-stable,normalizer-stable
UFT,TTU,catalog-stable,normalizer-loss
UFT,TTU,rule-removal,normalizer-stable
UFT,TTU,rule-removal,normalizer-loss
UFT,TTU,rule-addition,normalizer-stable
UFT,TTU,rule-addition,normalizer-loss
UFT,TFT,catalog-stable,normalizer-stable
UFT,TFT,catalog-stable,normalizer-loss
UFT,TFT,rule-removal,normalizer-stable
UFT,TFT,rule-removal,normalizer-loss
UFT,TFT,rule-addition,normalizer-stable
UFT,TFT,rule-addition,normalizer-loss
UFT,TFF,catalog-stable,normalizer-stable
UFT,TFF,catalog-stable,normalizer-loss
UFT,TFF,rule-removal,normalizer-stable
UFT,TFF,rule-removal,normalizer-loss
UFT,TFF,rule-addition,normalizer-stable
UFT,TFF,rule-addition,normalizer-loss
UFT,TFU,catalog-stable,normalizer-stable
UFT,TFU,catalog-stable,normalizer-loss
UFT,TFU,rule-removal,normalizer-stable
UFT,TFU,rule-removal,normalizer-loss
UFT,TFU,rule-addition,normalizer-stable
UFT,TFU,rule-addition,normalizer-loss
UFT,TUT,catalog-stable,normalizer-stable
UFT,TUT,catalog-stable,normalizer-loss
UFT,TUT,rule-removal,normalizer-stable
UFT,TUT,rule-removal,normalizer-loss
UFT,TUT,rule-addition,normalizer-stable
UFT,TUT,rule-addition,normalizer-loss
UFT,TUF,catalog-stable,normalizer-stable
UFT,TUF,catalog-stable,normalizer-loss
UFT,TUF,rule-removal,normalizer-stable
UFT,TUF,rule-removal,normalizer-loss
UFT,TUF,rule-addition,normalizer-stable
UFT,TUF,rule-addition,normalizer-loss
UFT,TUU,catalog-stable,normalizer-stable
UFT,TUU,catalog-stable,normalizer-loss
UFT,TUU,rule-removal,normalizer-stable
UFT,TUU,rule-removal,normalizer-loss
UFT,TUU,rule-addition,normalizer-stable
UFT,TUU,rule-addition,normalizer-loss
UFT,FTT,catalog-stable,normalizer-stable
UFT,FTT,catalog-stable,normalizer-loss
UFT,FTT,rule-removal,normalizer-stable
UFT,FTT,rule-removal,normalizer-loss
UFT,FTT,rule-addition,normalizer-stable
UFT,FTT,rule-addition,normalizer-loss
UFT,FTF,catalog-stable,normalizer-stable
UFT,FTF,catalog-stable,normalizer-loss
UFT,FTF,rule-removal,normalizer-stable
UFT,FTF,rule-removal,normalizer-loss
UFT,FTF,rule-addition,normalizer-stable
UFT,FTF,rule-addition,normalizer-loss
UFT,FTU,catalog-stable,normalizer-stable
UFT,FTU,catalog-stable,normalizer-loss
UFT,FTU,rule-removal,normalizer-stable
UFT,FTU,rule-removal,normalizer-loss
UFT,FTU,rule-addition,normalizer-stable
UFT,FTU,rule-addition,normalizer-loss
UFT,FFT,catalog-stable,normalizer-stable
UFT,FFT,catalog-stable,normalizer-loss
UFT,FFT,rule-removal,normalizer-stable
UFT,FFT,rule-removal,normalizer-loss
UFT,FFT,rule-addition,normalizer-stable
UFT,FFT,rule-addition,normalizer-loss
UFT,FFF,catalog-stable,normalizer-stable
UFT,FFF,catalog-stable,normalizer-loss
UFT,FFF,rule-removal,normalizer-stable
UFT,FFF,rule-removal,normalizer-loss
UFT,FFF,rule-addition,normalizer-stable
UFT,FFF,rule-addition,normalizer-loss
UFT,FFU,catalog-stable,normalizer-stable
UFT,FFU,catalog-stable,normalizer-loss
UFT,FFU,rule-removal,normalizer-stable
UFT,FFU,rule-removal,normalizer-loss
UFT,FFU,rule-addition,normalizer-stable
UFT,FFU,rule-addition,normalizer-loss
UFT,FUT,catalog-stable,normalizer-stable
UFT,FUT,catalog-stable,normalizer-loss
UFT,FUT,rule-removal,normalizer-stable
UFT,FUT,rule-removal,normalizer-loss
UFT,FUT,rule-addition,normalizer-stable
UFT,FUT,rule-addition,normalizer-loss
UFT,FUF,catalog-stable,normalizer-stable
UFT,FUF,catalog-stable,normalizer-loss
UFT,FUF,rule-removal,normalizer-stable
UFT,FUF,rule-removal,normalizer-loss
UFT,FUF,rule-addition,normalizer-stable
UFT,FUF,rule-addition,normalizer-loss
UFT,FUU,catalog-stable,normalizer-stable
UFT,FUU,catalog-stable,normalizer-loss
UFT,FUU,rule-removal,normalizer-stable
UFT,FUU,rule-removal,normalizer-loss
UFT,FUU,rule-addition,normalizer-stable
UFT,FUU,rule-addition,normalizer-loss
UFT,UTT,catalog-stable,normalizer-stable
UFT,UTT,catalog-stable,normalizer-loss
UFT,UTT,rule-removal,normalizer-stable
UFT,UTT,rule-removal,normalizer-loss
UFT,UTT,rule-addition,normalizer-stable
UFT,UTT,rule-addition,normalizer-loss
UFT,UTF,catalog-stable,normalizer-stable
UFT,UTF,catalog-stable,normalizer-loss
UFT,UTF,rule-removal,normalizer-stable
UFT,UTF,rule-removal,normalizer-loss
UFT,UTF,rule-addition,normalizer-stable
UFT,UTF,rule-addition,normalizer-loss
UFT,UTU,catalog-stable,normalizer-stable
UFT,UTU,catalog-stable,normalizer-loss
UFT,UTU,rule-removal,normalizer-stable
UFT,UTU,rule-removal,normalizer-loss
UFT,UTU,rule-addition,normalizer-stable
UFT,UTU,rule-addition,normalizer-loss
UFT,UFT,catalog-stable,normalizer-stable
UFT,UFT,catalog-stable,normalizer-loss
UFT,UFT,rule-removal,normalizer-stable
UFT,UFT,rule-removal,normalizer-loss
UFT,UFT,rule-addition,normalizer-stable
UFT,UFT,rule-addition,normalizer-loss
UFT,UFF,catalog-stable,normalizer-stable
UFT,UFF,catalog-stable,normalizer-loss
UFT,UFF,rule-removal,normalizer-stable
UFT,UFF,rule-removal,normalizer-loss
UFT,UFF,rule-addition,normalizer-stable
UFT,UFF,rule-addition,normalizer-loss
UFT,UFU,catalog-stable,normalizer-stable
UFT,UFU,catalog-stable,normalizer-loss
UFT,UFU,rule-removal,normalizer-stable
UFT,UFU,rule-removal,normalizer-loss
UFT,UFU,rule-addition,normalizer-stable
UFT,UFU,rule-addition,normalizer-loss
UFT,UUT,catalog-stable,normalizer-stable
UFT,UUT,catalog-stable,normalizer-loss
UFT,UUT,rule-removal,normalizer-stable
UFT,UUT,rule-removal,normalizer-loss
UFT,UUT,rule-addition,normalizer-stable
UFT,UUT,rule-addition,normalizer-loss
UFT,UUF,catalog-stable,normalizer-stable
UFT,UUF,catalog-stable,normalizer-loss
UFT,UUF,rule-removal,normalizer-stable
UFT,UUF,rule-removal,normalizer-loss
UFT,UUF,rule-addition,normalizer-stable
UFT,UUF,rule-addition,normalizer-loss
UFT,UUU,catalog-stable,normalizer-stable
UFT,UUU,catalog-stable,normalizer-loss
UFT,UUU,rule-removal,normalizer-stable
UFT,UUU,rule-removal,normalizer-loss
UFT,UUU,rule-addition,normalizer-stable
UFT,UUU,rule-addition,normalizer-loss
UFF,TTT,catalog-stable,normalizer-stable
UFF,TTT,catalog-stable,normalizer-loss
UFF,TTT,rule-removal,normalizer-stable
UFF,TTT,rule-removal,normalizer-loss
UFF,TTT,rule-addition,normalizer-stable
UFF,TTT,rule-addition,normalizer-loss
UFF,TTF,catalog-stable,normalizer-stable
UFF,TTF,catalog-stable,normalizer-loss
UFF,TTF,rule-removal,normalizer-stable
UFF,TTF,rule-removal,normalizer-loss
UFF,TTF,rule-addition,normalizer-stable
UFF,TTF,rule-addition,normalizer-loss
UFF,TTU,catalog-stable,normalizer-stable
UFF,TTU,catalog-stable,normalizer-loss
UFF,TTU,rule-removal,normalizer-stable
UFF,TTU,rule-removal,normalizer-loss
UFF,TTU,rule-addition,normalizer-stable
UFF,TTU,rule-addition,normalizer-loss
UFF,TFT,catalog-stable,normalizer-stable
UFF,TFT,catalog-stable,normalizer-loss
UFF,TFT,rule-removal,normalizer-stable
UFF,TFT,rule-removal,normalizer-loss
UFF,TFT,rule-addition,normalizer-stable
UFF,TFT,rule-addition,normalizer-loss
UFF,TFF,catalog-stable,normalizer-stable
UFF,TFF,catalog-stable,normalizer-loss
UFF,TFF,rule-removal,normalizer-stable
UFF,TFF,rule-removal,normalizer-loss
UFF,TFF,rule-addition,normalizer-stable
UFF,TFF,rule-addition,normalizer-loss
UFF,TFU,catalog-stable,normalizer-stable
UFF,TFU,catalog-stable,normalizer-loss
UFF,TFU,rule-removal,normalizer-stable
UFF,TFU,rule-removal,normalizer-loss
UFF,TFU,rule-addition,normalizer-stable
UFF,TFU,rule-addition,normalizer-loss
UFF,TUT,catalog-stable,normalizer-stable
UFF,TUT,catalog-stable,normalizer-loss
UFF,TUT,rule-removal,normalizer-stable
UFF,TUT,rule-removal,normalizer-loss
UFF,TUT,rule-addition,normalizer-stable
UFF,TUT,rule-addition,normalizer-loss
UFF,TUF,catalog-stable,normalizer-stable
UFF,TUF,catalog-stable,normalizer-loss
UFF,TUF,rule-removal,normalizer-stable
UFF,TUF,rule-removal,normalizer-loss
UFF,TUF,rule-addition,normalizer-stable
UFF,TUF,rule-addition,normalizer-loss
UFF,TUU,catalog-stable,normalizer-stable
UFF,TUU,catalog-stable,normalizer-loss
UFF,TUU,rule-removal,normalizer-stable
UFF,TUU,rule-removal,normalizer-loss
UFF,TUU,rule-addition,normalizer-stable
UFF,TUU,rule-addition,normalizer-loss
UFF,FTT,catalog-stable,normalizer-stable
UFF,FTT,catalog-stable,normalizer-loss
UFF,FTT,rule-removal,normalizer-stable
UFF,FTT,rule-removal,normalizer-loss
UFF,FTT,rule-addition,normalizer-stable
UFF,FTT,rule-addition,normalizer-loss
UFF,FTF,catalog-stable,normalizer-stable
UFF,FTF,catalog-stable,normalizer-loss
UFF,FTF,rule-removal,normalizer-stable
UFF,FTF,rule-removal,normalizer-loss
UFF,FTF,rule-addition,normalizer-stable
UFF,FTF,rule-addition,normalizer-loss
UFF,FTU,catalog-stable,normalizer-stable
UFF,FTU,catalog-stable,normalizer-loss
UFF,FTU,rule-removal,normalizer-stable
UFF,FTU,rule-removal,normalizer-loss
UFF,FTU,rule-addition,normalizer-stable
UFF,FTU,rule-addition,normalizer-loss
UFF,FFT,catalog-stable,normalizer-stable
UFF,FFT,catalog-stable,normalizer-loss
UFF,FFT,rule-removal,normalizer-stable
UFF,FFT,rule-removal,normalizer-loss
UFF,FFT,rule-addition,normalizer-stable
UFF,FFT,rule-addition,normalizer-loss
UFF,FFF,catalog-stable,normalizer-stable
UFF,FFF,catalog-stable,normalizer-loss
UFF,FFF,rule-removal,normalizer-stable
UFF,FFF,rule-removal,normalizer-loss
UFF,FFF,rule-addition,normalizer-stable
UFF,FFF,rule-addition,normalizer-loss
UFF,FFU,catalog-stable,normalizer-stable
UFF,FFU,catalog-stable,normalizer-loss
UFF,FFU,rule-removal,normalizer-stable
UFF,FFU,rule-removal,normalizer-loss
UFF,FFU,rule-addition,normalizer-stable
UFF,FFU,rule-addition,normalizer-loss
UFF,FUT,catalog-stable,normalizer-stable
UFF,FUT,catalog-stable,normalizer-loss
UFF,FUT,rule-removal,normalizer-stable
UFF,FUT,rule-removal,normalizer-loss
UFF,FUT,rule-addition,normalizer-stable
UFF,FUT,rule-addition,normalizer-loss
UFF,FUF,catalog-stable,normalizer-stable
UFF,FUF,catalog-stable,normalizer-loss
UFF,FUF,rule-removal,normalizer-stable
UFF,FUF,rule-removal,normalizer-loss
UFF,FUF,rule-addition,normalizer-stable
UFF,FUF,rule-addition,normalizer-loss
UFF,FUU,catalog-stable,normalizer-stable
UFF,FUU,catalog-stable,normalizer-loss
UFF,FUU,rule-removal,normalizer-stable
UFF,FUU,rule-removal,normalizer-loss
UFF,FUU,rule-addition,normalizer-stable
UFF,FUU,rule-addition,normalizer-loss
UFF,UTT,catalog-stable,normalizer-stable
UFF,UTT,catalog-stable,normalizer-loss
UFF,UTT,rule-removal,normalizer-stable
UFF,UTT,rule-removal,normalizer-loss
UFF,UTT,rule-addition,normalizer-stable
UFF,UTT,rule-addition,normalizer-loss
UFF,UTF,catalog-stable,normalizer-stable
UFF,UTF,catalog-stable,normalizer-loss
UFF,UTF,rule-removal,normalizer-stable
UFF,UTF,rule-removal,normalizer-loss
UFF,UTF,rule-addition,normalizer-stable
UFF,UTF,rule-addition,normalizer-loss
UFF,UTU,catalog-stable,normalizer-stable
UFF,UTU,catalog-stable,normalizer-loss
UFF,UTU,rule-removal,normalizer-stable
UFF,UTU,rule-removal,normalizer-loss
UFF,UTU,rule-addition,normalizer-stable
UFF,UTU,rule-addition,normalizer-loss
UFF,UFT,catalog-stable,normalizer-stable
UFF,UFT,catalog-stable,normalizer-loss
UFF,UFT,rule-removal,normalizer-stable
UFF,UFT,rule-removal,normalizer-loss
UFF,UFT,rule-addition,normalizer-stable
UFF,UFT,rule-addition,normalizer-loss
UFF,UFF,catalog-stable,normalizer-stable
UFF,UFF,catalog-stable,normalizer-loss
UFF,UFF,rule-removal,normalizer-stable
UFF,UFF,rule-removal,normalizer-loss
UFF,UFF,rule-addition,normalizer-stable
UFF,UFF,rule-addition,normalizer-loss
UFF,UFU,catalog-stable,normalizer-stable
UFF,UFU,catalog-stable,normalizer-loss
UFF,UFU,rule-removal,normalizer-stable
UFF,UFU,rule-removal,normalizer-loss
UFF,UFU,rule-addition,normalizer-stable
UFF,UFU,rule-addition,normalizer-loss
UFF,UUT,catalog-stable,normalizer-stable
UFF,UUT,catalog-stable,normalizer-loss
UFF,UUT,rule-removal,normalizer-stable
UFF,UUT,rule-removal,normalizer-loss
UFF,UUT,rule-addition,normalizer-stable
UFF,UUT,rule-addition,normalizer-loss
UFF,UUF,catalog-stable,normalizer-stable
UFF,UUF,catalog-stable,normalizer-loss
UFF,UUF,rule-removal,normalizer-stable
UFF,UUF,rule-removal,normalizer-loss
UFF,UUF,rule-addition,normalizer-stable
UFF,UUF,rule-addition,normalizer-loss
UFF,UUU,catalog-stable,normalizer-stable
UFF,UUU,catalog-stable,normalizer-loss
UFF,UUU,rule-removal,normalizer-stable
UFF,UUU,rule-removal,normalizer-loss
UFF,UUU,rule-addition,normalizer-stable
UFF,UUU,rule-addition,normalizer-loss
UFU,TTT,catalog-stable,normalizer-stable
UFU,TTT,catalog-stable,normalizer-loss
UFU,TTT,rule-removal,normalizer-stable
UFU,TTT,rule-removal,normalizer-loss
UFU,TTT,rule-addition,normalizer-stable
UFU,TTT,rule-addition,normalizer-loss
UFU,TTF,catalog-stable,normalizer-stable
UFU,TTF,catalog-stable,normalizer-loss
UFU,TTF,rule-removal,normalizer-stable
UFU,TTF,rule-removal,normalizer-loss
UFU,TTF,rule-addition,normalizer-stable
UFU,TTF,rule-addition,normalizer-loss
UFU,TTU,catalog-stable,normalizer-stable
UFU,TTU,catalog-stable,normalizer-loss
UFU,TTU,rule-removal,normalizer-stable
UFU,TTU,rule-removal,normalizer-loss
UFU,TTU,rule-addition,normalizer-stable
UFU,TTU,rule-addition,normalizer-loss
UFU,TFT,catalog-stable,normalizer-stable
UFU,TFT,catalog-stable,normalizer-loss
UFU,TFT,rule-removal,normalizer-stable
UFU,TFT,rule-removal,normalizer-loss
UFU,TFT,rule-addition,normalizer-stable
UFU,TFT,rule-addition,normalizer-loss
UFU,TFF,catalog-stable,normalizer-stable
UFU,TFF,catalog-stable,normalizer-loss
UFU,TFF,rule-removal,normalizer-stable
UFU,TFF,rule-removal,normalizer-loss
UFU,TFF,rule-addition,normalizer-stable
UFU,TFF,rule-addition,normalizer-loss
UFU,TFU,catalog-stable,normalizer-stable
UFU,TFU,catalog-stable,normalizer-loss
UFU,TFU,rule-removal,normalizer-stable
UFU,TFU,rule-removal,normalizer-loss
UFU,TFU,rule-addition,normalizer-stable
UFU,TFU,rule-addition,normalizer-loss
UFU,TUT,catalog-stable,normalizer-stable
UFU,TUT,catalog-stable,normalizer-loss
UFU,TUT,rule-removal,normalizer-stable
UFU,TUT,rule-removal,normalizer-loss
UFU,TUT,rule-addition,normalizer-stable
UFU,TUT,rule-addition,normalizer-loss
UFU,TUF,catalog-stable,normalizer-stable
UFU,TUF,catalog-stable,normalizer-loss
UFU,TUF,rule-removal,normalizer-stable
UFU,TUF,rule-removal,normalizer-loss
UFU,TUF,rule-addition,normalizer-stable
UFU,TUF,rule-addition,normalizer-loss
UFU,TUU,catalog-stable,normalizer-stable
UFU,TUU,catalog-stable,normalizer-loss
UFU,TUU,rule-removal,normalizer-stable
UFU,TUU,rule-removal,normalizer-loss
UFU,TUU,rule-addition,normalizer-stable
UFU,TUU,rule-addition,normalizer-loss
UFU,FTT,catalog-stable,normalizer-stable
UFU,FTT,catalog-stable,normalizer-loss
UFU,FTT,rule-removal,normalizer-stable
UFU,FTT,rule-removal,normalizer-loss
UFU,FTT,rule-addition,normalizer-stable
UFU,FTT,rule-addition,normalizer-loss
UFU,FTF,catalog-stable,normalizer-stable
UFU,FTF,catalog-stable,normalizer-loss
UFU,FTF,rule-removal,normalizer-stable
UFU,FTF,rule-removal,normalizer-loss
UFU,FTF,rule-addition,normalizer-stable
UFU,FTF,rule-addition,normalizer-loss
UFU,FTU,catalog-stable,normalizer-stable
UFU,FTU,catalog-stable,normalizer-loss
UFU,FTU,rule-removal,normalizer-stable
UFU,FTU,rule-removal,normalizer-loss
UFU,FTU,rule-addition,normalizer-stable
UFU,FTU,rule-addition,normalizer-loss
UFU,FFT,catalog-stable,normalizer-stable
UFU,FFT,catalog-stable,normalizer-loss
UFU,FFT,rule-removal,normalizer-stable
UFU,FFT,rule-removal,normalizer-loss
UFU,FFT,rule-addition,normalizer-stable
UFU,FFT,rule-addition,normalizer-loss
UFU,FFF,catalog-stable,normalizer-stable
UFU,FFF,catalog-stable,normalizer-loss
UFU,FFF,rule-removal,normalizer-stable
UFU,FFF,rule-removal,normalizer-loss
UFU,FFF,rule-addition,normalizer-stable
UFU,FFF,rule-addition,normalizer-loss
UFU,FFU,catalog-stable,normalizer-stable
UFU,FFU,catalog-stable,normalizer-loss
UFU,FFU,rule-removal,normalizer-stable
UFU,FFU,rule-removal,normalizer-loss
UFU,FFU,rule-addition,normalizer-stable
UFU,FFU,rule-addition,normalizer-loss
UFU,FUT,catalog-stable,normalizer-stable
UFU,FUT,catalog-stable,normalizer-loss
UFU,FUT,rule-removal,normalizer-stable
UFU,FUT,rule-removal,normalizer-loss
UFU,FUT,rule-addition,normalizer-stable
UFU,FUT,rule-addition,normalizer-loss
UFU,FUF,catalog-stable,normalizer-stable
UFU,FUF,catalog-stable,normalizer-loss
UFU,FUF,rule-removal,normalizer-stable
UFU,FUF,rule-removal,normalizer-loss
UFU,FUF,rule-addition,normalizer-stable
UFU,FUF,rule-addition,normalizer-loss
UFU,FUU,catalog-stable,normalizer-stable
UFU,FUU,catalog-stable,normalizer-loss
UFU,FUU,rule-removal,normalizer-stable
UFU,FUU,rule-removal,normalizer-loss
UFU,FUU,rule-addition,normalizer-stable
UFU,FUU,rule-addition,normalizer-loss
UFU,UTT,catalog-stable,normalizer-stable
UFU,UTT,catalog-stable,normalizer-loss
UFU,UTT,rule-removal,normalizer-stable
UFU,UTT,rule-removal,normalizer-loss
UFU,UTT,rule-addition,normalizer-stable
UFU,UTT,rule-addition,normalizer-loss
UFU,UTF,catalog-stable,normalizer-stable
UFU,UTF,catalog-stable,normalizer-loss
UFU,UTF,rule-removal,normalizer-stable
UFU,UTF,rule-removal,normalizer-loss
UFU,UTF,rule-addition,normalizer-stable
UFU,UTF,rule-addition,normalizer-loss
UFU,UTU,catalog-stable,normalizer-stable
UFU,UTU,catalog-stable,normalizer-loss
UFU,UTU,rule-removal,normalizer-stable
UFU,UTU,rule-removal,normalizer-loss
UFU,UTU,rule-addition,normalizer-stable
UFU,UTU,rule-addition,normalizer-loss
UFU,UFT,catalog-stable,normalizer-stable
UFU,UFT,catalog-stable,normalizer-loss
UFU,UFT,rule-removal,normalizer-stable
UFU,UFT,rule-removal,normalizer-loss
UFU,UFT,rule-addition,normalizer-stable
UFU,UFT,rule-addition,normalizer-loss
UFU,UFF,catalog-stable,normalizer-stable
UFU,UFF,catalog-stable,normalizer-loss
UFU,UFF,rule-removal,normalizer-stable
UFU,UFF,rule-removal,normalizer-loss
UFU,UFF,rule-addition,normalizer-stable
UFU,UFF,rule-addition,normalizer-loss
UFU,UFU,catalog-stable,normalizer-stable
UFU,UFU,catalog-stable,normalizer-loss
UFU,UFU,rule-removal,normalizer-stable
UFU,UFU,rule-removal,normalizer-loss
UFU,UFU,rule-addition,normalizer-stable
UFU,UFU,rule-addition,normalizer-loss
UFU,UUT,catalog-stable,normalizer-stable
UFU,UUT,catalog-stable,normalizer-loss
UFU,UUT,rule-removal,normalizer-stable
UFU,UUT,rule-removal,normalizer-loss
UFU,UUT,rule-addition,normalizer-stable
UFU,UUT,rule-addition,normalizer-loss
UFU,UUF,catalog-stable,normalizer-stable
UFU,UUF,catalog-stable,normalizer-loss
UFU,UUF,rule-removal,normalizer-stable
UFU,UUF,rule-removal,normalizer-loss
UFU,UUF,rule-addition,normalizer-stable
UFU,UUF,rule-addition,normalizer-loss
UFU,UUU,catalog-stable,normalizer-stable
UFU,UUU,catalog-stable,normalizer-loss
UFU,UUU,rule-removal,normalizer-stable
UFU,UUU,rule-removal,normalizer-loss
UFU,UUU,rule-addition,normalizer-stable
UFU,UUU,rule-addition,normalizer-loss
UUT,TTT,catalog-stable,normalizer-stable
UUT,TTT,catalog-stable,normalizer-loss
UUT,TTT,rule-removal,normalizer-stable
UUT,TTT,rule-removal,normalizer-loss
UUT,TTT,rule-addition,normalizer-stable
UUT,TTT,rule-addition,normalizer-loss
UUT,TTF,catalog-stable,normalizer-stable
UUT,TTF,catalog-stable,normalizer-loss
UUT,TTF,rule-removal,normalizer-stable
UUT,TTF,rule-removal,normalizer-loss
UUT,TTF,rule-addition,normalizer-stable
UUT,TTF,rule-addition,normalizer-loss
UUT,TTU,catalog-stable,normalizer-stable
UUT,TTU,catalog-stable,normalizer-loss
UUT,TTU,rule-removal,normalizer-stable
UUT,TTU,rule-removal,normalizer-loss
UUT,TTU,rule-addition,normalizer-stable
UUT,TTU,rule-addition,normalizer-loss
UUT,TFT,catalog-stable,normalizer-stable
UUT,TFT,catalog-stable,normalizer-loss
UUT,TFT,rule-removal,normalizer-stable
UUT,TFT,rule-removal,normalizer-loss
UUT,TFT,rule-addition,normalizer-stable
UUT,TFT,rule-addition,normalizer-loss
UUT,TFF,catalog-stable,normalizer-stable
UUT,TFF,catalog-stable,normalizer-loss
UUT,TFF,rule-removal,normalizer-stable
UUT,TFF,rule-removal,normalizer-loss
UUT,TFF,rule-addition,normalizer-stable
UUT,TFF,rule-addition,normalizer-loss
UUT,TFU,catalog-stable,normalizer-stable
UUT,TFU,catalog-stable,normalizer-loss
UUT,TFU,rule-removal,normalizer-stable
UUT,TFU,rule-removal,normalizer-loss
UUT,TFU,rule-addition,normalizer-stable
UUT,TFU,rule-addition,normalizer-loss
UUT,TUT,catalog-stable,normalizer-stable
UUT,TUT,catalog-stable,normalizer-loss
UUT,TUT,rule-removal,normalizer-stable
UUT,TUT,rule-removal,normalizer-loss
UUT,TUT,rule-addition,normalizer-stable
UUT,TUT,rule-addition,normalizer-loss
UUT,TUF,catalog-stable,normalizer-stable
UUT,TUF,catalog-stable,normalizer-loss
UUT,TUF,rule-removal,normalizer-stable
UUT,TUF,rule-removal,normalizer-loss
UUT,TUF,rule-addition,normalizer-stable
UUT,TUF,rule-addition,normalizer-loss
UUT,TUU,catalog-stable,normalizer-stable
UUT,TUU,catalog-stable,normalizer-loss
UUT,TUU,rule-removal,normalizer-stable
UUT,TUU,rule-removal,normalizer-loss
UUT,TUU,rule-addition,normalizer-stable
UUT,TUU,rule-addition,normalizer-loss
UUT,FTT,catalog-stable,normalizer-stable
UUT,FTT,catalog-stable,normalizer-loss
UUT,FTT,rule-removal,normalizer-stable
UUT,FTT,rule-removal,normalizer-loss
UUT,FTT,rule-addition,normalizer-stable
UUT,FTT,rule-addition,normalizer-loss
UUT,FTF,catalog-stable,normalizer-stable
UUT,FTF,catalog-stable,normalizer-loss
UUT,FTF,rule-removal,normalizer-stable
UUT,FTF,rule-removal,normalizer-loss
UUT,FTF,rule-addition,normalizer-stable
UUT,FTF,rule-addition,normalizer-loss
UUT,FTU,catalog-stable,normalizer-stable
UUT,FTU,catalog-stable,normalizer-loss
UUT,FTU,rule-removal,normalizer-stable
UUT,FTU,rule-removal,normalizer-loss
UUT,FTU,rule-addition,normalizer-stable
UUT,FTU,rule-addition,normalizer-loss
UUT,FFT,catalog-stable,normalizer-stable
UUT,FFT,catalog-stable,normalizer-loss
UUT,FFT,rule-removal,normalizer-stable
UUT,FFT,rule-removal,normalizer-loss
UUT,FFT,rule-addition,normalizer-stable
UUT,FFT,rule-addition,normalizer-loss
UUT,FFF,catalog-stable,normalizer-stable
UUT,FFF,catalog-stable,normalizer-loss
UUT,FFF,rule-removal,normalizer-stable
UUT,FFF,rule-removal,normalizer-loss
UUT,FFF,rule-addition,normalizer-stable
UUT,FFF,rule-addition,normalizer-loss
UUT,FFU,catalog-stable,normalizer-stable
UUT,FFU,catalog-stable,normalizer-loss
UUT,FFU,rule-removal,normalizer-stable
UUT,FFU,rule-removal,normalizer-loss
UUT,FFU,rule-addition,normalizer-stable
UUT,FFU,rule-addition,normalizer-loss
UUT,FUT,catalog-stable,normalizer-stable
UUT,FUT,catalog-stable,normalizer-loss
UUT,FUT,rule-removal,normalizer-stable
UUT,FUT,rule-removal,normalizer-loss
UUT,FUT,rule-addition,normalizer-stable
UUT,FUT,rule-addition,normalizer-loss
UUT,FUF,catalog-stable,normalizer-stable
UUT,FUF,catalog-stable,normalizer-loss
UUT,FUF,rule-removal,normalizer-stable
UUT,FUF,rule-removal,normalizer-loss
UUT,FUF,rule-addition,normalizer-stable
UUT,FUF,rule-addition,normalizer-loss
UUT,FUU,catalog-stable,normalizer-stable
UUT,FUU,catalog-stable,normalizer-loss
UUT,FUU,rule-removal,normalizer-stable
UUT,FUU,rule-removal,normalizer-loss
UUT,FUU,rule-addition,normalizer-stable
UUT,FUU,rule-addition,normalizer-loss
UUT,UTT,catalog-stable,normalizer-stable
UUT,UTT,catalog-stable,normalizer-loss
UUT,UTT,rule-removal,normalizer-stable
UUT,UTT,rule-removal,normalizer-loss
UUT,UTT,rule-addition,normalizer-stable
UUT,UTT,rule-addition,normalizer-loss
UUT,UTF,catalog-stable,normalizer-stable
UUT,UTF,catalog-stable,normalizer-loss
UUT,UTF,rule-removal,normalizer-stable
UUT,UTF,rule-removal,normalizer-loss
UUT,UTF,rule-addition,normalizer-stable
UUT,UTF,rule-addition,normalizer-loss
UUT,UTU,catalog-stable,normalizer-stable
UUT,UTU,catalog-stable,normalizer-loss
UUT,UTU,rule-removal,normalizer-stable
UUT,UTU,rule-removal,normalizer-loss
UUT,UTU,rule-addition,normalizer-stable
UUT,UTU,rule-addition,normalizer-loss
UUT,UFT,catalog-stable,normalizer-stable
UUT,UFT,catalog-stable,normalizer-loss
UUT,UFT,rule-removal,normalizer-stable
UUT,UFT,rule-removal,normalizer-loss
UUT,UFT,rule-addition,normalizer-stable
UUT,UFT,rule-addition,normalizer-loss
UUT,UFF,catalog-stable,normalizer-stable
UUT,UFF,catalog-stable,normalizer-loss
UUT,UFF,rule-removal,normalizer-stable
UUT,UFF,rule-removal,normalizer-loss
UUT,UFF,rule-addition,normalizer-stable
UUT,UFF,rule-addition,normalizer-loss
UUT,UFU,catalog-stable,normalizer-stable
UUT,UFU,catalog-stable,normalizer-loss
UUT,UFU,rule-removal,normalizer-stable
UUT,UFU,rule-removal,normalizer-loss
UUT,UFU,rule-addition,normalizer-stable
UUT,UFU,rule-addition,normalizer-loss
UUT,UUT,catalog-stable,normalizer-stable
UUT,UUT,catalog-stable,normalizer-loss
UUT,UUT,rule-removal,normalizer-stable
UUT,UUT,rule-removal,normalizer-loss
UUT,UUT,rule-addition,normalizer-stable
UUT,UUT,rule-addition,normalizer-loss
UUT,UUF,catalog-stable,normalizer-stable
UUT,UUF,catalog-stable,normalizer-loss
UUT,UUF,rule-removal,normalizer-stable
UUT,UUF,rule-removal,normalizer-loss
UUT,UUF,rule-addition,normalizer-stable
UUT,UUF,rule-addition,normalizer-loss
UUT,UUU,catalog-stable,normalizer-stable
UUT,UUU,catalog-stable,normalizer-loss
UUT,UUU,rule-removal,normalizer-stable
UUT,UUU,rule-removal,normalizer-loss
UUT,UUU,rule-addition,normalizer-stable
UUT,UUU,rule-addition,normalizer-loss
UUF,TTT,catalog-stable,normalizer-stable
UUF,TTT,catalog-stable,normalizer-loss
UUF,TTT,rule-removal,normalizer-stable
UUF,TTT,rule-removal,normalizer-loss
UUF,TTT,rule-addition,normalizer-stable
UUF,TTT,rule-addition,normalizer-loss
UUF,TTF,catalog-stable,normalizer-stable
UUF,TTF,catalog-stable,normalizer-loss
UUF,TTF,rule-removal,normalizer-stable
UUF,TTF,rule-removal,normalizer-loss
UUF,TTF,rule-addition,normalizer-stable
UUF,TTF,rule-addition,normalizer-loss
UUF,TTU,catalog-stable,normalizer-stable
UUF,TTU,catalog-stable,normalizer-loss
UUF,TTU,rule-removal,normalizer-stable
UUF,TTU,rule-removal,normalizer-loss
UUF,TTU,rule-addition,normalizer-stable
UUF,TTU,rule-addition,normalizer-loss
UUF,TFT,catalog-stable,normalizer-stable
UUF,TFT,catalog-stable,normalizer-loss
UUF,TFT,rule-removal,normalizer-stable
UUF,TFT,rule-removal,normalizer-loss
UUF,TFT,rule-addition,normalizer-stable
UUF,TFT,rule-addition,normalizer-loss
UUF,TFF,catalog-stable,normalizer-stable
UUF,TFF,catalog-stable,normalizer-loss
UUF,TFF,rule-removal,normalizer-stable
UUF,TFF,rule-removal,normalizer-loss
UUF,TFF,rule-addition,normalizer-stable
UUF,TFF,rule-addition,normalizer-loss
UUF,TFU,catalog-stable,normalizer-stable
UUF,TFU,catalog-stable,normalizer-loss
UUF,TFU,rule-removal,normalizer-stable
UUF,TFU,rule-removal,normalizer-loss
UUF,TFU,rule-addition,normalizer-stable
UUF,TFU,rule-addition,normalizer-loss
UUF,TUT,catalog-stable,normalizer-stable
UUF,TUT,catalog-stable,normalizer-loss
UUF,TUT,rule-removal,normalizer-stable
UUF,TUT,rule-removal,normalizer-loss
UUF,TUT,rule-addition,normalizer-stable
UUF,TUT,rule-addition,normalizer-loss
UUF,TUF,catalog-stable,normalizer-stable
UUF,TUF,catalog-stable,normalizer-loss
UUF,TUF,rule-removal,normalizer-stable
UUF,TUF,rule-removal,normalizer-loss
UUF,TUF,rule-addition,normalizer-stable
UUF,TUF,rule-addition,normalizer-loss
UUF,TUU,catalog-stable,normalizer-stable
UUF,TUU,catalog-stable,normalizer-loss
UUF,TUU,rule-removal,normalizer-stable
UUF,TUU,rule-removal,normalizer-loss
UUF,TUU,rule-addition,normalizer-stable
UUF,TUU,rule-addition,normalizer-loss
UUF,FTT,catalog-stable,normalizer-stable
UUF,FTT,catalog-stable,normalizer-loss
UUF,FTT,rule-removal,normalizer-stable
UUF,FTT,rule-removal,normalizer-loss
UUF,FTT,rule-addition,normalizer-stable
UUF,FTT,rule-addition,normalizer-loss
UUF,FTF,catalog-stable,normalizer-stable
UUF,FTF,catalog-stable,normalizer-loss
UUF,FTF,rule-removal,normalizer-stable
UUF,FTF,rule-removal,normalizer-loss
UUF,FTF,rule-addition,normalizer-stable
UUF,FTF,rule-addition,normalizer-loss
UUF,FTU,catalog-stable,normalizer-stable
UUF,FTU,catalog-stable,normalizer-loss
UUF,FTU,rule-removal,normalizer-stable
UUF,FTU,rule-removal,normalizer-loss
UUF,FTU,rule-addition,normalizer-stable
UUF,FTU,rule-addition,normalizer-loss
UUF,FFT,catalog-stable,normalizer-stable
UUF,FFT,catalog-stable,normalizer-loss
UUF,FFT,rule-removal,normalizer-stable
UUF,FFT,rule-removal,normalizer-loss
UUF,FFT,rule-addition,normalizer-stable
UUF,FFT,rule-addition,normalizer-loss
UUF,FFF,catalog-stable,normalizer-stable
UUF,FFF,catalog-stable,normalizer-loss
UUF,FFF,rule-removal,normalizer-stable
UUF,FFF,rule-removal,normalizer-loss
UUF,FFF,rule-addition,normalizer-stable
UUF,FFF,rule-addition,normalizer-loss
UUF,FFU,catalog-stable,normalizer-stable
UUF,FFU,catalog-stable,normalizer-loss
UUF,FFU,rule-removal,normalizer-stable
UUF,FFU,rule-removal,normalizer-loss
UUF,FFU,rule-addition,normalizer-stable
UUF,FFU,rule-addition,normalizer-loss
UUF,FUT,catalog-stable,normalizer-stable
UUF,FUT,catalog-stable,normalizer-loss
UUF,FUT,rule-removal,normalizer-stable
UUF,FUT,rule-removal,normalizer-loss
UUF,FUT,rule-addition,normalizer-stable
UUF,FUT,rule-addition,normalizer-loss
UUF,FUF,catalog-stable,normalizer-stable
UUF,FUF,catalog-stable,normalizer-loss
UUF,FUF,rule-removal,normalizer-stable
UUF,FUF,rule-removal,normalizer-loss
UUF,FUF,rule-addition,normalizer-stable
UUF,FUF,rule-addition,normalizer-loss
UUF,FUU,catalog-stable,normalizer-stable
UUF,FUU,catalog-stable,normalizer-loss
UUF,FUU,rule-removal,normalizer-stable
UUF,FUU,rule-removal,normalizer-loss
UUF,FUU,rule-addition,normalizer-stable
UUF,FUU,rule-addition,normalizer-loss
UUF,UTT,catalog-stable,normalizer-stable
UUF,UTT,catalog-stable,normalizer-loss
UUF,UTT,rule-removal,normalizer-stable
UUF,UTT,rule-removal,normalizer-loss
UUF,UTT,rule-addition,normalizer-stable
UUF,UTT,rule-addition,normalizer-loss
UUF,UTF,catalog-stable,normalizer-stable
UUF,UTF,catalog-stable,normalizer-loss
UUF,UTF,rule-removal,normalizer-stable
UUF,UTF,rule-removal,normalizer-loss
UUF,UTF,rule-addition,normalizer-stable
UUF,UTF,rule-addition,normalizer-loss
UUF,UTU,catalog-stable,normalizer-stable
UUF,UTU,catalog-stable,normalizer-loss
UUF,UTU,rule-removal,normalizer-stable
UUF,UTU,rule-removal,normalizer-loss
UUF,UTU,rule-addition,normalizer-stable
UUF,UTU,rule-addition,normalizer-loss
UUF,UFT,catalog-stable,normalizer-stable
UUF,UFT,catalog-stable,normalizer-loss
UUF,UFT,rule-removal,normalizer-stable
UUF,UFT,rule-removal,normalizer-loss
UUF,UFT,rule-addition,normalizer-stable
UUF,UFT,rule-addition,normalizer-loss
UUF,UFF,catalog-stable,normalizer-stable
UUF,UFF,catalog-stable,normalizer-loss
UUF,UFF,rule-removal,normalizer-stable
UUF,UFF,rule-removal,normalizer-loss
UUF,UFF,rule-addition,normalizer-stable
UUF,UFF,rule-addition,normalizer-loss
UUF,UFU,catalog-stable,normalizer-stable
UUF,UFU,catalog-stable,normalizer-loss
UUF,UFU,rule-removal,normalizer-stable
UUF,UFU,rule-removal,normalizer-loss
UUF,UFU,rule-addition,normalizer-stable
UUF,UFU,rule-addition,normalizer-loss
UUF,UUT,catalog-stable,normalizer-stable
UUF,UUT,catalog-stable,normalizer-loss
UUF,UUT,rule-removal,normalizer-stable
UUF,UUT,rule-removal,normalizer-loss
UUF,UUT,rule-addition,normalizer-stable
UUF,UUT,rule-addition,normalizer-loss
UUF,UUF,catalog-stable,normalizer-stable
UUF,UUF,catalog-stable,normalizer-loss
UUF,UUF,rule-removal,normalizer-stable
UUF,UUF,rule-removal,normalizer-loss
UUF,UUF,rule-addition,normalizer-stable
UUF,UUF,rule-addition,normalizer-loss
UUF,UUU,catalog-stable,normalizer-stable
UUF,UUU,catalog-stable,normalizer-loss
UUF,UUU,rule-removal,normalizer-stable
UUF,UUU,rule-removal,normalizer-loss
UUF,UUU,rule-addition,normalizer-stable
UUF,UUU,rule-addition,normalizer-loss
UUU,TTT,catalog-stable,normalizer-stable
UUU,TTT,catalog-stable,normalizer-loss
UUU,TTT,rule-removal,normalizer-stable
UUU,TTT,rule-removal,normalizer-loss
UUU,TTT,rule-addition,normalizer-stable
UUU,TTT,rule-addition,normalizer-loss
UUU,TTF,catalog-stable,normalizer-stable
UUU,TTF,catalog-stable,normalizer-loss
UUU,TTF,rule-removal,normalizer-stable
UUU,TTF,rule-removal,normalizer-loss
UUU,TTF,rule-addition,normalizer-stable
UUU,TTF,rule-addition,normalizer-loss
UUU,TTU,catalog-stable,normalizer-stable
UUU,TTU,catalog-stable,normalizer-loss
UUU,TTU,rule-removal,normalizer-stable
UUU,TTU,rule-removal,normalizer-loss
UUU,TTU,rule-addition,normalizer-stable
UUU,TTU,rule-addition,normalizer-loss
UUU,TFT,catalog-stable,normalizer-stable
UUU,TFT,catalog-stable,normalizer-loss
UUU,TFT,rule-removal,normalizer-stable
UUU,TFT,rule-removal,normalizer-loss
UUU,TFT,rule-addition,normalizer-stable
UUU,TFT,rule-addition,normalizer-loss
UUU,TFF,catalog-stable,normalizer-stable
UUU,TFF,catalog-stable,normalizer-loss
UUU,TFF,rule-removal,normalizer-stable
UUU,TFF,rule-removal,normalizer-loss
UUU,TFF,rule-addition,normalizer-stable
UUU,TFF,rule-addition,normalizer-loss
UUU,TFU,catalog-stable,normalizer-stable
UUU,TFU,catalog-stable,normalizer-loss
UUU,TFU,rule-removal,normalizer-stable
UUU,TFU,rule-removal,normalizer-loss
UUU,TFU,rule-addition,normalizer-stable
UUU,TFU,rule-addition,normalizer-loss
UUU,TUT,catalog-stable,normalizer-stable
UUU,TUT,catalog-stable,normalizer-loss
UUU,TUT,rule-removal,normalizer-stable
UUU,TUT,rule-removal,normalizer-loss
UUU,TUT,rule-addition,normalizer-stable
UUU,TUT,rule-addition,normalizer-loss
UUU,TUF,catalog-stable,normalizer-stable
UUU,TUF,catalog-stable,normalizer-loss
UUU,TUF,rule-removal,normalizer-stable
UUU,TUF,rule-removal,normalizer-loss
UUU,TUF,rule-addition,normalizer-stable
UUU,TUF,rule-addition,normalizer-loss
UUU,TUU,catalog-stable,normalizer-stable
UUU,TUU,catalog-stable,normalizer-loss
UUU,TUU,rule-removal,normalizer-stable
UUU,TUU,rule-removal,normalizer-loss
UUU,TUU,rule-addition,normalizer-stable
UUU,TUU,rule-addition,normalizer-loss
UUU,FTT,catalog-stable,normalizer-stable
UUU,FTT,catalog-stable,normalizer-loss
UUU,FTT,rule-removal,normalizer-stable
UUU,FTT,rule-removal,normalizer-loss
UUU,FTT,rule-addition,normalizer-stable
UUU,FTT,rule-addition,normalizer-loss
UUU,FTF,catalog-stable,normalizer-stable
UUU,FTF,catalog-stable,normalizer-loss
UUU,FTF,rule-removal,normalizer-stable
UUU,FTF,rule-removal,normalizer-loss
UUU,FTF,rule-addition,normalizer-stable
UUU,FTF,rule-addition,normalizer-loss
UUU,FTU,catalog-stable,normalizer-stable
UUU,FTU,catalog-stable,normalizer-loss
UUU,FTU,rule-removal,normalizer-stable
UUU,FTU,rule-removal,normalizer-loss
UUU,FTU,rule-addition,normalizer-stable
UUU,FTU,rule-addition,normalizer-loss
UUU,FFT,catalog-stable,normalizer-stable
UUU,FFT,catalog-stable,normalizer-loss
UUU,FFT,rule-removal,normalizer-stable
UUU,FFT,rule-removal,normalizer-loss
UUU,FFT,rule-addition,normalizer-stable
UUU,FFT,rule-addition,normalizer-loss
UUU,FFF,catalog-stable,normalizer-stable
UUU,FFF,catalog-stable,normalizer-loss
UUU,FFF,rule-removal,normalizer-stable
UUU,FFF,rule-removal,normalizer-loss
UUU,FFF,rule-addition,normalizer-stable
UUU,FFF,rule-addition,normalizer-loss
UUU,FFU,catalog-stable,normalizer-stable
UUU,FFU,catalog-stable,normalizer-loss
UUU,FFU,rule-removal,normalizer-stable
UUU,FFU,rule-removal,normalizer-loss
UUU,FFU,rule-addition,normalizer-stable
UUU,FFU,rule-addition,normalizer-loss
UUU,FUT,catalog-stable,normalizer-stable
UUU,FUT,catalog-stable,normalizer-loss
UUU,FUT,rule-removal,normalizer-stable
UUU,FUT,rule-removal,normalizer-loss
UUU,FUT,rule-addition,normalizer-stable
UUU,FUT,rule-addition,normalizer-loss
UUU,FUF,catalog-stable,normalizer-stable
UUU,FUF,catalog-stable,normalizer-loss
UUU,FUF,rule-removal,normalizer-stable
UUU,FUF,rule-removal,normalizer-loss
UUU,FUF,rule-addition,normalizer-stable
UUU,FUF,rule-addition,normalizer-loss
UUU,FUU,catalog-stable,normalizer-stable
UUU,FUU,catalog-stable,normalizer-loss
UUU,FUU,rule-removal,normalizer-stable
UUU,FUU,rule-removal,normalizer-loss
UUU,FUU,rule-addition,normalizer-stable
UUU,FUU,rule-addition,normalizer-loss
UUU,UTT,catalog-stable,normalizer-stable
UUU,UTT,catalog-stable,normalizer-loss
UUU,UTT,rule-removal,normalizer-stable
UUU,UTT,rule-removal,normalizer-loss
UUU,UTT,rule-addition,normalizer-stable
UUU,UTT,rule-addition,normalizer-loss
UUU,UTF,catalog-stable,normalizer-stable
UUU,UTF,catalog-stable,normalizer-loss
UUU,UTF,rule-removal,normalizer-stable
UUU,UTF,rule-removal,normalizer-loss
UUU,UTF,rule-addition,normalizer-stable
UUU,UTF,rule-addition,normalizer-loss
UUU,UTU,catalog-stable,normalizer-stable
UUU,UTU,catalog-stable,normalizer-loss
UUU,UTU,rule-removal,normalizer-stable
UUU,UTU,rule-removal,normalizer-loss
UUU,UTU,rule-addition,normalizer-stable
UUU,UTU,rule-addition,normalizer-loss
UUU,UFT,catalog-stable,normalizer-stable
UUU,UFT,catalog-stable,normalizer-loss
UUU,UFT,rule-removal,normalizer-stable
UUU,UFT,rule-removal,normalizer-loss
UUU,UFT,rule-addition,normalizer-stable
UUU,UFT,rule-addition,normalizer-loss
UUU,UFF,catalog-stable,normalizer-stable
UUU,UFF,catalog-stable,normalizer-loss
UUU,UFF,rule-removal,normalizer-stable
UUU,UFF,rule-removal,normalizer-loss
UUU,UFF,rule-addition,normalizer-stable
UUU,UFF,rule-addition,normalizer-loss
UUU,UFU,catalog-stable,normalizer-stable
UUU,UFU,catalog-stable,normalizer-loss
UUU,UFU,rule-removal,normalizer-stable
UUU,UFU,rule-removal,normalizer-loss
UUU,UFU,rule-addition,normalizer-stable
UUU,UFU,rule-addition,normalizer-loss
UUU,UUT,catalog-stable,normalizer-stable
UUU,UUT,catalog-stable,normalizer-loss
UUU,UUT,rule-removal,normalizer-stable
UUU,UUT,rule-removal,normalizer-loss
UUU,UUT,rule-addition,normalizer-stable
UUU,UUT,rule-addition,normalizer-loss
UUU,UUF,catalog-stable,normalizer-stable
UUU,UUF,catalog-stable,normalizer-loss
UUU,UUF,rule-removal,normalizer-stable
UUU,UUF,rule-removal,normalizer-loss
UUU,UUF,rule-addition,normalizer-stable
UUU,UUF,rule-addition,normalizer-loss
UUU,UUU,catalog-stable,normalizer-stable
UUU,UUU,catalog-stable,normalizer-loss
UUU,UUU,rule-removal,normalizer-stable
UUU,UUU,rule-removal,normalizer-loss
UUU,UUU,rule-addition,normalizer-stable
UUU,UUU,rule-addition,normalizer-loss
